# Real OSRS quest dialogue options, scraped from the Old School RuneScape Wiki transcripts.
#
# Source:  https://oldschool.runescape.wiki/  (Category:Quest transcript, namespace 120)
# Licence: CC BY-NC-SA 3.0 - attribution, non-commercial, share-alike.
#          RuneScape and Old School RuneScape are trademarks of Jagex Limited.
#
# Regenerate with the scripts described in docs/quest-dialogue-corpus.md
#
# Records (tab separated):
#   Q<TAB>quest<TAB>option          option that IS part of the quest
#   N<TAB>quest<TAB>option          option the wiki marks as NOT quest related - never auto-pick
#   M<TAB>quest<TAB>key<TAB>answer  a menu with exactly one quest option; key is the normalised,
#                                   sorted option set joined by '|'
#
# '/Historical' transcript pages are deliberately excluded - they describe superseded dialogue.
Q	A Kingdom Divided	Actually, I don't know.
Q	A Kingdom Divided	Actually, never mind.
Q	A Kingdom Divided	Alright. I'll be back soon.
Q	A Kingdom Divided	Alright. I'll see you soon.
N	A Kingdom Divided	Can you take me somewhere?
Q	A Kingdom Divided	Did you know there's a demon upstairs?
Q	A Kingdom Divided	Evil only triumphs when the good do nothing.
N	A Kingdom Divided	Goodbye.
Q	A Kingdom Divided	Had any councillors shop here recently?
Q	A Kingdom Divided	Had any councillors stay here recently?
N	A Kingdom Divided	Have you been drinking?
N	A Kingdom Divided	Have you heard any rumours here?
Q	A Kingdom Divided	How are things back at the castle?
Q	A Kingdom Divided	How are you doing?
N	A Kingdom Divided	How do I get out of here?
Q	A Kingdom Divided	I'd better be off.
Q	A Kingdom Divided	I'd better get going.
N	A Kingdom Divided	I don't want to talk about my pleasure.
Q	A Kingdom Divided	I have a question about Rose.
Q	A Kingdom Divided	I have a question about that door over there.
Q	A Kingdom Divided	I hear your father has an office here.
Q	A Kingdom Divided	I just need to do something first.
Q	A Kingdom Divided	I'll be back later.
Q	A Kingdom Divided	I'll get searching.
Q	A Kingdom Divided	I'll have a look around.
N	A Kingdom Divided	I'll leave you to it.
N	A Kingdom Divided	I'm alright, thank you.
Q	A Kingdom Divided	I'm looking for a councillor.
Q	A Kingdom Divided	I'm looking for Sophia Hughes.
Q	A Kingdom Divided	I need some help with Lady Lovakengj.
Q	A Kingdom Divided	I need to do something first.
Q	A Kingdom Divided	I think I know where Councillor Hughes has gone.
Q	A Kingdom Divided	I've found something that might be useful.
Q	A Kingdom Divided	I wanted to ask you something about the leaders.
Q	A Kingdom Divided	If tomorrow never comes, what is today?
Q	A Kingdom Divided	If you say so.
Q	A Kingdom Divided	Let's do this.
Q	A Kingdom Divided	Let's get going.
N	A Kingdom Divided	Let's see what you've got.
N	A Kingdom Divided	Nevermind, bye.
Q	A Kingdom Divided	No.
N	A Kingdom Divided	No, I'm fine.
Q	A Kingdom Divided	Not yet. I'll come back once I have them.
Q	A Kingdom Divided	Nothing.
N	A Kingdom Divided	Okay, let's trade.
Q	A Kingdom Divided	So, about that door over there...
Q	A Kingdom Divided	So about the Councillor.
Q	A Kingdom Divided	So, about the key to that door...
Q	A Kingdom Divided	So you already have some leads?
Q	A Kingdom Divided	Sulphur in a defence potion. Got it. I'll be back soon.
Q	A Kingdom Divided	Tell me about Kourend's Royal Society.
Q	A Kingdom Divided	The Chasm of Fire.
Q	A Kingdom Divided	The Deeper Lode.
Q	A Kingdom Divided	The evening owl doesn't eat much pudding.
Q	A Kingdom Divided	The Farming Guild.
Q	A Kingdom Divided	The Little Shop of Horace.
N	A Kingdom Divided	Uh, I believe I'm still using it.
N	A Kingdom Divided	Well, good luck.
N	A Kingdom Divided	What are these farming patches for?
N	A Kingdom Divided	What do you do here?
Q	A Kingdom Divided	What do you know about Rose?
Q	A Kingdom Divided	What do you know of this mage?
Q	A Kingdom Divided	What do you think of Lady Lovakengj?
Q	A Kingdom Divided	What do you think of Lady Piscarilius?
Q	A Kingdom Divided	What do you think of Lord Arceuus?
Q	A Kingdom Divided	What do you think of Lord Hosidius?
Q	A Kingdom Divided	What do you think of Lord Shayzien?
Q	A Kingdom Divided	What happened with Rose?
Q	A Kingdom Divided	What happens when we find Rose?
N	A Kingdom Divided	What is this place?
Q	A Kingdom Divided	What should I be doing?
Q	A Kingdom Divided	What was the date when Councillor Hughes escaped?
Q	A Kingdom Divided	Where can I get a dark essence block?
Q	A Kingdom Divided	Where can I get volcanic sulphur?
N	A Kingdom Divided	Who are you?
N	A Kingdom Divided	Why are you down here?
Q	A Kingdom Divided	Yes.
N	A Kingdom Divided	You can speak!?
N	A Night at the Theatre	Can I get those teleport crystals you mentioned?
Q	A Night at the Theatre	Can we use this bark to find more memories?
Q	A Night at the Theatre	Did you manage to get any useful memories from Verzik?
Q	A Night at the Theatre	Do you have any more memories for us to look at?
Q	A Night at the Theatre	Got any sulphuric acid?
Q	A Night at the Theatre	Happy to help... I guess.
Q	A Night at the Theatre	I found a hespori.
Q	A Night at the Theatre	I found some of those eggs.
Q	A Night at the Theatre	I'll think about it.
Q	A Night at the Theatre	I managed to recover Ranis' head.
Q	A Night at the Theatre	No.
Q	A Night at the Theatre	Not yet.
N	A Night at the Theatre	Nothing, thanks.
Q	A Night at the Theatre	Okay, thanks.
Q	A Night at the Theatre	Ready to enter the Theatre?
N	A Night at the Theatre	See you later.
Q	A Night at the Theatre	So about that memory...
Q	A Night at the Theatre	So we have the eggs. Now what?
Q	A Night at the Theatre	So what are we doing with Ranis' head?
Q	A Night at the Theatre	Speaking of your associates, what's all this really about?
Q	A Night at the Theatre	That memory didn't tell us too much.
Q	A Night at the Theatre	That memory seemed more useful.
Q	A Night at the Theatre	This Verzik business kind of feels like it's been a waste of time.
Q	A Night at the Theatre	Verzik... She died!
Q	A Night at the Theatre	What am I meant to be doing again?
Q	A Night at the Theatre	What's all this really about?
Q	A Night at the Theatre	What's this thing you need from me?
Q	A Night at the Theatre	Where can I find a hespori?
Q	A Night at the Theatre	Where can I find Ranis?
Q	A Night at the Theatre	Where can I find that nest?
N	A Night at the Theatre	Who are you?
N	A Night at the Theatre	Why are you here?
Q	A Night at the Theatre	Yes.
Q	A Porcine of Interest	Any tips on finding this thing?
Q	A Porcine of Interest	Can I have another pair of Reinforced Goggles?
Q	A Porcine of Interest	How did I end up back in Draynor Village?
Q	A Porcine of Interest	I think that'll be all for now.
Q	A Porcine of Interest	No
N	A Porcine of Interest	Talk about something else.
Q	A Porcine of Interest	Talk about the bounty.
Q	A Porcine of Interest	That'll be all for now.
Q	A Porcine of Interest	What can you tell me about the Sourhog?
Q	A Porcine of Interest	What did the monster look like?
Q	A Porcine of Interest	Whereabouts were you attacked again?
Q	A Porcine of Interest	Why are you helping me?
Q	A Porcine of Interest	Yes
Q	A Porcine of Interest	You mentioned Rosie. Who's that?
Q	A Porcine of Interest	You said you were a slayer master. What's that?
Q	A Soul's Bane	Dialogue 1
Q	A Soul's Bane	Dialogue 10
Q	A Soul's Bane	Dialogue 11
Q	A Soul's Bane	Dialogue 12
Q	A Soul's Bane	Dialogue 13
Q	A Soul's Bane	Dialogue 2
Q	A Soul's Bane	Dialogue 3
Q	A Soul's Bane	Dialogue 4
Q	A Soul's Bane	Dialogue 5
Q	A Soul's Bane	Dialogue 6
Q	A Soul's Bane	Dialogue 7
Q	A Soul's Bane	Dialogue 8
Q	A Soul's Bane	Dialogue 9
Q	A Soul's Bane	No
Q	A Soul's Bane	No, I'll finish this room first.
Q	A Soul's Bane	Nothing
Q	A Soul's Bane	The Battleaxe
Q	A Soul's Bane	The Mace
Q	A Soul's Bane	The Spear
Q	A Soul's Bane	The Sword
Q	A Soul's Bane	Yes
Q	A Soul's Bane	Yes, I don't mind starting this room again.
Q	A Tail of Two Cats	Ask about Bob's parents.
N	A Tail of Two Cats	Ask about something else.
Q	A Tail of Two Cats	Ask about the chores Bob set you to do.
Q	A Tail of Two Cats	Ask the Sphinx for help for Bob.
N	A Tail of Two Cats	Can you make potions for me?
N	A Tail of Two Cats	Do you have anything to trade?
N	A Tail of Two Cats	I'd better get going.
Q	A Tail of Two Cats	I have a cat related question.
Q	A Tail of Two Cats	No.
Q	A Tail of Two Cats	No thanks, I'll stay in Sophanem.
Q	A Tail of Two Cats	Skip cutscene and view summary.
Q	A Tail of Two Cats	So, about Robert the Strong...
Q	A Tail of Two Cats	Talk about A Tail of Two Cats.
N	A Tail of Two Cats	Talk about something else.
Q	A Tail of Two Cats	View the cutscene (5 mins 20 secs).
Q	A Tail of Two Cats	What do I have to do for 'Feed Human'?
Q	A Tail of Two Cats	What do I have to do for 'Tend Garden'?
Q	A Tail of Two Cats	What do I have to do for 'Tidy House'?
Q	A Tail of Two Cats	What do I have to do for 'Tidy Human'?
Q	A Tail of Two Cats	What do I have to do for 'Warm Human'?
Q	A Tail of Two Cats	Yes.
Q	A Tail of Two Cats	Yes, teleport me to Unferth's house.
Q	A Taste of Hope	Anything to report?
Q	A Taste of Hope	Do you have another Drakan's medallion?
Q	A Taste of Hope	Fine, here's the money.
Q	A Taste of Hope	Good bye
Q	A Taste of Hope	Goodbye.
Q	A Taste of Hope	Here you go.
Q	A Taste of Hope	How are things around here?
Q	A Taste of Hope	I didn't know the vampyres had their own language.
Q	A Taste of Hope	I do.
Q	A Taste of Hope	I'll look after them.
Q	A Taste of Hope	I'm not paying.
Q	A Taste of Hope	I'm ready.
Q	A Taste of Hope	I need an enchanted silver sickle.
Q	A Taste of Hope	I need another flail
Q	A Taste of Hope	I need some chain.
Q	A Taste of Hope	I need the Rod of Ivandis.
Q	A Taste of Hope	No.
Q	A Taste of Hope	No thank you.
Q	A Taste of Hope	Not yet.
Q	A Taste of Hope	Remind me.
Q	A Taste of Hope	See you later.
Q	A Taste of Hope	What is haemalchemy?
Q	A Taste of Hope	Why?
Q	A Taste of Hope	Yes.
N	Animal Magnetism	About Turael...
N	Animal Magnetism	Can you give me any Farming advice?
Q	Animal Magnetism	Could I buy 1 chicken now?
Q	Animal Magnetism	Could I buy 2 chickens?
Q	Animal Magnetism	Could I buy those chickens now, then?
N	Animal Magnetism	Er... Nothing...
N	Animal Magnetism	Have you any rewards for me, or anything to trade?
Q	Animal Magnetism	Hello, I'm here about those trees again.
Q	Animal Magnetism	I'd love one, thanks.
Q	Animal Magnetism	I don't think I'm ready to hand it over yet.
Q	Animal Magnetism	I'm here about a quest.
Q	Animal Magnetism	I'm not much into interior design, to tell the truth.
Q	Animal Magnetism	I'm okay, thank you.
N	Animal Magnetism	I need another assignment.
Q	Animal Magnetism	I prefer to keep this fine weapon with which to smite mine enemies.
Q	Animal Magnetism	I would be happy to make your home a better place.
N	Animal Magnetism	Let's talk about the difficulty of my assignments.
Q	Animal Magnetism	More options...
Q	Animal Magnetism	No, thank you, I just came to gossip with you.
Q	Animal Magnetism	Not right now.
Q	Animal Magnetism	Okay, you need it more than I do, I suppose.
Q	Animal Magnetism	Previous options...
N	Animal Magnetism	What are you selling?
Q	Animal Magnetism	What's a nice girl like you doing in a place like this?
Q	Animal Magnetism	Where can I get these ecto-tokens?
Q	Animal Magnetism	Yes, please.
Q	Animal Magnetism	You can take it; it smells anyway.
Q	Animal Magnetism	Your animals don't look too healthy.
Q	Animal Magnetism	Your animals don't look too healthy; I'll buy elsewhere.
Q	Another Slice of H.A.M.	Both of you follow me
Q	Another Slice of H.A.M.	Both of you wait here
Q	Another Slice of H.A.M.	Dialogue 1
Q	Another Slice of H.A.M.	Dialogue 2
Q	Another Slice of H.A.M.	Dialogue 3
Q	Another Slice of H.A.M.	Dialogue 4
Q	Another Slice of H.A.M.	Dialogue 5
Q	Another Slice of H.A.M.	Fair enough. Here you go.
Q	Another Slice of H.A.M.	Follow me
Q	Another Slice of H.A.M.	How can I rescue Zanik?
Q	Another Slice of H.A.M.	I need to do something else for a bit
N	Another Slice of H.A.M.	I've heard that one of your number has got hold of part of a map.
Q	Another Slice of H.A.M.	No
Q	Another Slice of H.A.M.	No way
Q	Another Slice of H.A.M.	Okay
Q	Another Slice of H.A.M.	One of you wait here
N	Another Slice of H.A.M.	So how is life for the goblins?
Q	Another Slice of H.A.M.	Wait here
Q	Another Slice of H.A.M.	What are you arguing about?
Q	Another Slice of H.A.M.	What can I do in the city?
Q	Another Slice of H.A.M.	Where is the mace?
Q	Another Slice of H.A.M.	Why did you decide to open the city?
Q	Another Slice of H.A.M.	Yes
Q	At First Light	Are you free to talk about my quest?
Q	At First Light	Can I help you with anything?
Q	At First Light	I'd better be off.
Q	At First Light	I think I've got them both.
Q	At First Light	No.
Q	At First Light	What do you do here?
Q	At First Light	Where can I find them?
Q	At First Light	Yes.
N	Below Ice Mountain	A glass of your finest ale please.
N	Below Ice Mountain	Can you give me any free food?
N	Below Ice Mountain	Can you recommend where an adventurer might make his fortune?
N	Below Ice Mountain	Can you sell me any food?
N	Below Ice Mountain	Do you know where I can get some good equipment?
N	Below Ice Mountain	Go get a job!
Q	Below Ice Mountain	Hey, Marley sent me in here for a Steak sandwich.
N	Below Ice Mountain	I don't want anything from this horrible kitchen.
Q	Below Ice Mountain	I forgot the recipe to make a Steak sandwich.
Q	Below Ice Mountain	I'm looking for a man named Marley. Have you seen him?
Q	Below Ice Mountain	I've managed to make myself a Steak sandwich.
Q	Below Ice Mountain	I was wondering if you'd be able to make me a Steak sandwich?
N	Below Ice Mountain	Is there anything down this alleyway?
Q	Below Ice Mountain	No.
Q	Below Ice Mountain	Nothing, thanks.
N	Below Ice Mountain	Ok. Here you go.
Q	Below Ice Mountain	Paper.
Q	Below Ice Mountain	Rock.
Q	Below Ice Mountain	Scissors.
N	Below Ice Mountain	Sorry, I haven't got any.
Q	Below Ice Mountain	Where can I find Burntof?
Q	Below Ice Mountain	Where can I find Checkal?
Q	Below Ice Mountain	Where can I find Marley?
Q	Below Ice Mountain	Where can I find the entrance to the ruins?
N	Below Ice Mountain	Who are you?
Q	Below Ice Mountain	Yes.
Q	Beneath Cursed Sands	About that special item...
Q	Beneath Cursed Sands	Do nothing.
Q	Beneath Cursed Sands	Do you have that first batch of cure for me?
N	Beneath Cursed Sands	How are things going here?
N	Beneath Cursed Sands	How is business?
N	Beneath Cursed Sands	How's business?
Q	Beneath Cursed Sands	I'd better get going.
Q	Beneath Cursed Sands	I lost that crate you gave me.
N	Beneath Cursed Sands	I'm good, thanks.
Q	Beneath Cursed Sands	I need to do something first.
N	Beneath Cursed Sands	I should get going.
Q	Beneath Cursed Sands	Let's go.
N	Beneath Cursed Sands	More options...
Q	Beneath Cursed Sands	No.
N	Beneath Cursed Sands	Please clean all my herbs.
N	Beneath Cursed Sands	Please decant my potions.
Q	Beneath Cursed Sands	Put the baboon emblem in the urn.
Q	Beneath Cursed Sands	Put the crocodile emblem in the urn.
Q	Beneath Cursed Sands	Put the human emblem in the urn.
Q	Beneath Cursed Sands	Put the scarab emblem in the urn.
Q	Beneath Cursed Sands	Remove it.
N	Beneath Cursed Sands	Show me what you have.
Q	Beneath Cursed Sands	Swap it for the baboon emblem.
Q	Beneath Cursed Sands	Swap it for the crocodile emblem.
Q	Beneath Cursed Sands	Swap it for the human emblem.
Q	Beneath Cursed Sands	Swap it for the scarab emblem.
Q	Beneath Cursed Sands	Tell me more about the war you mentioned.
Q	Beneath Cursed Sands	Tell me more about yourself.
Q	Beneath Cursed Sands	What do I need to do to this equipment?
Q	Beneath Cursed Sands	What do you know about Amascut?
Q	Beneath Cursed Sands	What's this special item?
Q	Beneath Cursed Sands	Where can I get a Lily of the Elid?
Q	Beneath Cursed Sands	Where do I need to take this crate?
Q	Beneath Cursed Sands	Yes.
Q	Between a Rock...	Any idea on what's inside?
Q	Between a Rock...	Are you selling those boots of yours?
Q	Between a Rock...	Bit noisy here, isn't it?
Q	Between a Rock...	Can you shoot me into the rock again?
N	Between a Rock...	Can you tell me more about the library?
Q	Between a Rock...	Dialogue 1
Q	Between a Rock...	Dialogue 2
Q	Between a Rock...	Dialogue 3
Q	Between a Rock...	Dialogue 4
Q	Between a Rock...	Err... maybe another time.
Q	Between a Rock...	Find someone else for your bizarre experiment!
Q	Between a Rock...	Goodbye!
Q	Between a Rock...	I can't argue with that, shoot me in!
Q	Between a Rock...	I'd better look for them as well then?
Q	Between a Rock...	I'll be back later.
Q	Between a Rock...	I'm tired of these stories.
Q	Between a Rock...	Maybe we need to set up another cannon?
Q	Between a Rock...	My head's spinning, I have to go for a bit.
Q	Between a Rock...	Never mind, I don't want them anymore.
Q	Between a Rock...	No.
Q	Between a Rock...	No, I'd rather sell it for a huge profit.
Q	Between a Rock...	No, I've had enough of buying drinks for people!
Q	Between a Rock...	Of course.
Q	Between a Rock...	Of course. (lie)
Q	Between a Rock...	Oh, alright, what do you want to drink?
Q	Between a Rock...	Oh please...
Q	Between a Rock...	Ready as I'll ever be.
Q	Between a Rock...	So you want to... fire me into the rock?
Q	Between a Rock...	That's great, but I have to go.
Q	Between a Rock...	What did you need me to do?
Q	Between a Rock...	What do you know about impenetrable rocks?
Q	Between a Rock...	What else did you try?
Q	Between a Rock...	What have you tried so far?
Q	Between a Rock...	Who are you?
Q	Between a Rock...	Why are you firing a cannon at a wall?
Q	Between a Rock...	Yes.
Q	Between a Rock...	Yes, I'm sure this will crack open the rock.
Q	Between a Rock...	You are rather a forgetful person, aren't you?
Q	Between a Rock...	You may fire when ready!
Q	Big Chompy Bird Hunting	Come on, let me have a go...
Q	Big Chompy Bird Hunting	Dialogue 1
Q	Big Chompy Bird Hunting	Dialogue 2
Q	Big Chompy Bird Hunting	Er, sorry, I can't give you that many...
Q	Big Chompy Bird Hunting	How do I make the 'stabbers' again?
Q	Big Chompy Bird Hunting	How do we make the chompys come?
Q	Big Chompy Bird Hunting	I'm actually quite strong... please let me try.
Q	Big Chompy Bird Hunting	No.
Q	Big Chompy Bird Hunting	No thanks...
Q	Big Chompy Bird Hunting	Oh, keep trying then... you might hit one through pure luck.
Q	Big Chompy Bird Hunting	Oh suit yourself, you'll just have to go hungry.
Q	Big Chompy Bird Hunting	Ok, I'll give you 10 bright pretties.
Q	Big Chompy Bird Hunting	Ok, I'll give you 50 bright pretties.
Q	Big Chompy Bird Hunting	Ok, I'll make the 'stabbers' for you.
Q	Big Chompy Bird Hunting	Ok, thanks.
Q	Big Chompy Bird Hunting	What are 'fatsy toadies'?
Q	Big Chompy Bird Hunting	What do you mean 'sneaky..sneaky, stick da chompy?'
Q	Big Chompy Bird Hunting	Where do we put the fatsy toadies?
Q	Big Chompy Bird Hunting	Yes.
Q	Big Chompy Bird Hunting	Yes, I'll buy the bow.
N	Biohazard	Can you make clothing suitable for hunting?
Q	Biohazard	Do you have a spare Priest Gown?
Q	Biohazard	Do you know where to find the Mourner Headquarters?
Q	Biohazard	I am. What's our plan?
Q	Biohazard	I don't think so.
Q	Biohazard	I just find it hard to say goodbye sometimes.
Q	Biohazard	I'll be back soon.
Q	Biohazard	I'm afraid I've lost some of the stuff that you gave me...
Q	Biohazard	I'm getting a bad feeling about this.
Q	Biohazard	I'm just passing through.
N	Biohazard	I think I might just leave the perusing for now, thanks.
Q	Biohazard	I've come to ask your assistance in stopping a plague.
Q	Biohazard	I've forgotten what I need to do.
Q	Biohazard	I was just going to bless your room and I've done that now.
N	Biohazard	Impling jars.
Q	Biohazard	Just give me the stuff now please.
Q	Biohazard	Just hold your breath and count to ten.
N	Biohazard	Lamps.
Q	Biohazard	No.
Q	Biohazard	No! Nothing could be further from the truth!
Q	Biohazard	Not yet Kilron.
Q	Biohazard	Nothing.
Q	Biohazard	Okay, let's do it.
N	Biohazard	Okay, let's see what you've got then.
Q	Biohazard	Okay, lets do it.
Q	Biohazard	The best I can do is pray for you.
Q	Biohazard	There's nothing I can do, it's fatal.
N	Biohazard	What sort of unusual materials did you have in mind?
Q	Biohazard	Why don't I get started right away?
Q	Biohazard	Yes.
Q	Biohazard	Yes I do.
Q	Biohazard	You give him the vial of ethenea...
Q	Biohazard	You give him the vial of liquid honey...
Q	Biohazard	You give him the vial of sulphuric broline...
Q	Biohazard	You have no idea what you have just done!
Q	Biohazard	Your quest.
Q	Black Knights' Fortress	I don't care. I'm going in anyway.
Q	Black Knights' Fortress	I don't, I'm just looking around.
Q	Black Knights' Fortress	I go and cower in a corner at the first sign of danger!
Q	Black Knights' Fortress	I laugh in the face of danger!
Q	Black Knights' Fortress	I seek a quest!
Q	Black Knights' Fortress	No.
Q	Black Knights' Fortress	No, I'm not ready to do that.
Q	Black Knights' Fortress	Oh. I suppose I'll give it a go then.
Q	Black Knights' Fortress	Oh pleeeaaase let me in!
Q	Black Knights' Fortress	Oh, sorry.
Q	Black Knights' Fortress	Okay, I won't.
Q	Black Knights' Fortress	So what is this uniform?
Q	Black Knights' Fortress	So who does it belong to?
Q	Black Knights' Fortress	Yes.
Q	Black Knights' Fortress	Yes, but I work here!
N	Bone Voyage	Are you going to sit there all day?
N	Bone Voyage	Can I buy some housing supplies?
Q	Bone Voyage	Can I go onto the barge?
N	Bone Voyage	Can you help me get to Crandor Island?
N	Bone Voyage	Can you make potions for me?
Q	Bone Voyage	Cancel.
N	Bone Voyage	Do you know where I could find any treasure?
N	Bone Voyage	Do you want to trade?
Q	Bone Voyage	Ever made any cursed voyages?
Q	Bone Voyage	Have you any interesting news?
N	Bone Voyage	Have you got any decent gossip to share?
N	Bone Voyage	Have you got any good potions to give away?
N	Bone Voyage	Have you got any quests I could do?
N	Bone Voyage	How do I get a medallion?
Q	Bone Voyage	I'm a collector.
Q	Bone Voyage	I'm aware, no need to tell me about them.
Q	Bone Voyage	I'm here on behalf of the museum archaeological team.
N	Bone Voyage	I'm looking for Redbeard Frank.
Q	Bone Voyage	I'm making a cursed voyage.
Q	Bone Voyage	I'm ready, let's go.
Q	Bone Voyage	I'm working with the museum.
Q	Bone Voyage	I need to do something first.
Q	Bone Voyage	Maybe later.
Q	Bone Voyage	No.
Q	Bone Voyage	No thanks.
Q	Bone Voyage	No, what happened?
N	Bone Voyage	Nothing, thanks
N	Bone Voyage	Planks please!
Q	Bone Voyage	Talk about Bone Voyage.
Q	Bone Voyage	Talk about Fossil Island.
Q	Bone Voyage	Talk about lucky charms.
Q	Bone Voyage	Talk about something else.
N	Bone Voyage	What are you doing here?
N	Bone Voyage	What kind of planks can you make?
N	Bone Voyage	Why are you called Longbow Ben?
Q	Bone Voyage	Yep, that would be me.
Q	Bone Voyage	Yes.
Q	Cabin Fever	Can I just go grab something?
Q	Cabin Fever	How can I blow up their cannon?
Q	Cabin Fever	How do I make a rope swing?
Q	Cabin Fever	I'll try...
Q	Cabin Fever	Let's go Cap'n!
Q	Cabin Fever	No, I need to go back now.
Q	Cabin Fever	No, if it's so dangerous your crew left, count me out.
Q	Cabin Fever	No thanks, it sounds quite dangerous.
Q	Cabin Fever	Yes, I am a man of my word.
Q	Cabin Fever	Yes, I've always wanted to be a pirate!
Q	Children of the Sun	How come you know so much about Varlamore?
Q	Children of the Sun	No.
Q	Children of the Sun	Sorry, but I need to head off.
Q	Children of the Sun	What can you tell me about Varlamore?
Q	Children of the Sun	When will this delegation arrive?
Q	Children of the Sun	Yes.
Q	Client of Kourend	Can I ask you about Arceuus?
Q	Client of Kourend	Can I ask you about Hosidius?
Q	Client of Kourend	Can I ask you about Lovakengj?
Q	Client of Kourend	Can I ask you about Port Piscarilius?
Q	Client of Kourend	Can I ask you about Shayzien?
N	Client of Kourend	Can you take me somewhere?
N	Client of Kourend	Could you give me some advice on Kourend?
N	Client of Kourend	Could you tell me more about Kourend?
Q	Client of Kourend	Goodbye.
Q	Client of Kourend	Have you got any quests for me?
N	Client of Kourend	I don't need anything.
N	Client of Kourend	I don't need anything right now.
Q	Client of Kourend	I've lost something you've given me.
N	Client of Kourend	Let's see what you've got.
Q	Client of Kourend	Let's talk about your client...
N	Client of Kourend	Let's trade.
Q	Client of Kourend	No.
N	Client of Kourend	No, I'm fine.
N	Client of Kourend	Okay, let's trade
Q	Client of Kourend	So what exactly is it the people Arceuus bring to Great Kourend?
Q	Client of Kourend	So what exactly is it your client now wants me to do?
Q	Client of Kourend	What am I meant to be doing, again?
Q	Client of Kourend	What is it that Hosidius provides for Great Kourend?
Q	Client of Kourend	What is it that Lovakengj provides for Great Kourend?
Q	Client of Kourend	What is it that Port Piscarilius provides for Kourend?
Q	Client of Kourend	What is it that Shayzien provides for Great Kourend?
Q	Client of Kourend	What is there to do in Arceuus?
Q	Client of Kourend	What is there to do in Hosidius?
Q	Client of Kourend	What is there to do in Lovakenj?
Q	Client of Kourend	What is there to do in Port Piscarilius?
Q	Client of Kourend	What is there to do in Shayzien?
N	Client of Kourend	Where am I exactly?
N	Client of Kourend	Who are you?
Q	Client of Kourend	Yes.
Q	Clock Tower	No.
Q	Clock Tower	Yes.
Q	Cold War	Bully Fred
Q	Cold War	Hmm, no I'll hang on to it.
Q	Cold War	I don't think it was the penguins.
Q	Cold War	I don't think so.
Q	Cold War	I have no idea where that is.
Q	Cold War	I'm a bit confused. Can you explain how to make the suit?
N	Cold War	I'm looking for something to kill.
N	Cold War	I'm lost.
Q	Cold War	I must have left the outpost before they gave out the phrase.
Q	Cold War	I need that phrase!
Q	Cold War	I need to talk to you about penguins.
Q	Cold War	I've lost the clockwork book, could I have another?
Q	Cold War	Is it Rumpelstiltskin?
Q	Cold War	It did seem rather suspicious.
Q	Cold War	It looks like a warning message to keep us away.
Q	Cold War	Never mind.
Q	Cold War	No.
Q	Cold War	No, I'm not done yet.
Q	Cold War	Oh, I know where to go.
Q	Cold War	Okay, why not!
Q	Cold War	Sure!
Q	Cold War	Tell me about this black market.
Q	Cold War	That's crazy!
Q	Cold War	The farmer is definitely an enemy.
Q	Cold War	The Farmer is harmless.
Q	Cold War	The penguins in Lumbridge refuse to talk to me.
Q	Cold War	Uh, I forgot what the phrase was.
Q	Cold War	Warn Fred
Q	Cold War	What did I need to get you?
Q	Cold War	What did you need?
Q	Cold War	What do I need to get?
Q	Cold War	Where is the outpost?
Q	Cold War	Where should I meet you when I have everything?
Q	Cold War	Yeah, I got it.
Q	Cold War	Yes.
Q	Cold War	Yes, I have all the materials.
Q	Cold War	Yes, I have it.
N	Contact!	Could you tell me more about the lesser gods?
Q	Contact!	Do you have a tinderbox?
Q	Contact!	Do you have a torch?
Q	Contact!	Draynor Village.
Q	Contact!	Fine. I give up.
Q	Contact!	Goblin Village.
Q	Contact!	Hassan.
Q	Contact!	How come you're not spotty?
Q	Contact!	I'd better get down there.
Q	Contact!	I'd better get going.
Q	Contact!	I'd better go.
N	Contact!	I'd like to talk about sq'irks
Q	Contact!	I don't know.
Q	Contact!	I'll have a think about it.
Q	Contact!	I'll have to think some more.
Q	Contact!	I'll take it.
Q	Contact!	I need to go.
Q	Contact!	I want to talk to you about Sophanem.
Q	Contact!	Is there any way across the river?
Q	Contact!	Is there any way into Menaphos from below?
N	Contact!	Is there anything I can help you with?
Q	Contact!	It could drive a wedge between the Menaphite cities.
Q	Contact!	It must be boring here.
Q	Contact!	It would give you the chance to spy first hand.
Q	Contact!	Leela.
Q	Contact!	Louie Legs.
Q	Contact!	No.
Q	Contact!	Perhaps I could fight my way in?
Q	Contact!	Pollnivneach.
Q	Contact!	Port Sarim.
Q	Contact!	Ranael.
Q	Contact!	Sorry, that's too expensive.
Q	Contact!	There might be treasures underneath Sophanem.
Q	Contact!	What are you doing down here?
Q	Contact!	What if I disguised myself as a citizen or a guard?
Q	Contact!	Who are you? Osman can't possibly be here!
Q	Contact!	Yes.
Q	Contact!	You can't. I'd better go.
Q	Cook's Assistant	Actually, I know where to find this stuff.
Q	Cook's Assistant	And eggs? Where are they found?
Q	Cook's Assistant	Can you remind me how to find these things again?
Q	Cook's Assistant	How about milk?
Q	Cook's Assistant	I'd take the rest of the day off if I were you.
Q	Cook's Assistant	I'll get right on it.
Q	Cook's Assistant	I've got all the information I need. Thanks.
Q	Cook's Assistant	Nice hat!
Q	Cook's Assistant	No.
Q	Cook's Assistant	What's wrong?
Q	Cook's Assistant	Where do I find some flour?
Q	Cook's Assistant	Yes.
Q	Cook's Assistant	You don't look very happy.
Q	Cook's Assistant	You're a cook, why don't you bake me a cake?
N	Creature of Fenkenstrain	1001 Ways To Eat Fried Gizzards
Q	Creature of Fenkenstrain	Awe-inspiring.
Q	Creature of Fenkenstrain	Braindead.
Q	Creature of Fenkenstrain	Breathtaking.
N	Creature of Fenkenstrain	Chimney Sweeping on a Budget
Q	Creature of Fenkenstrain	Combat.
Q	Creature of Fenkenstrain	Cooking.
Q	Creature of Fenkenstrain	Do you know where a conductor mould is?
Q	Creature of Fenkenstrain	Do you know where I could find body parts?
Q	Creature of Fenkenstrain	Do you know where the key to the shed is?
Q	Creature of Fenkenstrain	Grave-digging.
Q	Creature of Fenkenstrain	Handy Maggot Avoidance Techniques
N	Creature of Fenkenstrain	Human Taxidermy for Nincompoops
Q	Creature of Fenkenstrain	I have some body parts for you.
Q	Creature of Fenkenstrain	I'll buy one.
Q	Creature of Fenkenstrain	I'm not hungry.
Q	Creature of Fenkenstrain	I must get back to work, sir.
Q	Creature of Fenkenstrain	Magic.
N	Creature of Fenkenstrain	My Family and Other Zombies
Q	Creature of Fenkenstrain	No.
N	Creature of Fenkenstrain	Practical Gardening For The Headless
Q	Creature of Fenkenstrain	Remind me what you want me to do.
Q	Creature of Fenkenstrain	Stunning.
Q	Creature of Fenkenstrain	Tell me about Fenkenstrain.
Q	Creature of Fenkenstrain	The Joy of Gravedigging
Q	Creature of Fenkenstrain	What happened to your head?
Q	Creature of Fenkenstrain	What's your name?
Q	Creature of Fenkenstrain	Why are you trying to make this creature?
Q	Creature of Fenkenstrain	Will this creature put me out of a job?
Q	Creature of Fenkenstrain	Yes.
Q	Current Affairs	0
Q	Current Affairs	1
Q	Current Affairs	2+
Q	Current Affairs	A year or more.
Q	Current Affairs	About that duck...
Q	Current Affairs	About the mayor...
Q	Current Affairs	Both.
Q	Current Affairs	Cargo spillage.
Q	Current Affairs	Edgeville.
Q	Current Affairs	Falador.
Q	Current Affairs	I'd best be off.
Q	Current Affairs	I'm here about the mayor.
Q	Current Affairs	I need to find the Mayor of Catherby.
Q	Current Affairs	I've charted the currents!
Q	Current Affairs	Less than a month.
Q	Current Affairs	Less than a year.
N	Current Affairs	Let's see what you've got.
Q	Current Affairs	No.
Q	Current Affairs	Not yet.
Q	Current Affairs	Partial.
Q	Current Affairs	Piracy.
Q	Current Affairs	Pleasure.
N	Current Affairs	Sorry, but I'm not interested.
Q	Current Affairs	The by-law has been changed!
Q	Current Affairs	Theft.
Q	Current Affairs	Trade.
Q	Current Affairs	Varrock.
Q	Current Affairs	What do you have for sale?
Q	Current Affairs	What's with the duck?
Q	Current Affairs	Where abouts do you make deliveries to?
Q	Current Affairs	Where can I find the Council Office?
Q	Current Affairs	Yes.
Q	Current Affairs	Yes, I have it here.
Q	Darkness of Hallowvale	Any tips you can give to help out a bit?
Q	Darkness of Hallowvale	Can you explain a little about the Guthixian edicts?
Q	Darkness of Hallowvale	Can you help me?
Q	Darkness of Hallowvale	Can you introduce me to Old Man Ral?
Q	Darkness of Hallowvale	Can you tell me about the Sanguinesti region?
Q	Darkness of Hallowvale	Can you tell me more about the Sanguinesti Myreque?
Q	Darkness of Hallowvale	Can you tell me more about the Sanguinesti region?
Q	Darkness of Hallowvale	Can you tell me why you're here?
Q	Darkness of Hallowvale	Dialogue 1
Q	Darkness of Hallowvale	Dialogue 2
Q	Darkness of Hallowvale	Dialogue 3
Q	Darkness of Hallowvale	Dialogue 4
Q	Darkness of Hallowvale	Dialogue 5
Q	Darkness of Hallowvale	Dialogue 6
Q	Darkness of Hallowvale	Did you hear the noises as well?
Q	Darkness of Hallowvale	Do you know about the Myreque?
Q	Darkness of Hallowvale	Do you know anything about the Myreque?
Q	Darkness of Hallowvale	Do you know of the Myreque?
Q	Darkness of Hallowvale	Does your offer of a teleport still stand?
Q	Darkness of Hallowvale	Give me your best shot, you evil bloodsucker!
Q	Darkness of Hallowvale	Has anyone seen or reported anything unusual?
Q	Darkness of Hallowvale	Hey, look over there! (Distract and sneak away).
Q	Darkness of Hallowvale	How can Old Man Ral help me?
Q	Darkness of Hallowvale	How do I get into the Sanguinesti region?
Q	Darkness of Hallowvale	How is Ivan? Is he okay?
Q	Darkness of Hallowvale	I'd like to ask a few questions if I may?
Q	Darkness of Hallowvale	I just want to help, what should I do?
Q	Darkness of Hallowvale	I'll make my own way.
Q	Darkness of Hallowvale	I'm a bit lost... Can you help?
Q	Darkness of Hallowvale	I'm lost... Can you help me?
Q	Darkness of Hallowvale	- Initial questions -
Q	Darkness of Hallowvale	Is there anything I can do to help?
Q	Darkness of Hallowvale	Is there something I can do to help out?
Q	Darkness of Hallowvale	- More questions -
Q	Darkness of Hallowvale	No.
Q	Darkness of Hallowvale	No thanks. I've other things to do here.
Q	Darkness of Hallowvale	Nothing, thanks.
Q	Darkness of Hallowvale	Ok, thanks.
Q	Darkness of Hallowvale	Okay, have a bite (Offer a blood tithe).
Q	Darkness of Hallowvale	Okay, lead the way.
Q	Darkness of Hallowvale	Okay, thanks
Q	Darkness of Hallowvale	Okay, will do.
Q	Darkness of Hallowvale	Old Man Ral, he's a very good pal.
Q	Darkness of Hallowvale	Old Man Ral, the Meiyerditch snitch.
Q	Darkness of Hallowvale	Old Man Ral, the nefarious rascal.
Q	Darkness of Hallowvale	Old Man Ral, the sage of Sanguinesti.
Q	Darkness of Hallowvale	Safalaan said I could get some more papyrus from you.
Q	Darkness of Hallowvale	So what do you do here?
Q	Darkness of Hallowvale	Someone said you could help me.
Q	Darkness of Hallowvale	Sorry to bother you.
N	Darkness of Hallowvale	Talk about something else.
Q	Darkness of Hallowvale	Talk to the king about Morytania.
Q	Darkness of Hallowvale	What can you tell me about the Myreque?
Q	Darkness of Hallowvale	What did you want me to do again?
Q	Darkness of Hallowvale	What do you do here?
Q	Darkness of Hallowvale	What do you know about Drakan?
Q	Darkness of Hallowvale	What do you know about the vampyres?
Q	Darkness of Hallowvale	What is a mercenary protocol?
Q	Darkness of Hallowvale	What is there to do around here?
Q	Darkness of Hallowvale	What should I do now?
Q	Darkness of Hallowvale	What will you do here in Burgh de Rott?
Q	Darkness of Hallowvale	When and where were these noises heard?
Q	Darkness of Hallowvale	When can you send aid to Morytania?
Q	Darkness of Hallowvale	(whisper) Do you know about the Myreque?
Q	Darkness of Hallowvale	(whisper) I really need to meet the Myreque.
Q	Darkness of Hallowvale	Why ask Misthalin for some help?
Q	Darkness of Hallowvale	Why can't you send troops to Morytania?
Q	Darkness of Hallowvale	Why re-establish contact with the Sanguinesti region?
Q	Darkness of Hallowvale	Yes.
Q	Darkness of Hallowvale	Yes thanks. I'll accept the free teleport.
Q	Death Plateau	Can I buy you a drink?
Q	Death Plateau	Can you remind me of the quest I am on?
Q	Death Plateau	Dialogue 1
Q	Death Plateau	Dialogue 2
Q	Death Plateau	Dialogue 3
Q	Death Plateau	Dialogue 4
Q	Death Plateau	Do you have any quests for me?
Q	Death Plateau	Do you know of another way up Death Plateau?
Q	Death Plateau	I'll find the secret way for myself.
Q	Death Plateau	I'm looking for the guard that was on last night.
Q	Death Plateau	I'm lost!
Q	Death Plateau	I thought the White Knights controlled Asgarnia?
Q	Death Plateau	No.
Q	Death Plateau	No, I'm just looking around.
Q	Death Plateau	Nothing, sorry!
Q	Death Plateau	Nothing, thanks.
Q	Death Plateau	OK, I'll get those for you.
Q	Death Plateau	That's all, thanks.
Q	Death Plateau	What is this castle?
Q	Death Plateau	What is this place?
Q	Death Plateau	Where is the prince?
Q	Death Plateau	Where were you when you last had the combination?
Q	Death Plateau	Would you like to gamble?
Q	Death Plateau	Yes.
Q	Death Plateau	You can't, thanks.
Q	Death on the Isle	Accuse Adala.
Q	Death on the Isle	Accuse Patzi.
Q	Death on the Isle	Adala.
Q	Death on the Isle	Clodius.
Q	Death on the Isle	Constantinius.
Q	Death on the Isle	Cozyac.
Q	Death on the Isle	Did you know there was a hidden passage in here?
Q	Death on the Isle	Do nothing.
Q	Death on the Isle	Don't proceed.
Q	Death on the Isle	I am.
Q	Death on the Isle	I don't know yet. I need to review the evidence.
Q	Death on the Isle	I'm going to get looking around.
Q	Death on the Isle	I'm not finished yet.
Q	Death on the Isle	I'm ready.
Q	Death on the Isle	I think I've found everything there is to find so far. What now?
Q	Death on the Isle	I want to review the evidence a bit more.
Q	Death on the Isle	It seems one of the costumes has a stain on it.
Q	Death on the Isle	Livius.
Q	Death on the Isle	Me.
Q	Death on the Isle	More options...
Q	Death on the Isle	Naiatli.
Q	Death on the Isle	No.
Q	Death on the Isle	None of them.
Q	Death on the Isle	Not quite.
Q	Death on the Isle	Patzi.
Q	Death on the Isle	Pavo.
Q	Death on the Isle	Previous options...
Q	Death on the Isle	Proceed regardless.
Q	Death on the Isle	Quintilia.
Q	Death on the Isle	The bird mask.
Q	Death on the Isle	The butler's tray.
Q	Death on the Isle	The Costumer.
Q	Death on the Isle	The dog.
Q	Death on the Isle	The jaguar mask.
Q	Death on the Isle	The ram mask.
Q	Death on the Isle	The snake mask.
Q	Death on the Isle	The wolf mask.
Q	Death on the Isle	What can you tell me about the actors?
Q	Death on the Isle	What's the crate of poison for?
Q	Death on the Isle	Xocotla.
Q	Death on the Isle	Yes.
Q	Death on the Isle	You two.
Q	Death to the Dorgeshuun	Actually I'm not interested!
N	Death to the Dorgeshuun	Any advice for an advanced fisher?
N	Death to the Dorgeshuun	Any advice for an advanced miner?
N	Death to the Dorgeshuun	Any advice for an advanced woodcutter?
N	Death to the Dorgeshuun	Are there any mining related quests?
Q	Death to the Dorgeshuun	Are you planning to do anything about the cave goblins?
Q	Death to the Dorgeshuun	Aren't you going to put on your disguise?
Q	Death to the Dorgeshuun	Aren't you scared of the surface?
Q	Death to the Dorgeshuun	Bye.
N	Death to the Dorgeshuun	Can I sell you some ore?
N	Death to the Dorgeshuun	Can I use your range?
Q	Death to the Dorgeshuun	Can't you please tell me?
N	Death to the Dorgeshuun	Can you repair my items for me?
N	Death to the Dorgeshuun	Can you show me the way out of the mines?
N	Death to the Dorgeshuun	Can you teach me the basics of fishing please?
N	Death to the Dorgeshuun	Can you teach me the basics of mining please?
N	Death to the Dorgeshuun	Can you tell me how long I've been here?
Q	Death to the Dorgeshuun	Dialogue 1
Q	Death to the Dorgeshuun	Dialogue 10; after introducing her to Father Aereck
Q	Death to the Dorgeshuun	Dialogue 11; if you took her underground
Q	Death to the Dorgeshuun	Dialogue 2
Q	Death to the Dorgeshuun	Dialogue 2; after talking to the Duke
Q	Death to the Dorgeshuun	Dialogue 3
Q	Death to the Dorgeshuun	Dialogue 4
Q	Death to the Dorgeshuun	Dialogue 4; after introducing her to a common man or woman
Q	Death to the Dorgeshuun	Dialogue 5
Q	Death to the Dorgeshuun	Dialogue 6
Q	Death to the Dorgeshuun	Dialogue 6; after taking her to a shop
Q	Death to the Dorgeshuun	Dialogue 7
Q	Death to the Dorgeshuun	Dialogue 8; after introducing her to a goblin
Q	Death to the Dorgeshuun	Dialogue 9
N	Death to the Dorgeshuun	Do you have any other quests for me?
Q	Death to the Dorgeshuun	Don't worry, I'll be back!
Q	Death to the Dorgeshuun	Follow me!
N	Death to the Dorgeshuun	Fred! Fred! I've seen The Thing!
N	Death to the Dorgeshuun	Give me a quest!
Q	Death to the Dorgeshuun	Good idea.
N	Death to the Dorgeshuun	Goodbye.
N	Death to the Dorgeshuun	Have you anything to sell?
Q	Death to the Dorgeshuun	Have you heard of any HAM activity lately?
Q	Death to the Dorgeshuun	Have you seen enough?
Q	Death to the Dorgeshuun	Have you seen enough of Lumbridge yet?
N	Death to the Dorgeshuun	How can I train my cooking?
N	Death to the Dorgeshuun	How can I train my crafting?
N	Death to the Dorgeshuun	How can I train my prayer?
N	Death to the Dorgeshuun	How can I train my Ranged?
Q	Death to the Dorgeshuun	How can we get down there?
Q	Death to the Dorgeshuun	How did you kill that guard in one hit?
N	Death to the Dorgeshuun	How do I create a bow and arrows?
N	Death to the Dorgeshuun	How do I make runes?
N	Death to the Dorgeshuun	How do I use the bank?
N	Death to the Dorgeshuun	I already know about the basics of fishing, got any tips?
N	Death to the Dorgeshuun	I already know about the basics of mining, got any tips?
N	Death to the Dorgeshuun	I am getting strong and mighty.
N	Death to the Dorgeshuun	I'd like a training sword and shield.
N	Death to the Dorgeshuun	I'd like to access my bank account please.
N	Death to the Dorgeshuun	I'd like to buy more bank slots.
N	Death to the Dorgeshuun	I'd like to check my PIN settings.
N	Death to the Dorgeshuun	I'd like to collect items.
Q	Death to the Dorgeshuun	I'd like to get into the city too.
N	Death to the Dorgeshuun	I don't know. I'm lost. Where am I?
Q	Death to the Dorgeshuun	I don't know, what are you thinking?
Q	Death to the Dorgeshuun	I doubt it.
N	Death to the Dorgeshuun	I have come to kill everyone in this castle!
N	Death to the Dorgeshuun	I keep on dying.
Q	Death to the Dorgeshuun	I'm going anyway.
Q	Death to the Dorgeshuun	I'm going down anyway.
N	Death to the Dorgeshuun	I'm looking for something to kill.
N	Death to the Dorgeshuun	I'm looking for whoever is in charge of this place.
N	Death to the Dorgeshuun	I'm lost.
Q	Death to the Dorgeshuun	I'm not with her.
Q	Death to the Dorgeshuun	I need to do something else for a bit.
Q	Death to the Dorgeshuun	I've lost my HAM disguise!
Q	Death to the Dorgeshuun	I want to get out now!
Q	Death to the Dorgeshuun	Is it really necessary?
Q	Death to the Dorgeshuun	Isn't shooting people in the back wrong?
N	Death to the Dorgeshuun	Let's discuss how my ammo acts when I pick it up.
N	Death to the Dorgeshuun	Let's discuss how my runes act when I pick them up.
Q	Death to the Dorgeshuun	Let's go!
Q	Death to the Dorgeshuun	Let's go, Zanik.
N	Death to the Dorgeshuun	Maybe some other time.
Q	Death to the Dorgeshuun	No.
N	Death to the Dorgeshuun	No, I can find things myself thank you.
Q	Death to the Dorgeshuun	No, I'm not [player name].
N	Death to the Dorgeshuun	No, thank you.
N	Death to the Dorgeshuun	No thanks.
N	Death to the Dorgeshuun	No thanks, I'd rather curse the darkness.
Q	Death to the Dorgeshuun	Not all the gods are bad!
Q	Death to the Dorgeshuun	Not now.
Q	Death to the Dorgeshuun	Not yet.
N	Death to the Dorgeshuun	Nothing.
Q	Death to the Dorgeshuun	Now!
Q	Death to the Dorgeshuun	OK
N	Death to the Dorgeshuun	Ok, thanks.
Q	Death to the Dorgeshuun	Okay.
Q	Death to the Dorgeshuun	Okay, I'll stay!
N	Death to the Dorgeshuun	One thousand gold?!
N	Death to the Dorgeshuun	Tell me about different fish.
N	Death to the Dorgeshuun	Tell me about different rocks and picks.
N	Death to the Dorgeshuun	Tell me about different trees and axes.
N	Death to the Dorgeshuun	Tell me about different weapon types I can use.
N	Death to the Dorgeshuun	Tell me about magic combat please.
N	Death to the Dorgeshuun	Tell me about melee combat.
N	Death to the Dorgeshuun	Tell me about skillcapes.
Q	Death to the Dorgeshuun	Tell me about the treaty.
Q	Death to the Dorgeshuun	Thanks.
Q	Death to the Dorgeshuun	That's good.
Q	Death to the Dorgeshuun	There's no way I'm helping!
Q	Death to the Dorgeshuun	Wait here.
N	Death to the Dorgeshuun	What are all you people doing here?
Q	Death to the Dorgeshuun	What did Sigmund do to you?
N	Death to the Dorgeshuun	What do you think you're going to achieve?
Q	Death to the Dorgeshuun	What god did the Dorgeshuun use to follow?
Q	Death to the Dorgeshuun	What happened in the wars?
N	Death to the Dorgeshuun	What happened to your arm?
N	Death to the Dorgeshuun	What is prayer useful for?
N	Death to the Dorgeshuun	What is that cape you're wearing?
Q	Death to the Dorgeshuun	What is this favour?
N	Death to the Dorgeshuun	What kind of organisation is this?
N	Death to the Dorgeshuun	What kinds of things can be crafted?
N	Death to the Dorgeshuun	What kinds of things can I cook?
Q	Death to the Dorgeshuun	What's in these crates?
Q	Death to the Dorgeshuun	What's it like being dead?
Q	Death to the Dorgeshuun	What's that mark on your forehead?
N	Death to the Dorgeshuun	Where and what should I fix?
N	Death to the Dorgeshuun	Where did all you people come from?
Q	Death to the Dorgeshuun	Where do I get the robes?
Q	Death to the Dorgeshuun	Where's Sigmund?
N	Death to the Dorgeshuun	Who are you?
N	Death to the Dorgeshuun	Who are you and what do you do here?
Q	Death to the Dorgeshuun	Why are you helping the HAM people?
N	Death to the Dorgeshuun	Why do the Dorgeshuun live underground?
Q	Death to the Dorgeshuun	Will you tell me about the mark on your forehead?
Q	Death to the Dorgeshuun	Yes.
Q	Death to the Dorgeshuun	Yes, I'm [player name]!
Q	Death to the Dorgeshuun	Yes please!
N	Death to the Dorgeshuun	Yes please. What are you selling?
Q	Defender of Varrock	Actually, I'll keep hold of it.
N	Defender of Varrock	Can I use the Forge?
N	Defender of Varrock	Could I get another pair of gauntlets?
Q	Defender of Varrock	Dialogue 1
Q	Defender of Varrock	Dialogue 2
Q	Defender of Varrock	Dialogue 3
Q	Defender of Varrock	Dialogue 4
Q	Defender of Varrock	Dialogue 5
Q	Defender of Varrock	Dialogue 6
N	Defender of Varrock	Do you have any gauntlets for me?
Q	Defender of Varrock	Do you have that key we found?
N	Defender of Varrock	Do you know where I could find any treasure?
N	Defender of Varrock	Do you want to trade?
N	Defender of Varrock	Have you any interesting news?
N	Defender of Varrock	Have you got any quests for me?
Q	Defender of Varrock	Here you go.
Q	Defender of Varrock	How do I access the Dream Theatre?
N	Defender of Varrock	How do I get a medallion?
Q	Defender of Varrock	I have some information that might be of use in your displays.
N	Defender of Varrock	I have something I'd like you to examine.
N	Defender of Varrock	I know how to use the shield!
Q	Defender of Varrock	I'm not ready yet.
Q	Defender of Varrock	I need to do something else.
Q	Defender of Varrock	I need to do something else first.
Q	Defender of Varrock	I need your help with a shield.
Q	Defender of Varrock	I need your help with the zombie invasion.
Q	Defender of Varrock	If you're an explorer, I'm guessing you travel a lot?
Q	Defender of Varrock	Let's do it.
Q	Defender of Varrock	Let's get going.
Q	Defender of Varrock	More options...
N	Defender of Varrock	Never mind, I have no questions for now.
Q	Defender of Varrock	No.
N	Defender of Varrock	No thanks.
N	Defender of Varrock	No thanks. I'm just looking around.
Q	Defender of Varrock	Other
Q	Defender of Varrock	Previous options...
Q	Defender of Varrock	Ready when you are.
Q	Defender of Varrock	So what exactly is it you're researching?
N	Defender of Varrock	Talk about Fossil Island.
N	Defender of Varrock	Tell me about the Museum.
N	Defender of Varrock	The gauntlets are a family heirloom?
N	Defender of Varrock	What can I do here?
Q	Defender of Varrock	What can you tell me about Arrav and Zemouregal?
N	Defender of Varrock	What happened to the other Imcando Dwarves?
Q	Defender of Varrock	Yes.
Q	Demon Slayer	And why is this a problem?
Q	Demon Slayer	Aris said I should come and talk to you.
Q	Demon Slayer	Aris said I was destined to kill the demon.
Q	Demon Slayer	Can you give me your key?
Q	Demon Slayer	Can you remind me where all the keys were again?
N	Demon Slayer	Erm I forgot.
Q	Demon Slayer	Err I'd better be off really.
Q	Demon Slayer	Fortune-teller Aris said I was destined to kill the demon.
Q	Demon Slayer	He's back and unfortunately I've got to deal with him.
Q	Demon Slayer	He's one of the King's knights.
Q	Demon Slayer	He told me you were looking after it for him.
Q	Demon Slayer	Hmm, that's too bad. I really need that key.
Q	Demon Slayer	How am I meant to fight a demon who can destroy cities?
Q	Demon Slayer	I am a mighty adventurer. Who are you?
N	Demon Slayer	I am one of the palace guards.
Q	Demon Slayer	I'll get the bones for you.
Q	Demon Slayer	I'm not sure, I was hoping you could tell me.
Q	Demon Slayer	I'm still looking.
Q	Demon Slayer	I need to find Silverlight.
Q	Demon Slayer	It's not them who are going to fight the demon, it's me.
Q	Demon Slayer	It's the key to get a sword called Silverlight.
Q	Demon Slayer	Just tell me if you have the key.
Q	Demon Slayer	No.
Q	Demon Slayer	Not really.
Q	Demon Slayer	Oh if it's in the scheme of things that's ok.
Q	Demon Slayer	Ok but how old are you?
Q	Demon Slayer	Okay, I'll go and tell him that.
Q	Demon Slayer	Okay, thanks. I'll do my best to stop the demon.
Q	Demon Slayer	Okay, where is he? I'll kill him for you!
Q	Demon Slayer	Otherwise the demon will destroy the city!
Q	Demon Slayer	Sir Prysin said you would give me the key.
Q	Demon Slayer	So give me the keys!
Q	Demon Slayer	So how did Wally kill Delrith?
Q	Demon Slayer	So what does the drain lead to?
Q	Demon Slayer	Stop calling me that!
Q	Demon Slayer	Talk about Demon Slayer.
N	Demon Slayer	Talk about something else.
N	Demon Slayer	The castle has just received its ale delivery.
Q	Demon Slayer	There's a demon who wants to invade this city.
Q	Demon Slayer	Wally doesn't sound like a very heroic name.
Q	Demon Slayer	Well, Aris' crystal ball seems to think otherwise.
Q	Demon Slayer	Well, have you got any keys knocking around?
Q	Demon Slayer	Well I'd better go key hunting.
Q	Demon Slayer	Well I'd better press on with it.
Q	Demon Slayer	Well I'd better press on with it{{sic|No full stop.
N	Demon Slayer	What about the King?
Q	Demon Slayer	What is the magical incantation?
Q	Demon Slayer	Where can I find Captain Rovin?
Q	Demon Slayer	Where can I find Silverlight?
Q	Demon Slayer	Where can I find the demon?
Q	Demon Slayer	Where does the wizard live?
Q	Demon Slayer	Why did he give you one of the keys then?
Q	Demon Slayer	Yeah, pretty sure.
Q	Demon Slayer	Yeah, the palace guards are rubbish!
Q	Demon Slayer	Yes.
Q	Demon Slayer	Yes I know, but this is important.
Q	Demon Slayer	Yes please.
Q	Demon Slayer	Yes, she is still alive.
Q	Demon Slayer	Yes, very.
Q	Demon Slayer	You've lost it, haven't you?
Q	Desert Treasure I	Actually, I don't need to know anything.
Q	Desert Treasure I	Ask about Desert Treasure I
Q	Desert Treasure I	Ask about the Desert Treasure quest.
Q	Desert Treasure I	Ask about the Diamonds of Azzanadra
N	Desert Treasure I	Ask about the Digsite quest.
Q	Desert Treasure I	Buy a drink
Q	Desert Treasure I	Can't I just buy your ring?
Q	Desert Treasure I	Do you have any quests?
Q	Desert Treasure I	Do you know anything about a fortress near here?
Q	Desert Treasure I	Do you know anything about treasure near here?
Q	Desert Treasure I	Don't buy anything
Q	Desert Treasure I	Don't help him
Q	Desert Treasure I	Don't read book
Q	Desert Treasure I	Have you got any symbols of your god?
Q	Desert Treasure I	Help him
Q	Desert Treasure I	How can I kill Dessous?
Q	Desert Treasure I	How do I kill Dessous again?
Q	Desert Treasure I	I am here to kill Lord Drakan
Q	Desert Treasure I	I am here to praise Lord Drakan
Q	Desert Treasure I	I am here to worship you, oh mighty Malak
Q	Desert Treasure I	I am here to worship Zamorak
Q	Desert Treasure I	I am looking for a special Diamond...
Q	Desert Treasure I	I don't care about your story.
Q	Desert Treasure I	I heard about a fortress...
Q	Desert Treasure I	I heard about four diamonds...
Q	Desert Treasure I	I heard about treasure...
Q	Desert Treasure I	I heard of the Diamonds of Azzanadra.
Q	Desert Treasure I	I'll leave you to it.
Q	Desert Treasure I	Is Damis near here, then?
Q	Desert Treasure I	No
Q	Desert Treasure I	No, I want to hear this story.
Q	Desert Treasure I	No, please repeat those ingredients.
Q	Desert Treasure I	No thanks
Q	Desert Treasure I	Nothing really.
Q	Desert Treasure I	Nothing thanks.
Q	Desert Treasure I	Read book
Q	Desert Treasure I	Tell me of The four diamonds of Azzanadra
Q	Desert Treasure I	What are you doing here?
Q	Desert Treasure I	Where can I find Dessous?
Q	Desert Treasure I	Where can I find Laheeb?
Q	Desert Treasure I	Who are you?
Q	Desert Treasure I	Why do you want Dessous dead?
Q	Desert Treasure I	Why is this village so hostile?
Q	Desert Treasure I	Yes
Q	Desert Treasure I	Yes, I will go get those for you.
Q	Desert Treasure I	Yes please
Q	Desert Treasure II - The Fallen Empire	About Ketla...
Q	Desert Treasure II - The Fallen Empire	Actually, let's talk about something else.
Q	Desert Treasure II - The Fallen Empire	Alright. Let's see what we can find.
Q	Desert Treasure II - The Fallen Empire	Any thoughts on Duke Sucellus?
Q	Desert Treasure II - The Fallen Empire	Any thoughts on Perseriya?
Q	Desert Treasure II - The Fallen Empire	Any thoughts on the Whisperer?
Q	Desert Treasure II - The Fallen Empire	Any thoughts on Vardorvis?
N	Desert Treasure II - The Fallen Empire	Can I use the Forge?
N	Desert Treasure II - The Fallen Empire	Can you explain the Gaze of Saradomin to me?
N	Desert Treasure II - The Fallen Empire	Can you teleport me to the Rune Essence Mine?
Q	Desert Treasure II - The Fallen Empire	Can you tell me any more about this entity?
Q	Desert Treasure II - The Fallen Empire	Could you tell me more about one of these items?
Q	Desert Treasure II - The Fallen Empire	Could you tell me more about the Anima Portal?
Q	Desert Treasure II - The Fallen Empire	Could you tell me more about the Revitalising Idol?
Q	Desert Treasure II - The Fallen Empire	Could you tell me more about the Shadow Blocker?
Q	Desert Treasure II - The Fallen Empire	Could you tell me more about the Shadow Torch?
N	Desert Treasure II - The Fallen Empire	Could you tell me more about this place.
Q	Desert Treasure II - The Fallen Empire	Dialogue 1
Q	Desert Treasure II - The Fallen Empire	Dialogue 2
Q	Desert Treasure II - The Fallen Empire	Dialogue 3
Q	Desert Treasure II - The Fallen Empire	Dialogue 4
N	Desert Treasure II - The Fallen Empire	Do you have any jobs for me yet?
Q	Desert Treasure II - The Fallen Empire	Have you seen any archeologists around here?
N	Desert Treasure II - The Fallen Empire	How are things at the Temple of the Eye?
Q	Desert Treasure II - The Fallen Empire	How did you end up down here?
Q	Desert Treasure II - The Fallen Empire	How did you survive in here?
Q	Desert Treasure II - The Fallen Empire	How powerful do you think Imperium is?
Q	Desert Treasure II - The Fallen Empire	I'd best get to work.
Q	Desert Treasure II - The Fallen Empire	I'd better get going.
Q	Desert Treasure II - The Fallen Empire	I found another dwarf!
Q	Desert Treasure II - The Fallen Empire	I have a schematic here.
Q	Desert Treasure II - The Fallen Empire	I have news on Persten.
Q	Desert Treasure II - The Fallen Empire	I have news on that assassin who attacked Entrana.
Q	Desert Treasure II - The Fallen Empire	I have something to tell you. It's about another dwarf.
Q	Desert Treasure II - The Fallen Empire	I hear you visited Lovakengj recently.
Q	Desert Treasure II - The Fallen Empire	I'll get going.
N	Desert Treasure II - The Fallen Empire	I'm good, thanks.
Q	Desert Treasure II - The Fallen Empire	Let's keep searching.
N	Desert Treasure II - The Fallen Empire	Let's see what you have.
N	Desert Treasure II - The Fallen Empire	More options...
N	Desert Treasure II - The Fallen Empire	Never mind, I have no questions for now.
Q	Desert Treasure II - The Fallen Empire	No.
Q	Desert Treasure II - The Fallen Empire	So how come you know so much about Zaros?
N	Desert Treasure II - The Fallen Empire	Sorry, I need to go.
N	Desert Treasure II - The Fallen Empire	What can I do here?
N	Desert Treasure II - The Fallen Empire	What do you do here?
Q	Desert Treasure II - The Fallen Empire	What do you know about Imperium so far?
Q	Desert Treasure II - The Fallen Empire	What do you know about this city?
Q	Desert Treasure II - The Fallen Empire	What happened to the other Imcando Dwarves?
Q	Desert Treasure II - The Fallen Empire	What is it you're searching for here?
Q	Desert Treasure II - The Fallen Empire	What is it you want with Perseriya's ship?
N	Desert Treasure II - The Fallen Empire	What is this place?
N	Desert Treasure II - The Fallen Empire	What's that rift guardian doing over there?
Q	Desert Treasure II - The Fallen Empire	What's with the demons in this place?
N	Desert Treasure II - The Fallen Empire	Why are you selling things here?
Q	Desert Treasure II - The Fallen Empire	Yes.
Q	Devious Minds	Devious Minds.
Q	Devious Minds	No
N	Devious Minds	Something else.
Q	Devious Minds	Yes
Q	Doric's Quest	Ah, fair enough.
Q	Doric's Quest	Certainly, I'll be right back!
Q	Doric's Quest	Dwarven Mine?
Q	Doric's Quest	I didn't want to use your anvils anyway.
Q	Doric's Quest	I want to use your whetstone.
Q	Doric's Quest	I wanted to use your anvils.
Q	Doric's Quest	I was just checking out the landscape.
Q	Doric's Quest	Mind your own business, shortstuff!
Q	Doric's Quest	No.
Q	Doric's Quest	No, hitting rocks is for the boring people, sorry.
Q	Doric's Quest	Sorry, would it be OK if I used your anvils?
Q	Doric's Quest	What do you make here?
Q	Doric's Quest	Where can I find those?
Q	Doric's Quest	Who's Nurmof?
Q	Doric's Quest	Will do!
Q	Doric's Quest	Yes.
Q	Doric's Quest	Yes, I will get you materials.
Q	Dragon Slayer I	A dragon, that sounds like fun.
Q	Dragon Slayer I	About my quest to kill the dragon...
Q	Dragon Slayer I	Alright then, 10,000 it is.
N	Dragon Slayer I	Are you going to sit there all day?
N	Dragon Slayer I	Arrr!
Q	Dragon Slayer I	Can I board the ship now?
Q	Dragon Slayer I	Can I have a quest?
Q	Dragon Slayer I	Can you help me get to Crandor Island?
N	Dragon Slayer I	Can you impart your wise knowledge to me, O Oracle?
Q	Dragon Slayer I	Can you sail this ship to Crandor?
Q	Dragon Slayer I	Can you sell me a rune platebody?
Q	Dragon Slayer I	Dialogue 1
Q	Dragon Slayer I	Dialogue 2
Q	Dragon Slayer I	Dialogue 3
Q	Dragon Slayer I	Dialogue 4
Q	Dragon Slayer I	Dialogue 5
N	Dragon Slayer I	Do you want to trade?
Q	Dragon Slayer I	Elvarg, the dragon of Crandor island!
N	Dragon Slayer I	Have you any quests for me?
N	Dragon Slayer I	Have you got any quests I could do?
Q	Dragon Slayer I	How can I protect myself from the dragon's breath?
Q	Dragon Slayer I	I am a master detective.
Q	Dragon Slayer I	I believe you've got a piece of map that I need.
Q	Dragon Slayer I	I'd better leave that dragon alone.
Q	Dragon Slayer I	I'd like to buy her.
Q	Dragon Slayer I	I'd like to inspect her some more.
Q	Dragon Slayer I	I'd rather go to Crandor.
Q	Dragon Slayer I	I killed the dragon!
Q	Dragon Slayer I	I'll let you live. I could just kill you.
Q	Dragon Slayer I	I'm not going to do anything for you. Forget it.
Q	Dragon Slayer I	I'm not paying that much for a broken boat!
N	Dragon Slayer I	I'm not your friend.
Q	Dragon Slayer I	I'm ready to go back to shore.
Q	Dragon Slayer I	I may be a champion, but I don't think I'm up to dragon-killing yet.
Q	Dragon Slayer I	I seek a piece of the map to the island of Crandor.
Q	Dragon Slayer I	I seek a shield that will protect me from dragonbreath.
Q	Dragon Slayer I	I suppose I could pay you for the map piece...
Q	Dragon Slayer I	I talked to Oziach...
Q	Dragon Slayer I	I think I'll pass.
Q	Dragon Slayer I	I thought you were going to give me a quest.
Q	Dragon Slayer I	I've heard that one of your number has got hold of part of a map.
Q	Dragon Slayer I	No
Q	Dragon Slayer I	No, I'm not quite ready yet.
Q	Dragon Slayer I	No. I want to go to Crandor.
N	Dragon Slayer I	No, thank you.
N	Dragon Slayer I	No thanks.
N	Dragon Slayer I	No thanks, Ned. I don't need any.
Q	Dragon Slayer I	Oh, no dragon in particular
Q	Dragon Slayer I	Okay, I'll get going!
Q	Dragon Slayer I	So, are you going to give me the shield or not?
N	Dragon Slayer I	So how is life for the goblins?
Q	Dragon Slayer I	So, what needs fixing on the ship?
Q	Dragon Slayer I	Sorry, thought this was a zoo.
Q	Dragon Slayer I	That's a pity, I'm not a hero.
Q	Dragon Slayer I	The Guildmaster of the Champions' Guild told me.
N	Dragon Slayer I	What are you doing here?
Q	Dragon Slayer I	What are you going to do now you don't have a ship?
Q	Dragon Slayer I	What are you in for?
Q	Dragon Slayer I	What is this place?
Q	Dragon Slayer I	What kind of ship do I need?
Q	Dragon Slayer I	What's so special about this dragon?
Q	Dragon Slayer I	Where can I find a map to Crandor?
N	Dragon Slayer I	Where can I find money?
Q	Dragon Slayer I	Where did you get the map piece from?
Q	Dragon Slayer I	Where is Lozar's map piece?
Q	Dragon Slayer I	Where is Melzar's map piece?
Q	Dragon Slayer I	Where is Thalzar's map piece?
N	Dragon Slayer I	Why are you called Longbow Ben?
Q	Dragon Slayer I	Why is she damaged?
Q	Dragon Slayer I	Will you take me to Crandor now, then?
Q	Dragon Slayer I	Would you sail this ship to Crandor for me?
Q	Dragon Slayer I	Yep, sounds good.
Q	Dragon Slayer I	Yes
Q	Dragon Slayer I	Yes. Ha ha ha!
N	Dragon Slayer I	Yes, I would like some rope.
Q	Dragon Slayer I	Yes, I would like to charter a ship.
N	Dragon Slayer I	Yes, it's a very nice day.
Q	Dragon Slayer I	Yes, let's go!
N	Dragon Slayer I	Yes please.
N	Dragon Slayer I	Yes, who are you?
Q	Dragon Slayer I	You must be joking! Forget it.
Q	Dragon Slayer I	You're a sailor? Could you take me to Crandor?
N	Dragon Slayer II	Ask about a Seal of Passage.
N	Dragon Slayer II	Ask about anything else.
Q	Dragon Slayer II	Ask about the dragon threat.
Q	Dragon Slayer II	Ask about the dragonkin fortress.
N	Dragon Slayer II	Ask about the mountain camp.
Q	Dragon Slayer II	Ask about Tristan.
N	Dragon Slayer II	Ask about V's Shield.
Q	Dragon Slayer II	Ask the Sphinx for help with Bob's memories.
Q	Dragon Slayer II	Bob's memories.
N	Dragon Slayer II	Can you take me somewhere?
N	Dragon Slayer II	Cyrisus.
N	Dragon Slayer II	Devices, please.
N	Dragon Slayer II	Do you have any news?
Q	Dragon Slayer II	Do you have any of my items?
Q	Dragon Slayer II	Do you know anything about Camorra?
N	Dragon Slayer II	Do you talk to the Sphinx much?
N	Dragon Slayer II	Goodbye.
Q	Dragon Slayer II	Have you ever heard of Camorra?
N	Dragon Slayer II	Horologist? What does that mean?
Q	Dragon Slayer II	How can I gain access to the Guild?
N	Dragon Slayer II	How do I get out of here?
N	Dragon Slayer II	I'd like information, please.
N	Dragon Slayer II	I'd like to see your stuff for sale, please.
N	Dragon Slayer II	I'll just head off, I think.
N	Dragon Slayer II	I'll leave you to it.
N	Dragon Slayer II	I'm good.
Q	Dragon Slayer II	I'm looking for an ancient temple.
Q	Dragon Slayer II	I'm ready.
Q	Dragon Slayer II	I need your help with a key piece.
N	Dragon Slayer II	I've lost the totem pole you gave me.
Q	Dragon Slayer II	It's a bad plan.
Q	Dragon Slayer II	It's a good plan.
Q	Dragon Slayer II	Leave the king alone.
Q	Dragon Slayer II	Let's do it!
Q	Dragon Slayer II	Let's talk about my quest.
Q	Dragon Slayer II	Let's talk about the investigation.
Q	Dragon Slayer II	No
Q	Dragon Slayer II	No thank you.
Q	Dragon Slayer II	No thanks.
Q	Dragon Slayer II	Not right now.
Q	Dragon Slayer II	Not yet.
N	Dragon Slayer II	Nothing.
N	Dragon Slayer II	Okay, thanks for your help.
Q	Dragon Slayer II	Remind me.
Q	Dragon Slayer II	So how do we know which island to go to?
N	Dragon Slayer II	Talk about something else.
Q	Dragon Slayer II	Talk about the dragon threat.
N	Dragon Slayer II	Tell me about the Guild.
Q	Dragon Slayer II	Tell me about yourself.
N	Dragon Slayer II	The state of the island.
N	Dragon Slayer II	What are you doing?
N	Dragon Slayer II	What do you do here?
N	Dragon Slayer II	What is this place?
N	Dragon Slayer II	Where are all your people?
Q	Dragon Slayer II	Where's Bob?
Q	Dragon Slayer II	Which book was it?
Q	Dragon Slayer II	Yes
Q	Dragon Slayer II	Yes I know it well.
Q	Dragon Slayer II	Yes please.
Q	Dream Mentor	Any chance you could pay me for this?
Q	Dream Mentor	Are you looking forward to getting out?
Q	Dream Mentor	Because otherwise you'll fail.
Q	Dream Mentor	But you probably want to sort out the bad breath.
Q	Dream Mentor	Can you smell gas?
Q	Dream Mentor	Cheer up, it may never happen!
Q	Dream Mentor	Congratulations on not dying!
Q	Dream Mentor	Cyrisus.
Q	Dream Mentor	Cyrisus in the mine
Q	Dream Mentor	Dialogue 1
Q	Dream Mentor	Dialogue 2
Q	Dream Mentor	Dialogue 3
Q	Dream Mentor	Dialogue 4
Q	Dream Mentor	Did you hear that noise?
Q	Dream Mentor	Did you not want to give up?
Q	Dream Mentor	Do you think there is anyone else down here?
Q	Dream Mentor	Do you think this cave is stable?
Q	Dream Mentor	Don't you think you should give up being an adventurer?
Q	Dream Mentor	Feeling positive?
Q	Dream Mentor	Fishing!
Q	Dream Mentor	Good job you didn't find more suqah down here.
Q	Dream Mentor	Hope you don't mind me saying, but you smell a bit.
Q	Dream Mentor	How about a joke?
Q	Dream Mentor	How long have you been down here?
Q	Dream Mentor	I can't believe how many suqahs are on this island.
Q	Dream Mentor	I had better be going now.
Q	Dream Mentor	I'm going to have to go soon.
Q	Dream Mentor	I'm tired, I think I'll take a nap.
Q	Dream Mentor	I'm very impressed you managed to get into this cave.
Q	Dream Mentor	I rule!
Q	Dream Mentor	I think I feel a bit ill.
Q	Dream Mentor	I thought I had better say it before it's too late.
Q	Dream Mentor	I trust you usually look smarter.
Q	Dream Mentor	I wonder what monster carved this cave out?
Q	Dream Mentor	I wonder why nothing lives down here.
Q	Dream Mentor	I would have given up personally.
Q	Dream Mentor	If I were you I'd stay indoors.
Q	Dream Mentor	If you need anything, just let me know.
Q	Dream Mentor	Is it ok if I talk to you?
Q	Dream Mentor	It'll be a while before we get out.
Q	Dream Mentor	It's a bit damp in here.
Q	Dream Mentor	It's a good thing you have me to look after you.
Q	Dream Mentor	It's quite cosy in here.
Q	Dream Mentor	It's quite dark down here.
Q	Dream Mentor	It's very cold down here.
Q	Dream Mentor	Just being honest.
Q	Dream Mentor	Just don't worry.
Q	Dream Mentor	Just take it a step at a time.
Q	Dream Mentor	Leave
Q	Dream Mentor	Let me tell you about myself.
Q	Dream Mentor	Let's sing a song!
Q	Dream Mentor	No.
Q	Dream Mentor	Not long now and you'll be back on your feet!
Q	Dream Mentor	Not that I'm bragging or anything.
Q	Dream Mentor	Not yet.
N	Dream Mentor	Nothing.
Q	Dream Mentor	Of course.
Q	Dream Mentor	On whether we have to amputate your legs or not.
Q	Dream Mentor	On whether you mind me helping you further.
Q	Dream Mentor	Quite the coincidence that I found you!
Q	Dream Mentor	Since when did you only have one leg?
Q	Dream Mentor	So you don't know how long you've been down here?
Q	Dream Mentor	Something cheap. Although it's my pleasure, helping you is costing me.
Q	Dream Mentor	Spider!
Q	Dream Mentor	Stay
Q	Dream Mentor	Talk about the Armament
Q	Dream Mentor	Tell me a bit about yourself.
Q	Dream Mentor	That's the spirit!
Q	Dream Mentor	That's up to you. You could travel with me!
Q	Dream Mentor	The perfect environment for getting back on your feet!
N	Dream Mentor	The state of the island.
Q	Dream Mentor	Think of all the places you can visit when you get out!
Q	Dream Mentor	This place gives me the creeps!
Q	Dream Mentor	This would probably make a nice home.
Q	Dream Mentor	Those are some deep cuts on your legs.
Q	Dream Mentor	Try and raise his Spirit
N	Dream Mentor	Using the bank
Q	Dream Mentor	We could do with something for you to sit on.
Q	Dream Mentor	Well, probably not, to be honest.
Q	Dream Mentor	Well, you look and sound more lively.
Q	Dream Mentor	What are you going to do when you get out of here?
Q	Dream Mentor	What do you want to talk about?
Q	Dream Mentor	What would you do if I wasn't here?
Q	Dream Mentor	Whatever and wherever you want - my treat.
Q	Dream Mentor	When we get out of here I'll buy you a drink!
Q	Dream Mentor	Why do you look so sad?
Q	Dream Mentor	Yes.
Q	Dream Mentor	Yes, let's go!
Q	Dream Mentor	You don't like it?
Q	Dream Mentor	You don't look dead any more, for a start.
Q	Dream Mentor	You have a big appetite.
Q	Dream Mentor	You'll survive this easily.
Q	Dream Mentor	You look like I feel.
Q	Dream Mentor	You're looking better now.
Q	Dream Mentor	You're sounding much better.
Q	Dream Mentor	You're very safe in this little cave.
Q	Dream Mentor	You seem like a nice guy.
Q	Dream Mentor	You've got quite the collection of bruises there!
Q	Druidic Ritual	Actually, I don't need to speak to you.
Q	Druidic Ritual	Did you build this?
Q	Druidic Ritual	I'll get on with it.
Q	Druidic Ritual	I'm in search of a quest.
Q	Druidic Ritual	I've been sent to help purify the Varrock stone circle.
Q	Druidic Ritual	No.
Q	Druidic Ritual	Ok, I'll do that then.
Q	Druidic Ritual	Ok, I'll go do that then.
Q	Druidic Ritual	So what's so good about Guthix?
Q	Druidic Ritual	Well, I'll be on my way now.
Q	Druidic Ritual	What about the stone circle full of dark wizards?
Q	Druidic Ritual	What was I meant to be doing again?
Q	Druidic Ritual	Where can I find this cauldron?
Q	Druidic Ritual	Who are you?
Q	Druidic Ritual	Yes.
Q	Dwarf Cannon	Dialogue 1
Q	Dwarf Cannon	Dialogue 2
Q	Dwarf Cannon	Dialogue 3
Q	Dwarf Cannon	Dialogue 4
Q	Dwarf Cannon	No.
Q	Dwarf Cannon	Okay, I'll see what I can do.
Q	Dwarf Cannon	Okay then, just for you!
Q	Dwarf Cannon	Sorry, I've done enough for today.
Q	Dwarf Cannon	Sorry, I've really done enough.
Q	Dwarf Cannon	Yes.
Q	Eadgar's Ruse	Actually, I don't need to speak to you.
N	Eadgar's Ruse	Ask about Sanfew Serum.
Q	Eadgar's Ruse	Ask general questions.
Q	Eadgar's Ruse	Dialogue 1
Q	Eadgar's Ruse	Dialogue 2
Q	Eadgar's Ruse	Dialogue 3
Q	Eadgar's Ruse	Fine.
Q	Eadgar's Ruse	Have you any more work for me, to help reclaim the circle?
Q	Eadgar's Ruse	How are we going to make it look like a human?
Q	Eadgar's Ruse	How are we going to make it smell like a human?
Q	Eadgar's Ruse	How are we going to make it sound like a human?
Q	Eadgar's Ruse	How are we going to make it taste like a human?
Q	Eadgar's Ruse	I'd like some mountain goat stew, please.
Q	Eadgar's Ruse	I have some more goutweed for you.
Q	Eadgar's Ruse	I'll be going now.
Q	Eadgar's Ruse	I need to find some goutweed.
Q	Eadgar's Ruse	It's very nice.
Q	Eadgar's Ruse	More
Q	Eadgar's Ruse	No.
Q	Eadgar's Ruse	No thanks, Eadgar.
Q	Eadgar's Ruse	Okay, I'll be right back.
Q	Eadgar's Ruse	Sanfew won't be happy...
Q	Eadgar's Ruse	So, where can I get some goutweed?
Q	Eadgar's Ruse	What do you feed them?
Q	Eadgar's Ruse	What do you have to offer?
Q	Eadgar's Ruse	What was I meant to be doing again?
Q	Eadgar's Ruse	When did you add it?
Q	Eadgar's Ruse	Where's the zoo?
Q	Eadgar's Ruse	Why do you live so close to the trolls?
Q	Eadgar's Ruse	Yes.
Q	Eadgar's Ruse	You'll give me those robes right now...
Q	Eagles' Peak	A pet? Are you crazy?
Q	Eagles' Peak	Ah, you sound like someone who needs a quest doing!
Q	Eagles' Peak	Amazing, but what do you intend to do now you've discovered it?
Q	Eagles' Peak	Aren't giant eagles mythical?
N	Eagles' Peak	Can you make clothing suitable for hunting in?
Q	Eagles' Peak	Could I help at all?
Q	Eagles' Peak	Could you make another eagle costume for me?
N	Eagles' Peak	I think I might just leave the perusing for now thanks.
Q	Eagles' Peak	I think you're trapped.
Q	Eagles' Peak	I've come to rescue you.
Q	Eagles' Peak	I've got the feathers and materials you requested.
Q	Eagles' Peak	I've not got the time right now.
Q	Eagles' Peak	I was just wondering how you got on with those eagles.
Q	Eagles' Peak	No thanks. I was just dropping by.
Q	Eagles' Peak	Oh, but I'd come to rescue you.
Q	Eagles' Peak	Oh, so you're not really trapped?
Q	Eagles' Peak	Okay, here are the materials. Eagle me up.
N	Eagles' Peak	Okay, lets see what you've got then.
Q	Eagles' Peak	On second thoughts, not just yet.
Q	Eagles' Peak	On second thoughts, that's too expensive.
Q	Eagles' Peak	So it's not that you're trapped then?
Q	Eagles' Peak	Sorry, I don't have the time.
Q	Eagles' Peak	Sure. Any idea where I should start looking?
Q	Eagles' Peak	Taunt the kebbit.
Q	Eagles' Peak	That sounds good to me.
Q	Eagles' Peak	The Ardougne zookeeper sent me to find you.
Q	Eagles' Peak	Try something else.
Q	Eagles' Peak	Well, I'll let you get on with your work then.
Q	Eagles' Peak	Well I was originally sent to find you because of a ferret.
Q	Eagles' Peak	Well if you gave me a ferret I could take it back for you.
Q	Eagles' Peak	Well it'll give you a lot of time to study the eagles
Q	Eagles' Peak	Well, specifically I'm after a couple of bird costumes.
N	Eagles' Peak	What sort of unusual materials did you have in mind?
Q	Eagles' Peak	What was it you needed to make those eagle costumes again?
N	Eagles' Peak	Where did you get the animals from?
Q	Eagles' Peak	Yes, pull the reset lever.
Q	Elemental Workshop I	No.
Q	Elemental Workshop I	Yes.
Q	Elemental Workshop II	An elemental claw.
Q	Elemental Workshop II	An elemental helm.
Q	Elemental Workshop II	Crane schematic
Q	Elemental Workshop II	Lever schematic
Q	Elemental Workshop II	No.
Q	Elemental Workshop II	Yes.
Q	Enakhra's Lament	About this wall...
Q	Enakhra's Lament	Can you help me with this pedestal I've found?
Q	Enakhra's Lament	Could you make these stone limbs easier to carry?
Q	Enakhra's Lament	Could you tell me more about Enakhra?
Q	Enakhra's Lament	Could you tell me more about yourself?
Q	Enakhra's Lament	Dialogue 1
Q	Enakhra's Lament	Dialogue 2
Q	Enakhra's Lament	Dialogue 3
Q	Enakhra's Lament	Dialogue 4
Q	Enakhra's Lament	Dialogue 5
Q	Enakhra's Lament	Dialogue 6
Q	Enakhra's Lament	Do you know where the statue's head is?
Q	Enakhra's Lament	Here's a large 10 kg block.
Q	Enakhra's Lament	Here's a medium 5 kg block.
Q	Enakhra's Lament	Here's a small 2 kg block.
Q	Enakhra's Lament	Here's a tiny 1 kg block.
Q	Enakhra's Lament	How do I build the wall?
Q	Enakhra's Lament	How do I get further into the temple?
Q	Enakhra's Lament	How long will it take?
Q	Enakhra's Lament	I couldn't do that!
Q	Enakhra's Lament	I don't know, that sounds like a lot of work.
Q	Enakhra's Lament	I'll do it right away!
Q	Enakhra's Lament	I'll use Icthlarin's head for the statue.
Q	Enakhra's Lament	I'll use Zamorak's head for the statue.
Q	Enakhra's Lament	I'm not interested.
Q	Enakhra's Lament	I think it should have a camel's head.
Q	Enakhra's Lament	I think it should have a god's head.
Q	Enakhra's Lament	I think it should have my head!
Q	Enakhra's Lament	I think it should have your head.
Q	Enakhra's Lament	It's okay, I don't need any help.
Q	Enakhra's Lament	Maybe another time.
Q	Enakhra's Lament	No, I'll stay with the one I chose first.
Q	Enakhra's Lament	No, that's all for now.
Q	Enakhra's Lament	Of course!
Q	Enakhra's Lament	Of course, I'll help you out.
Q	Enakhra's Lament	Okay, here's one million coins.
Q	Enakhra's Lament	Okay, I'll get on with it.
Q	Enakhra's Lament	Okay, I'll start building.
Q	Enakhra's Lament	Remove the statue's left arm
Q	Enakhra's Lament	Remove the statue's left leg
Q	Enakhra's Lament	Remove the statue's right arm
Q	Enakhra's Lament	Remove the statue's right leg
Q	Enakhra's Lament	So, how much do different blocks of sandstone weigh?
Q	Enakhra's Lament	Sure, sign me up!
Q	Enakhra's Lament	Tell me about the dark room.
Q	Enakhra's Lament	Tell me about the room with the fountain.
Q	Enakhra's Lament	Tell me about the room with the furnace.
Q	Enakhra's Lament	The head of a camel
Q	Enakhra's Lament	The head of Lazim, the sculptor
Q	Enakhra's Lament	The head of the god Icthlarin
Q	Enakhra's Lament	The head of the god Zamorak
Q	Enakhra's Lament	Where do I get the stone?
Q	Enakhra's Lament	Who's trapped you in this form?
Q	Enakhra's Lament	Why did you attack me?
Q	Enakhra's Lament	Why do you need so much money for it?
Q	Enakhra's Lament	Why won't you take more than 20 kg of stone?
Q	Enakhra's Lament	Why won't you take more than 32 kg of stone?
Q	Enakhra's Lament	Yes, I'd like to change my choice.
Q	Enakhra's Lament	Yes, I have more stone.
Q	Enakhra's Lament	You know, I've done something like this before...
Q	Enlightened Journey	Ask me what logs to use every time.
Q	Enlightened Journey	Bowl.
Q	Enlightened Journey	Could you tell me how to make an origami balloon?
Q	Enlightened Journey	Dye.
Q	Enlightened Journey	Err, no. I can't see that kind of detail.
Q	Enlightened Journey	Fine, I will.
Q	Enlightened Journey	Fine thanks.
Q	Enlightened Journey	How do you make the origami balloon?
Q	Enlightened Journey	I have lost my willow sapling. Can I buy a replacement?
Q	Enlightened Journey	I lost some items, what do I need again?
Q	Enlightened Journey	I'm having some trouble finding some of the items.
Q	Enlightened Journey	Never mind.
Q	Enlightened Journey	No.
Q	Enlightened Journey	No, I'm not ready.
Q	Enlightened Journey	No way!
Q	Enlightened Journey	Oh, I've misplaced them.
Q	Enlightened Journey	Okay.
Q	Enlightened Journey	Sandbags.
Q	Enlightened Journey	Silk.
Q	Enlightened Journey	Take logs from my inventory first.
Q	Enlightened Journey	Take logs from storage first.
Q	Enlightened Journey	Umm, yes. What's your point?
Q	Enlightened Journey	Use logs from inventory
Q	Enlightened Journey	Use logs from storage
Q	Enlightened Journey	Wait, tell me what we're doing.
Q	Enlightened Journey	What do I do again?
Q	Enlightened Journey	What do I need to get again?
Q	Enlightened Journey	Yes.
Q	Enlightened Journey	Yes, I have them here.
Q	Enlightened Journey	Yes, I want to give you some items.
Q	Ernest the Chicken	Aha, sounds like a quest. I'll help.
Q	Ernest the Chicken	Change him back this instant!
Q	Ernest the Chicken	I'm glad Veronica didn't actually get engaged to a chicken.
Q	Ernest the Chicken	I'm looking for a guy called Ernest.
N	Ernest the Chicken	Is this your house?
Q	Ernest the Chicken	No, I'm looking for something to kill.
N	Ernest the Chicken	What does this machine do?
Q	Ethically Acquired Antiquities	A real historian would never steal!
Q	Ethically Acquired Antiquities	About that empty display...
Q	Ethically Acquired Antiquities	About those notes...
Q	Ethically Acquired Antiquities	About Xerna's Diadem...
Q	Ethically Acquired Antiquities	Are you even a real historian, or just a petty criminal?
Q	Ethically Acquired Antiquities	Aren't you embarrassed to have stolen items in your collection?
Q	Ethically Acquired Antiquities	As long as it is just the one favour...
N	Ethically Acquired Antiquities	Can I see your wares?
N	Ethically Acquired Antiquities	Could I buy some more pink dye?
N	Ethically Acquired Antiquities	Could you tell me more about religion in Varlamore?
Q	Ethically Acquired Antiquities	Could you tell me more about that empty display?
N	Ethically Acquired Antiquities	Could you tell me more about the early history of Varlamore?
N	Ethically Acquired Antiquities	Could you tell me more about Varlamore's recent history?
Q	Ethically Acquired Antiquities	Dialogue 1
Q	Ethically Acquired Antiquities	Dialogue 2
Q	Ethically Acquired Antiquities	Dialogue 3
Q	Ethically Acquired Antiquities	Did you know Varlamore sends thieves to the Colosseum?
Q	Ethically Acquired Antiquities	Do you even have room to display this artefact?
N	Ethically Acquired Antiquities	Do you know where I could find any treasure?
Q	Ethically Acquired Antiquities	Do you really think you did the right thing?
Q	Ethically Acquired Antiquities	Do your colleagues know what you've done? What do they think?
Q	Ethically Acquired Antiquities	Don't you have enough artefacts of your own?
Q	Ethically Acquired Antiquities	Go on then.
Q	Ethically Acquired Antiquities	Hand that artefact back this instant!
N	Ethically Acquired Antiquities	Have you any interesting news?
Q	Ethically Acquired Antiquities	Have you no respect for your colleagues in Varlamore?
Q	Ethically Acquired Antiquities	Have you seen a grey-haired man with a case?
Q	Ethically Acquired Antiquities	Have you seen a man with a case?
Q	Ethically Acquired Antiquities	Have you seen anybody suspicious around?
N	Ethically Acquired Antiquities	How do I get a medallion?
Q	Ethically Acquired Antiquities	How do you explain the other stolen artefacts you have in storage?
Q	Ethically Acquired Antiquities	How do you sleep at night?
Q	Ethically Acquired Antiquities	How will Varlamorians learn their history now?
Q	Ethically Acquired Antiquities	How would you feel if someone came in here and stole all your stuff?
N	Ethically Acquired Antiquities	I'd like to change Renu's appearance.
Q	Ethically Acquired Antiquities	I found Xerna's Diadem...
Q	Ethically Acquired Antiquities	I guess you were just in it for the glory, were you?
N	Ethically Acquired Antiquities	I'm good, thanks.
Q	Ethically Acquired Antiquities	I'm looking for Xerna's Diadem.
Q	Ethically Acquired Antiquities	I'm sick of your excuses!
Q	Ethically Acquired Antiquities	I managed to decipher those notes.
Q	Ethically Acquired Antiquities	I thought archaeology was cool. I didn't realise it was just thieving!
Q	Ethically Acquired Antiquities	I was hoping for some help.
Q	Ethically Acquired Antiquities	If you're looking for stolen goods, I can get my hands on plenty.
Q	Ethically Acquired Antiquities	Is everything here stolen from other museums?
Q	Ethically Acquired Antiquities	Is the artefact really safer here?
Q	Ethically Acquired Antiquities	Just give it back already!
N	Ethically Acquired Antiquities	Just passing through, thanks.
Q	Ethically Acquired Antiquities	Look me in the eye and tell me you did the right thing.
Q	Ethically Acquired Antiquities	Maybe later.
Q	Ethically Acquired Antiquities	No.
Q	Ethically Acquired Antiquities	No thanks.
Q	Ethically Acquired Antiquities	Nobody wants to see stolen goods on display!
Q	Ethically Acquired Antiquities	Not right now.
Q	Ethically Acquired Antiquities	So, about that man with the case.
Q	Ethically Acquired Antiquities	So about those sails...
Q	Ethically Acquired Antiquities	So can anyone just go around stealing and call it archaeology?
Q	Ethically Acquired Antiquities	Stealing is against the law!
Q	Ethically Acquired Antiquities	Stealing is stealing, no matter how you try to justify it.
Q	Ethically Acquired Antiquities	Sure. What do you need?
N	Ethically Acquired Antiquities	Talk about Fossil Island.
Q	Ethically Acquired Antiquities	Thanks. If I have any questions, I'll be sure to ask.
Q	Ethically Acquired Antiquities	Think of the Varlamorian children who won't get to see this artefact.
Q	Ethically Acquired Antiquities	This artefact doesn't belong to you! It belongs to Varlamore!
Q	Ethically Acquired Antiquities	This could destroy your reputation! Everyone will think you're a thief!
Q	Ethically Acquired Antiquities	This is stealing! Thieving! Taking what's not yours!
Q	Ethically Acquired Antiquities	Varlamore might close their lands again after this.
Q	Ethically Acquired Antiquities	Varlamore might never let you and your colleagues visit again!
N	Ethically Acquired Antiquities	What do you have?
Q	Ethically Acquired Antiquities	What if I came into your house and stole your stuff?
Q	Ethically Acquired Antiquities	What if it's cursed?! It could be dangerous!
Q	Ethically Acquired Antiquities	What if Varlamore finds out what you've done?
Q	Ethically Acquired Antiquities	What makes you think you know better?
Q	Ethically Acquired Antiquities	Why don't you just cooperate with Varlamore?
Q	Ethically Acquired Antiquities	Why should you decide who gets to keep their artefacts?
Q	Ethically Acquired Antiquities	Yes.
N	Ethically Acquired Antiquities	Yes, I would like to charter a ship.
N	Ethically Acquired Antiquities	Yes please.
N	Ethically Acquired Antiquities	Yes, who are you?
Q	Ethically Acquired Antiquities	You can't justify theft by saying it's for preservation.
Q	Ethically Acquired Antiquities	You could have damaged the artefact!
Q	Ethically Acquired Antiquities	You don't even have room to display it! It's just sitting in storage!
Q	Ethically Acquired Antiquities	You ought to be ashamed.
Q	Ethically Acquired Antiquities	You're a disgrace to your entire profession!
Q	Ethically Acquired Antiquities	You're a loose cannon.
Q	Ethically Acquired Antiquities	You're hoarding artefacts, but you should be sharing them!
Q	Ethically Acquired Antiquities	You're not above the law! You stole this stuff!
Q	Ethically Acquired Antiquities	You're not preserving anything. You're just a thief.
Q	Ethically Acquired Antiquities	You're nothing but a common thief!
Q	Ethically Acquired Antiquities	You're setting a terrible example.
Q	Ethically Acquired Antiquities	You're supposed to protect history, not steal it!
Q	Ethically Acquired Antiquities	You should be ashamed of yourself.
Q	Ethically Acquired Antiquities	You should give Varlamore a chance before stealing their stuff.
Q	Ethically Acquired Antiquities	You should return all these artefacts. It's the only right thing to do.
Q	Ethically Acquired Antiquities	You've betrayed the trust of Varlamore.
Q	Ethically Acquired Antiquities	You've committed a crime.
Q	Ethically Acquired Antiquities	You've ruined Varlamore's museum.
Q	Ethically Acquired Antiquities	You've stolen from several other museums, too!
Q	Fairytale I - Growing Pains	Anything I can help with?
Q	Fairytale I - Growing Pains	Are you a member of the Group of Advanced Gardeners?
Q	Fairytale I - Growing Pains	Ask about the quest.
N	Fairytale I - Growing Pains	Ask about the Skillcape of Farming.
N	Fairytale I - Growing Pains	Can you give me any farming advice?
N	Fairytale I - Growing Pains	Can you sell me something?
Q	Fairytale I - Growing Pains	Could you tell me how to kill a Tanglefoot again, please?
N	Fairytale I - Growing Pains	I'll come back another time.
Q	Fairytale I - Growing Pains	I need help with fighting a Tanglefoot.
Q	Fairytale I - Growing Pains	I was asking you about fighting a Tanglefoot...
Q	Fairytale I - Growing Pains	No.
Q	Fairytale I - Growing Pains	Of course I'll help.
Q	Fairytale I - Growing Pains	Oh dear. I hope you can sort them out by yourself.
Q	Fairytale I - Growing Pains	Sorry, I have better things to do.
Q	Fairytale I - Growing Pains	That's all, thanks.
Q	Fairytale I - Growing Pains	What did I need to take to the Nature Spirit again?
Q	Fairytale I - Growing Pains	What is the banner for?
Q	Fairytale I - Growing Pains	What's going on here?
N	Fairytale I - Growing Pains	Where can I get clothes like those?
Q	Fairytale I - Growing Pains	Where's the Fairy Queen?
Q	Fairytale I - Growing Pains	Where's the Fairy Queen's throne gone?
Q	Fairytale I - Growing Pains	Who are you?
N	Fairytale I - Growing Pains	Who are you and what are you doing here?
N	Fairytale I - Growing Pains	Would you look after my crops for me?
Q	Fairytale I - Growing Pains	Yes.
Q	Fairytale II - Cure a Queen	Ask about the quest.
N	Fairytale II - Cure a Queen	Ask about the Skillcape of Farming.
Q	Fairytale II - Cure a Queen	Dialogue 1
Q	Fairytale II - Cure a Queen	Dialogue 2
Q	Fairytale II - Cure a Queen	Dialogue 3
Q	Fairytale II - Cure a Queen	Dialogue 4
Q	Fairytale II - Cure a Queen	Dialogue 5
Q	Fairytale II - Cure a Queen	Dialogue 6
Q	Fairytale II - Cure a Queen	Dialogue 7
Q	Fairytale II - Cure a Queen	Do you have any idea who could have done this?
Q	Fairytale II - Cure a Queen	Fairy Nuff's certificate.
N	Fairytale II - Cure a Queen	I'm just looking around, thanks.
Q	Fairytale II - Cure a Queen	I'm looking for a Star Flower.
Q	Fairytale II - Cure a Queen	I'm okay, thanks.
Q	Fairytale II - Cure a Queen	No, I'll rescue her myself.
Q	Fairytale II - Cure a Queen	No, there's no chance of that happening.
Q	Fairytale II - Cure a Queen	Oh, okay then.
Q	Fairytale II - Cure a Queen	Show the Godfather the Certificate!
Q	Fairytale II - Cure a Queen	The fairy rings.
Q	Fairytale II - Cure a Queen	Where could she have been taken to?
Q	Fairytale II - Cure a Queen	Where have all the fairies gone?
Q	Fairytale II - Cure a Queen	Where is the Fairy Queen?
N	Fairytale II - Cure a Queen	Who are you?
Q	Fairytale II - Cure a Queen	Why are you carrying that toolbox?
Q	Fairytale II - Cure a Queen	Yes, okay.
Q	Fallen From Grace	Do you know where the Mad Angel came from?
N	Fallen From Grace	Have you any rewards for me, or anything to trade?
Q	Fallen From Grace	I'd best get going.
Q	Fallen From Grace	I'm looking for Keenan. You haven't seen him, have you?
N	Fallen From Grace	I need another assignment.
Q	Fallen From Grace	Ignore it
Q	Fallen From Grace	Leave them.
N	Fallen From Grace	Let's talk about the difficulty of my assignments.
N	Fallen From Grace	More options...
Q	Fallen From Grace	No.
Q	Fallen From Grace	Read it
Q	Fallen From Grace	Read the back.
Q	Fallen From Grace	Read the front.
Q	Fallen From Grace	So you say you're a Slayer Master?
Q	Fallen From Grace	Thanks.
Q	Fallen From Grace	Try to pick the lock.
N	Fallen From Grace	What am I meant to be doing here?
Q	Fallen From Grace	What tributes are you meant to give to the Mad Angel?
Q	Fallen From Grace	Yes.
Q	Family Crest	Are you Caleb Fitzharmon?
N	Family Crest	Could you sell me a dragon scimitar?
N	Family Crest	Do you want to trade?
Q	Family Crest	Good luck with that then.
Q	Family Crest	Hello. I'm in search of very high quality gold.
Q	Family Crest	Hello short person
Q	Family Crest	Hi, I am a bold adventurer.
N	Family Crest	How much are they?
Q	Family Crest	I am still working on it.
Q	Family Crest	I have lost the fragment you gave me...
Q	Family Crest	I have lost the piece you gave me.
Q	Family Crest	I'll see what your brothers have to offer first.
Q	Family Crest	I'm in search of a man named Avan Fitzharmon.
Q	Family Crest	I'm looking for a man named Avan Fitzharmon
Q	Family Crest	I'm not interested in that adventure right now.
Q	Family Crest	I see you are a chef, will you cook me anything?
Q	Family Crest	I shall see what options your brothers can offer me first.
Q	Family Crest	I think I'll check my other options with your brothers.
N	Family Crest	I think I'll give it a miss.
Q	Family Crest	I will be on my way now.
N	Family Crest	No. Silk doesn't suit me.
N	Family Crest	No thank you.
N	Family Crest	No thank you, that's not my scene.
N	Family Crest	No thanks.
Q	Family Crest	Nothing, I will be on my way.
Q	Family Crest	Ok, I will get those.
Q	Family Crest	Ok, I will help you.
Q	Family Crest	So can I have your bit?
Q	Family Crest	So how did you end up getting poisoned?
Q	Family Crest	So, is this Chronozon hard to defeat?
Q	Family Crest	So where is this crest?
Q	Family Crest	Thank you very much!
Q	Family Crest	That sounds good, improve them for me.
Q	Family Crest	That sounds good to me.
Q	Family Crest	Uh... what happened to the rest of it?
Q	Family Crest	Uh.. what happened to the rest of the crest?
N	Family Crest	What have you got?
Q	Family Crest	Where can I find Chronozon?
Q	Family Crest	Why are you called boot?
Q	Family Crest	Why are you hanging around a in a scorpion pit?
Q	Family Crest	Why are you so desperate for it?
Q	Family Crest	Why don't you just give me the crest?
Q	Family Crest	Why would a nobleman live in a dump like this?
Q	Family Crest	Why would he do that?
Q	Family Crest	Wish me luck.
N	Family Crest	Yes please.
Q	Family Crest	Yes, please do that for me.
N	Family Crest	Yes please. What are you selling?
Q	Family Crest	You're rich then? Can I have some money?
Q	Fight Arena	Dialogue 1
Q	Fight Arena	Dialogue 1 (Wearing Khazard armour)
Q	Fight Arena	Dialogue 2
Q	Fight Arena	Dialogue 2 (Wearing Khazard armour)
Q	Fight Arena	Dialogue 3
Q	Fight Arena	Dialogue 3 (Not wearing Khazard armour)
Q	Fight Arena	Dialogue 4
Q	Fight Arena	Dialogue 4 (Not wearing Khazard armour)
N	Fight Arena	Got any news?
Q	Fight Arena	I'd like a Khali brew please.
N	Fight Arena	I'll have a beer please.
N	Fight Arena	I'm good, thanks.
Q	Fight Arena	No.
Q	Fight Arena	Yes.
Q	Fishing Contest	Actually I'll go back and catch some more.
Q	Fishing Contest	Are you entering the fishing competition?
Q	Fishing Contest	Can I buy one of your fishing rods?
Q	Fishing Contest	Can I fish here instead of you?
Q	Fishing Contest	Do you have a brother?
Q	Fishing Contest	Do you have any tips for me?
Q	Fishing Contest	I didn't want to anyway.
Q	Fishing Contest	I don't suppose you could give me any hints?
Q	Fishing Contest	I have this big fish. Is it enough to win?
Q	Fishing Contest	I'll enter the competition please.
Q	Fishing Contest	I'm bigger than you. Let me by.
Q	Fishing Contest	I need another competition pass.
Q	Fishing Contest	I think I might still be able to find a bigger fish.
Q	Fishing Contest	I've forgotten how to fish, can you remind me?
Q	Fishing Contest	I was just stopping to say hello!
Q	Fishing Contest	I was wondering what was down those stairs?
Q	Fishing Contest	If you get thirsty you should drink something.
Q	Fishing Contest	If you were my friend I wouldn't mind it.
Q	Fishing Contest	Is it nice there?
Q	Fishing Contest	No.
Q	Fishing Contest	No, it takes preparation to win fishing competitions.
Q	Fishing Contest	No thanks, I'll just watch the fun.
Q	Fishing Contest	Oh, sorry, I hadn't realised it was private.
Q	Fishing Contest	Ooh... is this a shortcut to somewhere?
Q	Fishing Contest	So... you like fishing?
Q	Fishing Contest	So you're the champ?
Q	Fishing Contest	Sorry, I don't have time now.
Q	Fishing Contest	Tell me a story then.
Q	Fishing Contest	That's less competition for me then.
Q	Fishing Contest	Um... nothing really...
Q	Fishing Contest	Well, good luck with the fishing.
Q	Fishing Contest	Well, let's be friends!
Q	Fishing Contest	Who are you?
Q	Fishing Contest	Why not?
Q	Fishing Contest	Yes.
Q	Fishing Contest	Yes I'll compete again another day.
Q	Fishing Contest	You're a grumpy little man aren't you?
Q	Fishing Contest	You're a vampyre aren't you?
N	Forgettable Tale...	A beer please.
N	Forgettable Tale...	A dwarven stout please.
N	Forgettable Tale...	A fine wine please.
Q	Forgettable Tale...	A Kelda stout please.
Q	Forgettable Tale...	Alright, I'll deliver that letter for you.
Q	Forgettable Tale...	Ask about closed off tunnel.
N	Forgettable Tale...	Ask any other question.
Q	Forgettable Tale...	Can you help me with a boarded up tunnel?
N	Forgettable Tale...	Do you have any more tasks for me?
N	Forgettable Tale...	Hello there! Are you alright?
N	Forgettable Tale...	I'd like a beer please.
Q	Forgettable Tale...	I'd like a Kelda stout please.
N	Forgettable Tale...	I'd like some food please.
Q	Forgettable Tale...	I'd rather just sit here and stare at this patch, thanks.
N	Forgettable Tale...	I have to go.
Q	Forgettable Tale...	I need to know about the Red Axe...
N	Forgettable Tale...	It's an honour to meet you!
Q	Forgettable Tale...	No.
Q	Forgettable Tale...	No, I haven't been to Falador yet, but I will soon.
Q	Forgettable Tale...	No, I've decided not to deliver it after all.
Q	Forgettable Tale...	No, sorry, I've lost your letter.
Q	Forgettable Tale...	No wait, I want to borrow it after all.
N	Forgettable Tale...	Nothing, thanks
Q	Forgettable Tale...	Some other time, perhaps.
Q	Forgettable Tale...	Talk about Kelda hop seeds.
N	Forgettable Tale...	Talk about multicannon schematics.
N	Forgettable Tale...	Thank you for your time.
Q	Forgettable Tale...	Very interested!
Q	Forgettable Tale...	What if I offer you a drink?
N	Forgettable Tale...	Who is that man walking around outside?
Q	Forgettable Tale...	Yes.
Q	Garden of Tranquillity	Actually, it seems like a lot of hard work for nothing.
Q	Garden of Tranquillity	Ah, it all makes sense now - you're a psychopath.
Q	Garden of Tranquillity	Are you sure there's nothing you can suggest?
Q	Garden of Tranquillity	But I was told that you did!
Q	Garden of Tranquillity	Can I have another list?
Q	Garden of Tranquillity	Can I have some more orchid seeds?
Q	Garden of Tranquillity	Can I have some more snowdrop seeds?
Q	Garden of Tranquillity	Can I have some rosebush seeds, please?
Q	Garden of Tranquillity	Can I retake the diplomacy test?
Q	Garden of Tranquillity	Can I use this garden for my own farming?
N	Garden of Tranquillity	Can you give me any farming advice?
N	Garden of Tranquillity	Can you sell me something?
Q	Garden of Tranquillity	[Charm] A secret is a dreadful burden to have to keep to yourself.
Q	Garden of Tranquillity	[Charm] Aarrrrrghhhh! I hate cabbages!!!! Give me the seeds!!!!!
Q	Garden of Tranquillity	[Charm] And what is the nature of this fee that you pay?
Q	Garden of Tranquillity	[Charm] Are you sure you don't just want to give me the seeds now?
Q	Garden of Tranquillity	[Charm] But it is the only way that these vines will be cured.
Q	Garden of Tranquillity	[Charm] How can you deal with so much guilt?
Q	Garden of Tranquillity	[Charm] I don't like to see a fellow human being so upset.
Q	Garden of Tranquillity	[Charm] I think that there is something that you are not telling me.
Q	Garden of Tranquillity	[Charm] I think you wanted to give me a thousand coins...
Q	Garden of Tranquillity	[Charm] If not yours, then whose blood are you offering?
Q	Garden of Tranquillity	[Charm] If you tell me your problems, I may be able to help you.
Q	Garden of Tranquillity	[Charm] Millions? Ah, just what I wanted to hear...
Q	Garden of Tranquillity	[Charm] Not just AN expert, Elstan - they say you are THE expert.
Q	Garden of Tranquillity	[Charm] Of course, your majesty - please forgive me.
Q	Garden of Tranquillity	[Charm] Oh for Saradomin's sake, just give me the seeds!
Q	Garden of Tranquillity	[Charm] Oh no, I love listening to gardening stories...
Q	Garden of Tranquillity	[Charm] So what ails you, my friend?
Q	Garden of Tranquillity	[Charm] So what can I do for you?
Q	Garden of Tranquillity	[Charm] That is why I have come to an expert for advice.
Q	Garden of Tranquillity	[Charm] The Queen asked me to bring you.
Q	Garden of Tranquillity	[Charm] These are the most beautiful rosebushes I've ever seen.
Q	Garden of Tranquillity	[Charm] Times must be very hard for you.
Q	Garden of Tranquillity	[Charm] Unless you allow me to do this she will die anyway.
Q	Garden of Tranquillity	[Charm] Well, is there anything I can do for you?
Q	Garden of Tranquillity	[Charm] Whatever you've done, I'm sure you had just cause.
Q	Garden of Tranquillity	[Charm] Yes, I was wondering about that.
Q	Garden of Tranquillity	[Charm] You're hiding something from me.
Q	Garden of Tranquillity	[Charm] You seem to be a little irritable, my friend.
Q	Garden of Tranquillity	Dialogue 1
Q	Garden of Tranquillity	Dialogue 2
Q	Garden of Tranquillity	Dialogue 3
Q	Garden of Tranquillity	Dialogue 4
Q	Garden of Tranquillity	Do you have any delphinium seeds to spare?
Q	Garden of Tranquillity	Do you have any orchid seeds to spare?
Q	Garden of Tranquillity	Do you have any snowdrop seeds to spare?
Q	Garden of Tranquillity	Do you know how I could grow a White Tree?
Q	Garden of Tranquillity	Don't let me stop you, there are plenty of ships missing cabin boys.
Q	Garden of Tranquillity	Er, can I withdraw my offer of help now?
Q	Garden of Tranquillity	How am I supposed to move statues all the way here?
Q	Garden of Tranquillity	How can I re-obtain the Ring of Charos?
Q	Garden of Tranquillity	I accept the deal.
Q	Garden of Tranquillity	I can only say one thing to you - move.
Q	Garden of Tranquillity	I can't believe that - can I have another go?
Q	Garden of Tranquillity	I can't take it anymore - just give me the seeds.
Q	Garden of Tranquillity	I have returned to you with the Ring of Charos.
Q	Garden of Tranquillity	I have those marigolds for you.
Q	Garden of Tranquillity	I'll have you know I'm a pretty good farmer, actually!
Q	Garden of Tranquillity	I'm not concerned, I just want you to give me some snowdrop seeds.
Q	Garden of Tranquillity	I'm not wasting my time growing cabbages.
Q	Garden of Tranquillity	I need to ask you about strong plant cures.
Q	Garden of Tranquillity	I think not - I've loitered too long in this land.
Q	Garden of Tranquillity	I thought you said anything!
N	Garden of Tranquillity	More...
Q	Garden of Tranquillity	No.
Q	Garden of Tranquillity	No, I don't have time to do that.
Q	Garden of Tranquillity	No, I just said that to get you to give me some seeds.
Q	Garden of Tranquillity	No, not really - you fit in here a treat.
Q	Garden of Tranquillity	Not really.
Q	Garden of Tranquillity	Oh stop whining, it's not like you do it for free.
Q	Garden of Tranquillity	Oh well, that's that I suppose.
Q	Garden of Tranquillity	Okay, I'll grow you some marigolds.
Q	Garden of Tranquillity	Okay, I've grown those cabbages like you asked.
Q	Garden of Tranquillity	Queen Ellamaria has sent me to seek your guidance.
Q	Garden of Tranquillity	Somebody kill me now.
Q	Garden of Tranquillity	Something tells me that you actually enjoy it, really.
Q	Garden of Tranquillity	Thanks for your help, wise old man.
Q	Garden of Tranquillity	That's a deal - I'll grow a patch of onions for you.
Q	Garden of Tranquillity	That's a deal - I'll let you know when your cabbages are ready.
N	Garden of Tranquillity	That's all, thanks.
Q	Garden of Tranquillity	That's it - I've had it with royalty.
Q	Garden of Tranquillity	Then my quest is over - I cannot grow a White Tree.
Q	Garden of Tranquillity	Well, if you can't be bothered then neither can I.
Q	Garden of Tranquillity	What did I agree to do for delphinium seeds?
Q	Garden of Tranquillity	What did you ask me to do?
Q	Garden of Tranquillity	What I am supposed to be getting again?
Q	Garden of Tranquillity	What's the supercompost potion for?
Q	Garden of Tranquillity	Will these patches need much in the way of watering?
Q	Garden of Tranquillity	Would you like to follow me for a minute?
N	Garden of Tranquillity	Would you look after my crops for me?
Q	Garden of Tranquillity	*Yawn* Could you get to the point please?
Q	Garden of Tranquillity	Yeah, carry on - milk it for all it's worth.
Q	Garden of Tranquillity	Yes.
Q	Garden of Tranquillity	Yes, please stop right now.
Q	Garden of Tranquillity	You need to chill out and stop taking yourself so seriously.
Q	Garden of Tranquillity	You should get out a bit more and quit worrying about trees.
Q	Gertrude's Cat	I'm not paying you a penny.
Q	Gertrude's Cat	No.
Q	Gertrude's Cat	Okay then, I'll pay.
Q	Gertrude's Cat	Tell me sonny, or I will hurt you.
Q	Gertrude's Cat	Well never mind, it's Fluffs' loss.
Q	Gertrude's Cat	What will make you tell me?
Q	Gertrude's Cat	Yes.
Q	Getting Ahead	Great to hear. All the best.
Q	Getting Ahead	Need a hand with anything?
Q	Getting Ahead	No.
Q	Getting Ahead	Very nice. Well I hope it goes well for you.
Q	Getting Ahead	Yes.
Q	Ghosts Ahoy	1 pace
Q	Ghosts Ahoy	10 paces
Q	Ghosts Ahoy	2 paces
Q	Ghosts Ahoy	4 paces
Q	Ghosts Ahoy	After hearing Velorina's story I will be happy to help out.
Q	Ghosts Ahoy	Bottom half
Q	Ghosts Ahoy	Bribe dialogue 1
Q	Ghosts Ahoy	Bribe dialogue 2
Q	Ghosts Ahoy	Bribe dialogue 3
Q	Ghosts Ahoy	Can I buy a beer?
Q	Ghosts Ahoy	Can I have another Ectophial?
Q	Ghosts Ahoy	Can I have the key to the chest?
Q	Ghosts Ahoy	Can I hear some gossip?
Q	Ghosts Ahoy	Do a chicken impression.
Q	Ghosts Ahoy	Do you have any jobs I can do?
Q	Ghosts Ahoy	Do you know where I can find the Book of Haricanto?
Q	Ghosts Ahoy	Do you know where I can find the Robes of Necrovarus?
Q	Ghosts Ahoy	Do you know where this woman can be found?
Q	Ghosts Ahoy	East
Q	Ghosts Ahoy	Good news! I have found your son!
Q	Ghosts Ahoy	Have I? Okay, forget it.
Q	Ghosts Ahoy	How do you play Runedraw?
Q	Ghosts Ahoy	I am afraid I have not found your son yet.
Q	Ghosts Ahoy	I know, but can I have another one anyway?
Q	Ghosts Ahoy	I'll go and search for those items you asked for.
Q	Ghosts Ahoy	I'll go and search for those items you wanted.
Q	Ghosts Ahoy	I'm sorry, I don't really think I should get involved.
Q	Ghosts Ahoy	I need something to translate the Book of Haricanto.
Q	Ghosts Ahoy	I thought you were going to pass over to the next world.
Q	Ghosts Ahoy	If I pay 500 ectotokens, can I get unlimited trips?
Q	Ghosts Ahoy	If it was such a long time ago, won't she be dead already?
Q	Ghosts Ahoy	Is this your toy boat?
Q	Ghosts Ahoy	Let any ghost who so wishes pass on into the next world.
Q	Ghosts Ahoy	No.
Q	Ghosts Ahoy	No - could you tell me?
Q	Ghosts Ahoy	No, I didn't mean a job like that.
Q	Ghosts Ahoy	No, that doesn't sound fun.
Q	Ghosts Ahoy	No, you didn't pay up the last time you lost.
Q	Ghosts Ahoy	North
Q	Ghosts Ahoy	Not now, thanks.
Q	Ghosts Ahoy	Nothing, thanks.
Q	Ghosts Ahoy	Okay, here's 25 ectotokens. Let's go.
Q	Ghosts Ahoy	Okay, if you insist.
Q	Ghosts Ahoy	Okay, wait here - I'll get you your bow.
Q	Ghosts Ahoy	Oppose dialogue 1
Q	Ghosts Ahoy	Oppose dialogue 2
Q	Ghosts Ahoy	Oppose dialogue 3
Q	Ghosts Ahoy	Oppose dialogue 4
Q	Ghosts Ahoy	Remind me - what can I do about Necrovarus?
Q	Ghosts Ahoy	Skull emblem
Q	Ghosts Ahoy	Sorry, I have too much to do at the moment.
Q	Ghosts Ahoy	Sorry, I'm scared of ghosts.
Q	Ghosts Ahoy	South
Q	Ghosts Ahoy	Support dialogue 1
Q	Ghosts Ahoy	Support dialogue 2
Q	Ghosts Ahoy	Support dialogue 3
Q	Ghosts Ahoy	Support dialogue 4
Q	Ghosts Ahoy	Support dialogue 5
Q	Ghosts Ahoy	Tell me a joke.
Q	Ghosts Ahoy	There's no way I'm giving in to corruption.
Q	Ghosts Ahoy	Top half
Q	Ghosts Ahoy	West
Q	Ghosts Ahoy	What did you want me to get for you?
Q	Ghosts Ahoy	What happened to the folk of this town?
Q	Ghosts Ahoy	What is your name?
Q	Ghosts Ahoy	Why, what is the matter?
Q	Ghosts Ahoy	Yes.
Q	Ghosts Ahoy	Yes, I'd be delighted.
Q	Ghosts Ahoy	Yes, I do. It is a very sad story.
Q	Ghosts Ahoy	Yes, I'll give you a game.
Q	Ghosts Ahoy	You are doing so much for me - is there anything I can do for you?
Q	Goblin Diplomacy	Dialogue 1
Q	Goblin Diplomacy	Dialogue 2
Q	Goblin Diplomacy	Dialogue 3
Q	Goblin Diplomacy	Dialogue 4
Q	Goblin Diplomacy	Dialogue 5
Q	Goblin Diplomacy	Do you want me to pick an armour colour for you?
Q	Goblin Diplomacy	I'll leave you to it.
Q	Goblin Diplomacy	No.
Q	Goblin Diplomacy	No, he doesn't look fat.
Q	Goblin Diplomacy	Okay, I'll be back soon.
Q	Goblin Diplomacy	What about a different colour?
Q	Goblin Diplomacy	What is the goblin new century?
Q	Goblin Diplomacy	Where do I get dye?
Q	Goblin Diplomacy	Where do I get goblin armour?
Q	Goblin Diplomacy	Why are you arguing about the colour of your armour?
Q	Goblin Diplomacy	Wouldn't you prefer peace?
Q	Goblin Diplomacy	Yes.
Q	Goblin Diplomacy	Yes, he looks fat.
Q	Goblin Diplomacy	You should wear green.
Q	Goblin Diplomacy	You should wear red.
Q	Grim Tales	Do you have any quests for me?
Q	Grim Tales	Do you have any weird items in your collection?
Q	Grim Tales	He saw a big axe leaning on the wall.
Q	Grim Tales	He saw a hole he could just fit through.
Q	Grim Tales	He saw a small sandwich on the floor.
Q	Grim Tales	He saw some bones lying in the corner.
Q	Grim Tales	How do I find Grimgnash again?
Q	Grim Tales	I can fly!
Q	Grim Tales	I could ask the princess!
Q	Grim Tales	I could kill the princess for you!
Q	Grim Tales	I could try and climb the walls.
Q	Grim Tales	I could try and climb up.
Q	Grim Tales	I could try speaking to the princess.
Q	Grim Tales	I have come for your magic feather!
Q	Grim Tales	I heard you were a great and mighty Griffin!
Q	Grim Tales	I need a key for the house.
Q	Grim Tales	I see there is an embarrassed-looking dwarf...
Q	Grim Tales	I should be off, I think.
Q	Grim Tales	Is there anything up there that can help?
Q	Grim Tales	Locked him in an iron cage.
Q	Grim Tales	Locked the gnome in the attic to die.
Q	Grim Tales	No.
Q	Grim Tales	Put him into a pot for dinner.
Q	Grim Tales	Skullrot hungrily grabbed the gnome's hair.
Q	Grim Tales	Skullrot laughed at the gnome.
Q	Grim Tales	Skullrot left the gnome there to die.
Q	Grim Tales	Skullrot lifted the gravestone off.
Q	Grim Tales	Skullrot was angry!
Q	Grim Tales	Skullrot was happy!
Q	Grim Tales	Skullrot was insane!
Q	Grim Tales	Skullrot was sad!
Q	Grim Tales	Started to strangle the poor gnome.
Q	Grim Tales	That's an unusual name. Where is it from?
Q	Grim Tales	There lived a skeleton named Boney.
Q	Grim Tales	There lived a skeleton named Grimgnash.
Q	Grim Tales	There lived a skeleton named Harry.
Q	Grim Tales	There lived a skeleton named Skullrot.
Q	Grim Tales	There must be something down here that might help.
Q	Grim Tales	There once was a graveyard filled with undead.
Q	Grim Tales	There once was a king named Roland.
Q	Grim Tales	There once was a little bunny called Flumper.
Q	Grim Tales	There once was a princess named Esmerelda.
Q	Grim Tales	What do you need the feather for?
Q	Grim Tales	What does your pendant look like?
Q	Grim Tales	What's the other item I need to find?
Q	Grim Tales	Where are you the princess of exactly?
Q	Grim Tales	Where is your second-cousin's house?
Q	Grim Tales	Yes.
Q	Grim Tales	You could try and climb down.
Q	Grim Tales	Your first-cousin, once removed?
Q	Grim Tales	Your first-cousin, twice removed?
Q	Grim Tales	Your second-cousin, once removed?
Q	Grim Tales	Your second-cousin, twice removed?
Q	Haunted Mine	And I would be one of them. So, can I borrow that key?
Q	Haunted Mine	And what sort of purpose would that be?
Q	Haunted Mine	And you think you'll be safer in the mine than me?
Q	Haunted Mine	Can I borrow your key?
Q	Haunted Mine	Can you explain the history of these mines again?
Q	Haunted Mine	Fine, I didn't want to talk to you either.
Q	Haunted Mine	How can you be discreet with THAT star emblazoned on your robes?
Q	Haunted Mine	How does a lost artefact that was only legendary help?
Q	Haunted Mine	I can make my own choices.
Q	Haunted Mine	I can't see anyone behind you.
Q	Haunted Mine	I come seeking challenges and quests.
Q	Haunted Mine	I could ask the same of you.
Q	Haunted Mine	I didn't want that key anyway.
Q	Haunted Mine	I follow the path of Saradomin.
Q	Haunted Mine	I have no particular allegiance.
Q	Haunted Mine	I'll trade for it.
Q	Haunted Mine	I must be going now.
Q	Haunted Mine	I serve only Zamorak.
Q	Haunted Mine	I've found the second entrance to the mine.
Q	Haunted Mine	I've made it in to the mines.
Q	Haunted Mine	Is that much consolation?
Q	Haunted Mine	Is there any other way into the mines?
Q	Haunted Mine	Leave it.
Q	Haunted Mine	My beliefs are in accord with the teachings of Guthix.
Q	Haunted Mine	No.
Q	Haunted Mine	Nonsense, he'll be no match for me.
Q	Haunted Mine	Ok I lied.
Q	Haunted Mine	Please? I'll be very careful with it.
Q	Haunted Mine	Pretty pretty please?
Q	Haunted Mine	Take it.
Q	Haunted Mine	Then I shall leave you to your business.
Q	Haunted Mine	What is this quest of which you speak?
Q	Haunted Mine	Where is the second entrance to the mines?
Q	Haunted Mine	Who did you say Dayth was again?
Q	Haunted Mine	Why was everyone in the mines slaughtered?
Q	Haunted Mine	Why, what are you doing?
Q	Haunted Mine	Yes.
Q	Haunted Mine	You're nuts, goodbye.
Q	Haunted Mine	You're right, I was wrong to doubt Saradomin.
Q	Hazeel Cult	Actually, I have no questions.
Q	Hazeel Cult	Actually, I need more time to think on this.
Q	Hazeel Cult	Alright, how do I do it?
Q	Hazeel Cult	Alright, I've made my decision.
Q	Hazeel Cult	Before I decide, I have some questions for you.
Q	Hazeel Cult	Do nothing.
Q	Hazeel Cult	I'll help you.
Q	Hazeel Cult	I need some time to think on this.
Q	Hazeel Cult	I won't help you.
Q	Hazeel Cult	No.
Q	Hazeel Cult	Tell me more about Hazeel.
Q	Hazeel Cult	Turn it to the left.
Q	Hazeel Cult	Turn it to the right.
Q	Hazeel Cult	What can you tell me about the Mahjarrat?
Q	Hazeel Cult	What's wrong?
Q	Hazeel Cult	Why did the Carnilleans rebel against Hazeel?
Q	Hazeel Cult	Why do you keep breaking into the Carnillean Mansion?
Q	Hazeel Cult	Yes.
Q	Hazeel Cult	You probably deserve it.
Q	Hazeel Cult	You seem uptight, I'll leave you alone.
Q	Heroes' Quest	Any hints on getting the armband?
Q	Heroes' Quest	Any hints on getting the eel?
Q	Heroes' Quest	Any hints on getting the feather?
Q	Heroes' Quest	Anything I can do now?
Q	Heroes' Quest	Black cat.
Q	Heroes' Quest	Can I go in there?
N	Heroes' Quest	Can you heal me? I'm injured.
Q	Heroes' Quest	Do you sell Gherkins?
Q	Heroes' Quest	Do you want to trade?
Q	Heroes' Quest	Four leaved clover.
Q	Heroes' Quest	He won't notice me having a quick look.
Q	Heroes' Quest	I'll start looking for all those things then.
Q	Heroes' Quest	I'm a fellow member of the Phoenix gang.
Q	Heroes' Quest	I'm looking for a gherkin...
Q	Heroes' Quest	I volunteer to undertake that mission!
Q	Heroes' Quest	I want for nothing!
Q	Heroes' Quest	I want to come in.
Q	Heroes' Quest	I want to find out how to catch a lava eel.
Q	Heroes' Quest	I want to steal Scarface Pete's candlesticks.
Q	Heroes' Quest	Is there any way I can get the rank of master thief?
N	Heroes' Quest	Isn't this place built a bit out the way
Q	Heroes' Quest	Just exploring...
N	Heroes' Quest	Let's see what you've got then.
Q	Heroes' Quest	Lucky horseshoe.
Q	Heroes' Quest	No.
N	Heroes' Quest	No thank you.
Q	Heroes' Quest	Ok, I'll leave it.
Q	Heroes' Quest	Pleased to meet you.
Q	Heroes' Quest	Rabbit's foot.
Q	Heroes' Quest	So can I guard the treasure room please?
Q	Heroes' Quest	So can you help me get Scarface Pete's candlesticks?
Q	Heroes' Quest	So what do my duties involve?
N	Heroes' Quest	Sorry, I'm not interested.
Q	Heroes' Quest	Sun, sand and the fresh sea air!
Q	Heroes' Quest	Well, good luck then.
Q	Heroes' Quest	Well, I'd better sort my new room out.
N	Heroes' Quest	Where do you get your Karambwan from?
N	Heroes' Quest	Who are all those people in there?
Q	Heroes' Quest	Would you like your hedges trimming?
Q	Heroes' Quest	Yes.
N	Heroes' Quest	Yes please.
Q	Holy Grail	Actually I think I'll run away!
Q	Holy Grail	Any idea how to get into the castle?
N	Holy Grail	Are you any relation to Sir Galahad?
Q	Holy Grail	Come with me, I shall make you a king.
N	Holy Grail	Do you get lonely here on your own?
Q	Holy Grail	Do you mind if I have a look around?
Q	Holy Grail	Good day.
Q	Holy Grail	How did you end up in a sack?
Q	Holy Grail	How did you know what I have been doing?
Q	Holy Grail	How's the fishing?
Q	Holy Grail	I am weary of questing for the time being...
Q	Holy Grail	I'm on a quest to find the Holy Grail!
Q	Holy Grail	I seek an item from the realm of the Fisher King.
Q	Holy Grail	I seek the Holy Grail.
Q	Holy Grail	Know you of any quests sir knight?
Q	Holy Grail	No.
Q	Holy Grail	Ok, I will go searching.
Q	Holy Grail	Okay, have at ye oh evil knight!
Q	Holy Grail	So how can I find it?
Q	Holy Grail	Tell me of this quest.
Q	Holy Grail	Thank you for the advice.
Q	Holy Grail	The point of realm crossing?
Q	Holy Grail	Well, I'd better be going then.
Q	Holy Grail	What are the six heads?
Q	Holy Grail	What are you talking about?
Q	Holy Grail	What do you mean by the whistle?
Q	Holy Grail	What's a Fisher King?
Q	Holy Grail	Where can I find Sir Galahad?
Q	Holy Grail	Why did you leave?
Q	Holy Grail	Why didn't you bring the Grail with you?
Q	Holy Grail	Yes.
Q	Holy Grail	Yes, well, this place is a dump.
Q	Holy Grail	You don't look too well.
Q	Holy Grail	Your father wishes to speak to you.
Q	Horror from the Deep	But how can I help?
Q	Horror from the Deep	How can I fix the bridge?
Q	Horror from the Deep	I'll see what I can do
Q	Horror from the Deep	No
Q	Horror from the Deep	Sorry, just passing through
Q	Horror from the Deep	Take all three books
Q	Horror from the Deep	Take Jossiks' Journal
Q	Horror from the Deep	Take the ancient Diary
Q	Horror from the Deep	Take the Lighthouse Manual
Q	Horror from the Deep	Where is your cousin?
Q	Horror from the Deep	With what?
Q	Horror from the Deep	Yes
Q	Icthlarin's Little Helper	12.
Q	Icthlarin's Little Helper	14.
Q	Icthlarin's Little Helper	7.
Q	Icthlarin's Little Helper	9.
Q	Icthlarin's Little Helper	Can you tell me more about Icthlarin.
Q	Icthlarin's Little Helper	Can you tell me more about the Devourer.
Q	Icthlarin's Little Helper	Can you tell me more about the plagues.
Q	Icthlarin's Little Helper	Could you tell me more about the lesser gods?
Q	Icthlarin's Little Helper	Dialogue 1
Q	Icthlarin's Little Helper	Dialogue 2
Q	Icthlarin's Little Helper	Dialogue 3
Q	Icthlarin's Little Helper	Dialogue 4
Q	Icthlarin's Little Helper	Dialogue 5
Q	Icthlarin's Little Helper	Dialogue 6
Q	Icthlarin's Little Helper	Dialogue 7
Q	Icthlarin's Little Helper	Dialogue 8
Q	Icthlarin's Little Helper	I'd better get going.
Q	Icthlarin's Little Helper	I don't know.
Q	Icthlarin's Little Helper	I don't know. I don't want to risk my cat.
Q	Icthlarin's Little Helper	I don't want to risk my cat.
Q	Icthlarin's Little Helper	I'll go speak with the High Priest.
Q	Icthlarin's Little Helper	No.
Q	Icthlarin's Little Helper	Okay, I'll get going.
Q	Icthlarin's Little Helper	Okay, that sounds fair.
Q	Icthlarin's Little Helper	Tell me about yourself.
Q	Icthlarin's Little Helper	This is all very interesting, but I've got to get going.
Q	Icthlarin's Little Helper	Totally positive.
Q	Icthlarin's Little Helper	What's going on in this city?
Q	Icthlarin's Little Helper	Where do I get linen?
Q	Icthlarin's Little Helper	Where do I get salt?
Q	Icthlarin's Little Helper	Where do I get tree sap?
Q	Icthlarin's Little Helper	Why is it so important that the jar be returned?
Q	Icthlarin's Little Helper	Yes.
Q	Imp Catcher	Give me a quest or else!
Q	Imp Catcher	Give me a quest please.
Q	Imp Catcher	Just stop messing around and give me a quest!
Q	Imp Catcher	No.
Q	Imp Catcher	Yes.
Q	In Aid of the Myreque	Are there any 'out of the way' places here?
Q	In Aid of the Myreque	Dialogue 1
Q	In Aid of the Myreque	Dialogue 2
Q	In Aid of the Myreque	Dialogue 3
Q	In Aid of the Myreque	Do you know what the rod does?
Q	In Aid of the Myreque	Do you know where Ivandis' tomb could be?
Q	In Aid of the Myreque	Do you know which metal I should use to make the rod?
Q	In Aid of the Myreque	How come you have no food?
Q	In Aid of the Myreque	How did everyone come to be here?
Q	In Aid of the Myreque	I'd best be off.
Q	In Aid of the Myreque	I'd like to help fix up the town.
Q	In Aid of the Myreque	I think I've found Ivandis' tomb.
Q	In Aid of the Myreque	I've found a library under Paterdomus.
Q	In Aid of the Myreque	Is there somewhere that I might get more information on Ivandis?
Q	In Aid of the Myreque	No.
Q	In Aid of the Myreque	No, I just want to add one.
Q	In Aid of the Myreque	Nope, I'll just given him one.
Q	In Aid of the Myreque	Oh, sorry.
Q	In Aid of the Myreque	Ok, goodbye.
Q	In Aid of the Myreque	Okay, thanks.
Q	In Aid of the Myreque	So, you're sure that Ivandis is buried here then?
Q	In Aid of the Myreque	Tell me more about Ivandis.
Q	In Aid of the Myreque	The lives of those pitiful few left in Morytania could rest on this!
Q	In Aid of the Myreque	Veliaf told me about Ivandis.
Q	In Aid of the Myreque	Very well then. Morytania is lost to ignorance.
Q	In Aid of the Myreque	What do I need to do now?
Q	In Aid of the Myreque	What do you do here?
Q	In Aid of the Myreque	What do you know about Ivandis?
Q	In Aid of the Myreque	What do you know about the history of this temple?
Q	In Aid of the Myreque	What do you make of what Gadderanks said?
Q	In Aid of the Myreque	What do you think of your town?
Q	In Aid of the Myreque	What is this place?
Q	In Aid of the Myreque	What proof do you have that Ivandis is buried here?
Q	In Aid of the Myreque	What's a juvinate?
Q	In Aid of the Myreque	What should I do now?
Q	In Aid of the Myreque	Who's Gadderanks?
Q	In Aid of the Myreque	Why are you so resistant to talking about history?
Q	In Aid of the Myreque	Why does everyone stay in this town?
Q	In Aid of the Myreque	Why does Ivan need to go to Paterdomus?
Q	In Aid of the Myreque	Why would I want your blood?
Q	In Aid of the Myreque	Why would I want your food?
Q	In Aid of the Myreque	Will you let me check Ivandis' tomb?
Q	In Aid of the Myreque	Yes.
Q	In Aid of the Myreque	Yes, I'll fill the crate.
Q	In Aid of the Myreque	Yes, I'll offer all of this food item in my inventory to Ivan.
Q	In Search of the Myreque	Can you tell me about your organisation?
Q	In Search of the Myreque	Cyreg Paddlebone.
Q	In Search of the Myreque	Cyreg Paddlehorn.
Q	In Search of the Myreque	Dialogue 1
Q	In Search of the Myreque	Dialogue 2
Q	In Search of the Myreque	Dialogue 3
Q	In Search of the Myreque	Dialogue 4
Q	In Search of the Myreque	Dialogue 5
Q	In Search of the Myreque	Dialogue 6
Q	In Search of the Myreque	Drakan.
Q	In Search of the Myreque	Draynor.
Q	In Search of the Myreque	Drunken.
Q	In Search of the Myreque	Geof Paddleman.
Q	In Search of the Myreque	Gyrec Paddlehorn.
Q	In Search of the Myreque	Harold Evans.
Q	In Search of the Myreque	Have you heard any rumours?
Q	In Search of the Myreque	Here are some planks for you.
Q	In Search of the Myreque	How do I get out of here again?
Q	In Search of the Myreque	I'd better be off.
Q	In Search of the Myreque	I don't have to answer to you!
Q	In Search of the Myreque	I don't know.
Q	In Search of the Myreque	I have to go.
Q	In Search of the Myreque	I just want to help them, I think they need help.
Q	In Search of the Myreque	I'll be back later.
Q	In Search of the Myreque	I'll give you some cash if you tell me.
Q	In Search of the Myreque	I'm lost. Can you show me the way out?
Q	In Search of the Myreque	I've come to help the Myreque. I've brought weapons.
Q	In Search of the Myreque	I want to join your organisation.
Q	In Search of the Myreque	If you don't tell me, their deaths are on your head!
Q	In Search of the Myreque	Is this your main camp?
Q	In Search of the Myreque	Ivan Strom.
Q	In Search of the Myreque	Let's talk about something else.
Q	In Search of the Myreque	Let's talk about the weapons.
Q	In Search of the Myreque	No.
Q	In Search of the Myreque	No reason!
Q	In Search of the Myreque	Oh come on, you can tell me!
Q	In Search of the Myreque	Okay, thanks.
Q	In Search of the Myreque	One mans vigilante is another mans freedom fighter!
Q	In Search of the Myreque	Polmafi Ferdygris.
Q	In Search of the Myreque	Praymore.
Q	In Search of the Myreque	Radigad Ponfit.
Q	In Search of the Myreque	Remind me, what weapons do I need?
Q	In Search of the Myreque	Resourceful enough to get their own steel weapons?
Q	In Search of the Myreque	Sandi Pherimou.
Q	In Search of the Myreque	Sani Peridou.
Q	In Search of the Myreque	Sani Piliu.
Q	In Search of the Myreque	Santi Peliou.
Q	In Search of the Myreque	So you're the leader of this group?
Q	In Search of the Myreque	Tell me a bit about yourself.
Q	In Search of the Myreque	Tell me about the Drakans.
Q	In Search of the Myreque	Tell me about the members of the Myreque
Q	In Search of the Myreque	Tell me about yourself.
Q	In Search of the Myreque	Tell me more about the Myreque.
Q	In Search of the Myreque	Veliaf Hurtz.
Q	In Search of the Myreque	Well, I guess they'll just die without weapons.
Q	In Search of the Myreque	What are you doing here?
Q	In Search of the Myreque	What are your plans for the future?
Q	In Search of the Myreque	What can you tell me about Morytania?
Q	In Search of the Myreque	What can you tell me about the Myreque?
Q	In Search of the Myreque	What can you tell me about this group?
Q	In Search of the Myreque	What do you know about Morytania?
Q	In Search of the Myreque	What do you know of the Drakans?
Q	In Search of the Myreque	What do you plan to do now?
Q	In Search of the Myreque	What else do you know about the Myreque?
Q	In Search of the Myreque	What have they been up against?
Q	In Search of the Myreque	What kind of a man are you to say that you don't care?
Q	In Search of the Myreque	What kind of loss and heartache have they suffered?
Q	In Search of the Myreque	What're your plans for the future?
Q	In Search of the Myreque	What's going on in Morytania?
Q	In Search of the Myreque	What's your grasp of the situation?
Q	In Search of the Myreque	What's your job here?
Q	In Search of the Myreque	What weapons do you need?
Q	In Search of the Myreque	Where am I meant to be going?
Q	In Search of the Myreque	Where can I find the Myreque?
Q	In Search of the Myreque	Where can I find this boatman?
Q	In Search of the Myreque	Why are they called the Myreque?
Q	In Search of the Myreque	Why do you say that this place is forsaken?
Q	In Search of the Myreque	Yes.
Q	Jungle Potion	A proposition eh? Sounds interesting!
Q	Jungle Potion	I am sorry, but I am very busy.
Q	Jungle Potion	I am very sorry, but I don't have time for that.
Q	Jungle Potion	It's a nice village, where is everyone?
Q	Jungle Potion	Me? How can I help?
Q	Jungle Potion	No.
Q	Jungle Potion	No thanks, I'll give it a miss.
Q	Jungle Potion	Not yet, sorry, what's the clue again?
Q	Jungle Potion	Of course!
Q	Jungle Potion	Tai Bwo Wannai? What does that mean?
Q	Jungle Potion	What does a warrior like me know about peace?
Q	Jungle Potion	What does Bwana mean?
Q	Jungle Potion	Yes.
Q	Jungle Potion	Yes, I'll enter the cave.
Q	Jungle Potion	Yes, of course I do.
Q	King's Ransom	Ask about the dagger
Q	King's Ransom	Ask about the night of the murder
Q	King's Ransom	Ask about the poison
Q	King's Ransom	Ask about the thread
Q	King's Ransom	Butler
Q	King's Ransom	Cook
Q	King's Ransom	Dog handler
Q	King's Ransom	Don't tell him.
Q	King's Ransom	Gardener
Q	King's Ransom	Handyman
Q	King's Ransom	How do I get into the Black Knights' Fortress?
Q	King's Ransom	I have proof of foul play.
Q	King's Ransom	I have proof that links the Sinclairs to Camelot.
Q	King's Ransom	I have proof that the Sinclairs have left.
Q	King's Ransom	I seem to have lost the scroll you gave me; could I have another?
Q	King's Ransom	Let's talk about our plan.
Q	King's Ransom	Maid
Q	King's Ransom	Never mind.
Q	King's Ransom	Next page
Q	King's Ransom	No.
Q	King's Ransom	No, I should gather more evidence.
Q	King's Ransom	No, thank you.
Q	King's Ransom	Okay, I guess I don't have much of a choice.
Q	King's Ransom	Previous page
Q	King's Ransom	Reclaim Camelot
Q	King's Ransom	Remind me about Morgan Le Faye and the Sinclairs.
Q	King's Ransom	Remind me where King Arthur is.
Q	King's Ransom	Retrieve the Holy Grail
Q	King's Ransom	Save King Arthur
Q	King's Ransom	Tell him.
Q	King's Ransom	Tell me about Anna Sinclair.
Q	King's Ransom	Tell me about dying or leaving the grounds.
Q	King's Ransom	Tell me about Morgan Le Faye and the Sinclairs.
Q	King's Ransom	Tell me about the dagger.
Q	King's Ransom	Tell me about the family.
Q	King's Ransom	Tell me about the mansion.
Q	King's Ransom	Tell me about the night of the murder.
Q	King's Ransom	Tell me about the poison.
Q	King's Ransom	Tell me about the rewards.
Q	King's Ransom	Tell me about the thread.
Q	King's Ransom	Tell me about the training ground.
Q	King's Ransom	Tell me where King Arthur is.
Q	King's Ransom	What did I need for the spell to work?
Q	King's Ransom	What do we do now?
Q	King's Ransom	When did you last see Anna Sinclair that night?
Q	King's Ransom	When did you last see Anna that night?
Q	King's Ransom	Yes.
Q	King's Ransom	Yes, I'm ready.
Q	King's Ransom	Yes please.
N	Land of the Goblins	Actually, I am happy the colour I am.
Q	Land of the Goblins	Actually, I don't want to be a goblin.
Q	Land of the Goblins	Actually, me no want to go in temple.
Q	Land of the Goblins	Actually, my name not [goblin name].
Q	Land of the Goblins	Big High War God commands it.
Q	Land of the Goblins	Big High War God controls outcome of the battle.
Q	Land of the Goblins	Big High War God rewards victory.
Q	Land of the Goblins	Big High War God teaches us to think for selves.
Q	Land of the Goblins	Can I buy a teleport sphere please?
Q	Land of the Goblins	Can I talk to old high priests?
Q	Land of the Goblins	Can you make black or white dye?
Q	Land of the Goblins	Can you make dyes for me please?
Q	Land of the Goblins	Can you teleport me to the temple again?
Q	Land of the Goblins	Can you turn me into a goblin?
Q	Land of the Goblins	Can you turn me into a goblin or not?
N	Land of the Goblins	Cool amulet! Can I have one?
N	Land of the Goblins	Cool, do you turn people into frogs?
Q	Land of the Goblins	Could you remove the dye from this goblin mail?
Q	Land of the Goblins	Destroy world.
Q	Land of the Goblins	Dialogue 1
Q	Land of the Goblins	Dialogue 2
Q	Land of the Goblins	Dialogue 3
Q	Land of the Goblins	Dialogue 4
Q	Land of the Goblins	Dialogue 5
Q	Land of the Goblins	Dialogue 6
Q	Land of the Goblins	Dialogue 7
Q	Land of the Goblins	False.
Q	Land of the Goblins	Follow me.
Q	Land of the Goblins	Goblin should not fight goblin.
Q	Land of the Goblins	Goblins not mighty warriors.
Q	Land of the Goblins	Goblins not mighty warriors before he chose us.
Q	Land of the Goblins	Goblins stupid and would make poor plans.
Q	Land of the Goblins	Goodbye.
Q	Land of the Goblins	He chose us for other quality.
Q	Land of the Goblins	How me get into tribal enclaves?
Q	Land of the Goblins	I'd like to get into the temple please.
N	Land of the Goblins	I don't have one of them.
Q	Land of the Goblins	I don't have time right now.
Q	Land of the Goblins	I don't know.
Q	Land of the Goblins	I just like goblins.
Q	Land of the Goblins	I'll go and see this mage.
Q	Land of the Goblins	I'll see you later.
Q	Land of the Goblins	I'm not ready.
Q	Land of the Goblins	I'm ready.
Q	Land of the Goblins	I managed to get back to Yu'biusk.
Q	Land of the Goblins	I need to catch a Hemenster Whitefish.
Q	Land of the Goblins	I need to do something else.
N	Land of the Goblins	I need to go.
Q	Land of the Goblins	I need to slip past some goblin guards.
Q	Land of the Goblins	I not know.
Q	Land of the Goblins	I promised not to tell anyone.
Q	Land of the Goblins	I think it must mean something.
Q	Land of the Goblins	I understand Big High War God.
Q	Land of the Goblins	Is not for me then.
Q	Land of the Goblins	It's just a dream. It doesn't mean anything.
Q	Land of the Goblins	Lead goblins to promied{{sic
Q	Land of the Goblins	Lead goblins to victory over whole world.
Q	Land of the Goblins	Make goblins fight each other.
Q	Land of the Goblins	Me have no more questions.
Q	Land of the Goblins	Me have no questions.
Q	Land of the Goblins	Me have to go.
Q	Land of the Goblins	Me want get into temple.
Q	Land of the Goblins	Me want to know about Yu'biusk.
Q	Land of the Goblins	Me want to take test again.
Q	Land of the Goblins	Never mind, I'll walk.
Q	Land of the Goblins	No.
N	Land of the Goblins	No thanks.
Q	Land of the Goblins	No. You guess again.
Q	Land of the Goblins	Nothing.
Q	Land of the Goblins	Okay.
Q	Land of the Goblins	Other god made us mighty.
Q	Land of the Goblins	Planning is part of war, and all parts of war are good.
Q	Land of the Goblins	She Chosen Commander.
Q	Land of the Goblins	She Dorgeshuun goblin.
Q	Land of the Goblins	So why have you come to talk to Zanik?
N	Land of the Goblins	Sure, I'll have a makeover.
N	Land of the Goblins	Tell me more about this 'makeover'.
Q	Land of the Goblins	Thanks.
Q	Land of the Goblins	That one of the commandments.
Q	Land of the Goblins	That's an unusual sentiment for a goblin.
Q	Land of the Goblins	They might lead us astray.
Q	Land of the Goblins	True.
Q	Land of the Goblins	We naturally mighty warriors.
Q	Land of the Goblins	We taught selves to be mighty!
Q	Land of the Goblins	We try to convert them instead.
Q	Land of the Goblins	What are we going to do about Zanik?
Q	Land of the Goblins	What Big High War God's real name?
N	Land of the Goblins	What could you make for me?
N	Land of the Goblins	What do I need that for?
N	Land of the Goblins	What do you need to make blue dye?
N	Land of the Goblins	What do you need to make red dye?
N	Land of the Goblins	What do you need to make yellow dye?
Q	Land of the Goblins	What is the Chosen Commander?
N	Land of the Goblins	What other colours can you make?
Q	Land of the Goblins	What's it like being dead?
Q	Land of the Goblins	What was this new dream?
Q	Land of the Goblins	What was your predecessor's name?
Q	Land of the Goblins	Where is Yu'biusk?
Q	Land of the Goblins	Why did you attack me?
Q	Land of the Goblins	Why don't other goblins believe?
Q	Land of the Goblins	Why there only six tribes in temple?
Q	Land of the Goblins	Will goblins return to Yu'biusk?
Q	Land of the Goblins	Yes.
Q	Land of the Goblins	Yes, me [goblin name].
N	Land of the Goblins	You mad old witch, you can't help me.
Q	Learning the Ropes	I'd like to change my Ironman mode.
Q	Learning the Ropes	I'm an experienced player.
Q	Learning the Ropes	I'm brand new! This is my first time here.
Q	Learning the Ropes	I'm fine, thanks.
Q	Learning the Ropes	I've played in the past, but not recently.
Q	Learning the Ropes	No.
Q	Learning the Ropes	No, I'm not planning to do that.
Q	Learning the Ropes	No thanks.
Q	Learning the Ropes	Nope, I'm ready to move on!
Q	Learning the Ropes	Nothing thanks.
Q	Learning the Ropes	Tell me about combat stats.
Q	Learning the Ropes	Tell me about Cooking again.
Q	Learning the Ropes	Tell me about Firemaking again.
Q	Learning the Ropes	Tell me about Fishing again.
Q	Learning the Ropes	Tell me about Ironman.
Q	Learning the Ropes	Tell me about making dough again.
Q	Learning the Ropes	Tell me about melee combat again.
Q	Learning the Ropes	Tell me about Mining again.
Q	Learning the Ropes	Tell me about my skills again.
Q	Learning the Ropes	Tell me about Prayers again.
Q	Learning the Ropes	Tell me about range cooking again.
Q	Learning the Ropes	Tell me about ranged combat again.
Q	Learning the Ropes	Tell me about smelting again.
Q	Learning the Ropes	Tell me about Smithing again.
Q	Learning the Ropes	Tell me about the Wilderness.
Q	Learning the Ropes	Tell me about Woodcutting again.
Q	Learning the Ropes	What's an Ironman?
Q	Learning the Ropes	Yes.
Q	Learning the Ropes	Yes, I do want to become an Ironman.
Q	Legends' Quest	Actually, I plan to map the jungle myself.
Q	Legends' Quest	Actually, let me think it over a while longer; it smells a bit odd.
Q	Legends' Quest	Actually, maybe this is a bad idea...
Q	Legends' Quest	* Agility *
Q	Legends' Quest	Are you calling me foolish?
Q	Legends' Quest	* Attack *
Q	Legends' Quest	Attract the shaman's attention.
Q	Legends' Quest	Can I go on the quest?
Q	Legends' Quest	Can I speak to someone in charge?
Q	Legends' Quest	Can't I just get some water?
Q	Legends' Quest	Can we still get your people together?
Q	Legends' Quest	Can you get everyone together?
Q	Legends' Quest	Can you help me?
Q	Legends' Quest	Can you help me reach the source?
Q	Legends' Quest	Can you remind me where the source of the sacred water is?
Q	Legends' Quest	* Crafting *
Q	Legends' Quest	* Defence *
Q	Legends' Quest	Do I know you?
Q	Legends' Quest	Do you have a Bullroarer I could borrow?
Q	Legends' Quest	Do you have any news?
Q	Legends' Quest	Do you have any other tips about the Kharazi Jungle?
Q	Legends' Quest	Do you know anything about daggers?
Q	Legends' Quest	Do you know anything more about the caves?
Q	Legends' Quest	Do you know the name 'Viyeldi'?
Q	Legends' Quest	Does the Yommi tree have to have pure water?
Q	Legends' Quest	Er, I've had second thoughts.
Q	Legends' Quest	Er... me?
Q	Legends' Quest	Go ahead, make a copy!
Q	Legends' Quest	--- Go to Skill Menu 1 ----
Q	Legends' Quest	--- Go to Skill Menu 2 ----
Q	Legends' Quest	--- Go to Skill Menu 3 ----
Q	Legends' Quest	--- Go to Skill Menu 4 ----
Q	Legends' Quest	Goodbye.
Q	Legends' Quest	Have you seen any Kharazi Tribesmen in the jungle?
Q	Legends' Quest	Have you seen any Kharazi tribespeople in the jungle?
Q	Legends' Quest	* Herblore *
Q	Legends' Quest	* Hitpoints *
Q	Legends' Quest	How can I extinguish the flames?
Q	Legends' Quest	How did they summon the spirits?
Q	Legends' Quest	How do I bless the vessel?
Q	Legends' Quest	How do I get in here?
Q	Legends' Quest	How do I get into the Kharazi Jungle?
Q	Legends' Quest	How do I get out of here?
Q	Legends' Quest	How do I grow the Yommi tree?
Q	Legends' Quest	How do I make the totem pole?
Q	Legends' Quest	How do we make the totem pole?
Q	Legends' Quest	I am on a quest to get more sacred water.
Q	Legends' Quest	I can't find the caves...
Q	Legends' Quest	I defeated the demon - for good this time!
Q	Legends' Quest	I don't have the dagger.
Q	Legends' Quest	I found the source of the spring and I got some sacred water.
N	Legends' Quest	I have a question about my Achievement Diary.
Q	Legends' Quest	I have found the source of the sacred water!
Q	Legends' Quest	I have germinated the Yommi tree seeds.
Q	Legends' Quest	I have killed Viyeldi!
Q	Legends' Quest	I have something else in mind!
Q	Legends' Quest	I have the Yommi tree seeds.
Q	Legends' Quest	I have to be going...
Q	Legends' Quest	I haven't killed Viyeldi yet.
Q	Legends' Quest	I'll do that. Goodbye!
Q	Legends' Quest	I'll do what I must to get the water.
Q	Legends' Quest	I'll go find Ungadulu.
Q	Legends' Quest	I'm lost, can you show me the way out?
Q	Legends' Quest	I'm not scared. Let's go!
Q	Legends' Quest	I'm not sure what to do?
Q	Legends' Quest	I'm not sure what to do with the totem pole.
Q	Legends' Quest	I met a spirit in the Viyeldi Caves.
Q	Legends' Quest	I need another machete.
Q	Legends' Quest	I need more Yommi tree seeds.
Q	Legends' Quest	I need some pure water to douse some magic flames.
Q	Legends' Quest	I need to collect some Yommi tree seeds for Gujuo.
Q	Legends' Quest	I searched the caves thoroughly and didn't find any sacred water...
Q	Legends' Quest	I've already made the totem pole.
Q	Legends' Quest	I've been sent by the Legends' Guild.
Q	Legends' Quest	I've changed my mind, I can't do it.
Q	Legends' Quest	I've completed the quest.
Q	Legends' Quest	I've forgotten how I got to the sacred water.
Q	Legends' Quest	I've lost the totem pole you gave me.
Q	Legends' Quest	I've made the Totem pole, now what do I do with it?
Q	Legends' Quest	I've run out of charcoal.
Q	Legends' Quest	I've run out of papyrus.
Q	Legends' Quest	I want to develop friendly relations with your people.
Q	Legends' Quest	I was hoping to attract the attention of a Kharazi tribe member.
Q	Legends' Quest	If I find Ungadulu, what's in it for me?
Q	Legends' Quest	If I looked for the source, could you help me?
Q	Legends' Quest	Investigate the outline of the door.
Q	Legends' Quest	Is there any way I could help?
Q	Legends' Quest	It's alright, but I've forgotten what to do.
Q	Legends' Quest	It's okay, thanks.
Q	Legends' Quest	Leap out of the flaming octagram.
Q	Legends' Quest	* Magic *
Q	Legends' Quest	Maybe some other time.
Q	Legends' Quest	Metal of the sun... what is that?
Q	Legends' Quest	No.
Q	Legends' Quest	No, I don't want to read that.
Q	Legends' Quest	No, I'll complete the task.
Q	Legends' Quest	No, I'll stay here.
Q	Legends' Quest	No, I'm a bit claustrophobic.
Q	Legends' Quest	No, I'm having second thoughts.
Q	Legends' Quest	No, I've got something else to do at the moment.
Q	Legends' Quest	No, I won't pay for it.
Q	Legends' Quest	No, I won't read it.
Q	Legends' Quest	No, I won't take someone's life for you.
Q	Legends' Quest	No thanks.
Q	Legends' Quest	No thanks, I'll wait.
Q	Legends' Quest	No thanks, I need help with something else.
Q	Legends' Quest	No thanks, I've changed my mind.
Q	Legends' Quest	Not really, I just wondered if I could push that big rock.
Q	Legends' Quest	Oh well, sorry to hear about that.
Q	Legends' Quest	Ok, I'll do it.
Q	Legends' Quest	Ok thanks.
Q	Legends' Quest	Ok thanks for your help.
Q	Legends' Quest	Okay, I won't go...
Q	Legends' Quest	Okay, thanks...
Q	Legends' Quest	Okay, thanks for your help.
Q	Legends' Quest	* Prayer *
Q	Legends' Quest	Read Mission Briefing.
Q	Legends' Quest	Read the message on the wall?
Q	Legends' Quest	Search further...
Q	Legends' Quest	* Smithing *
Q	Legends' Quest	Some other time perhaps.
Q	Legends' Quest	Sorry for bothering you.
Q	Legends' Quest	Sorry, I'm busy questing.
Q	Legends' Quest	Sorry, it was a mistake?
Q	Legends' Quest	Start Mapping Kharazi Jungle.
Q	Legends' Quest	* Strength *
Q	Legends' Quest	Terrible, I lost my map of the Kharazi jungle.
Q	Legends' Quest	Thanks for your help.
Q	Legends' Quest	That's rough, buddy. Well, thanks for the help!
Q	Legends' Quest	The sacred water pool has dried up, but I need more water.
Q	Legends' Quest	The spirit told me to kill Viyeldi!
Q	Legends' Quest	The water pool has dried up, but I need more water.
Q	Legends' Quest	The Yommi tree died.
Q	Legends' Quest	* Thieving *
Q	Legends' Quest	Ungadulu called me a 'Vacu'
Q	Legends' Quest	Ungadulu called me 'Vacu'. What does that mean?
Q	Legends' Quest	Ungadulu is free! He was possessed by a demon and I killed it.
Q	Legends' Quest	Ungadulu looks a little strange.
Q	Legends' Quest	Ungadulu mumbled something about 'pure' water?
Q	Legends' Quest	Unless what?
Q	Legends' Quest	What can I do about that?
Q	Legends' Quest	What can we do?
Q	Legends' Quest	What do I do now?
Q	Legends' Quest	What do you do here?
Q	Legends' Quest	What do you know about the sacred water?
Q	Legends' Quest	What do you know about the source of the sacred water?
Q	Legends' Quest	What is this place?
Q	Legends' Quest	What kind of quest is it?
Q	Legends' Quest	What kind of trick?
Q	Legends' Quest	What kind of vessel?
Q	Legends' Quest	What will you do now?
Q	Legends' Quest	Where are all your people?
Q	Legends' Quest	Where can I find Ardrigal?
Q	Legends' Quest	Where can I find fertile soil?
Q	Legends' Quest	Where can I find Snake Weed?
Q	Legends' Quest	Where can I find this metal?
Q	Legends' Quest	Where can I get more water for the Yommi tree?
Q	Legends' Quest	Where do I get pure water from?
Q	Legends' Quest	Where is this sacred pool of yours?
Q	Legends' Quest	Where's the source of the pure water?
Q	Legends' Quest	Which quests do I need to complete?
Q	Legends' Quest	Who am I supposed to kill again?
Q	Legends' Quest	Who are you?
Q	Legends' Quest	Who is Grand Vizier Erkle?
Q	Legends' Quest	Who's asking?
Q	Legends' Quest	Why are you tortured?
Q	Legends' Quest	Will I really need this Potion? I'm already pretty brave.
Q	Legends' Quest	Will you trade something for it?
Q	Legends' Quest	* Woodcutting *
Q	Legends' Quest	Yes.
Q	Legends' Quest	Yes actually, what's involved?
Q	Legends' Quest	Yes, I can think of nothing more exciting!
Q	Legends' Quest	Yes, I'd like to bless my golden bowl.
Q	Legends' Quest	Yes, I'd like to talk to Grand Vizier Erkle.
Q	Legends' Quest	Yes, I'll bravely drink the Bravery Potion.
Q	Legends' Quest	Yes, I'll crawl through. I'm very athletic.
Q	Legends' Quest	Yes, I'll go through!
Q	Legends' Quest	Yes, I'll pay for it.
Q	Legends' Quest	Yes, I'll read it.
Q	Legends' Quest	Yes, I'll train now.
Q	Legends' Quest	Yes, I'm very strong, I'll force them open.
Q	Legends' Quest	Yes, I need it for my quest.
Q	Legends' Quest	Yes, I've got the water.
Q	Legends' Quest	Yes, I've killed the Spirit.
Q	Legends' Quest	Yes, I want to climb over the rocks.
Q	Legends' Quest	Yes please!
Q	Legends' Quest	Yes please, I love crevices!
Q	Legends' Quest	Yes, take the dagger back.
Q	Legends' Quest	You'll give me your what in return?
Q	Lost City	Can you tell me about the Lost City?
Q	Lost City	Do you know any good adventures I can go on?
Q	Lost City	How do I get to Zanaris again?
Q	Lost City	How does it fit in a shed then?
Q	Lost City	I don't think I'm strong enough to enter then.
Q	Lost City	I don't think you've found a good adventure at all!
Q	Lost City	I'm not sure.
Q	Lost City	I've been in that shed, I didn't see a city.
Q	Lost City	If it's hidden how are you planning to find it?
Q	Lost City	Looks like you don't know either.
Q	Lost City	No
N	Lost City	No thanks, I'll keep hold of my stuff.
Q	Lost City	Oh well. Never mind.
Q	Lost City	Please tell me.
Q	Lost City	There's no such thing!
Q	Lost City	Well that is a risk I will have to take.
Q	Lost City	What are you camped out here for?
N	Lost City	What can you store?
N	Lost City	What do you do with the tools you're storing?
Q	Lost City	What makes you think it's out here?
Q	Lost City	What's Zanaris?
Q	Lost City	Who's Zanaris?
Q	Lost City	Yes.
N	Lost City	Yes please.
Q	Lunar Diplomacy	About that ring...
Q	Lunar Diplomacy	About the potion you wanted me to make...
Q	Lunar Diplomacy	Absolutely nothing at all.
Q	Lunar Diplomacy	Arrr! Yar! Let's be on our way, yar!
Q	Lunar Diplomacy	Ask about a Seal of Passage.
N	Lunar Diplomacy	Ask about anything else.
N	Lunar Diplomacy	Ask for a quest.
Q	Lunar Diplomacy	Bob?
Q	Lunar Diplomacy	'Bye then.
Q	Lunar Diplomacy	Can we sail to Lunar Isle now?
Q	Lunar Diplomacy	Can we try again?
Q	Lunar Diplomacy	Can you take me back to Rellekka?
Q	Lunar Diplomacy	Can you take me back to Rellekka please?
Q	Lunar Diplomacy	Can you tell me a bit about your people?
Q	Lunar Diplomacy	Can you tell me something about the Moon Clan?
Q	Lunar Diplomacy	Can you tell me something about your ship?
Q	Lunar Diplomacy	Dave Floob-Raid-Traid
Q	Lunar Diplomacy	Dave Flood-Raid-Traid
Q	Lunar Diplomacy	Dave Rlood-Raid-Thraid
Q	Lunar Diplomacy	Dialogue 1
Q	Lunar Diplomacy	Dialogue 2
Q	Lunar Diplomacy	Dialogue 3
Q	Lunar Diplomacy	Dialogue 4
Q	Lunar Diplomacy	Don't go.
Q	Lunar Diplomacy	Eat my dust!
Q	Lunar Diplomacy	Exit
Q	Lunar Diplomacy	Go now.
Q	Lunar Diplomacy	Have you got anything to trade?
Q	Lunar Diplomacy	I give up.
Q	Lunar Diplomacy	I'll stay then.
Q	Lunar Diplomacy	I'm good thanks, bye.
Q	Lunar Diplomacy	I'm looking for a ring.
Q	Lunar Diplomacy	I'm no cleaner!
Q	Lunar Diplomacy	I'm not going to talk to someone that calls me 'sweetie'!
Q	Lunar Diplomacy	I'm not ready yet, give me a little more time.
Q	Lunar Diplomacy	I'm not ready yet, give me a some time.
Q	Lunar Diplomacy	I think I'll pass.
Q	Lunar Diplomacy	It's a very interesting house you have here.
N	Lunar Diplomacy	It's a very interesting island you have here.
Q	Lunar Diplomacy	Jane Blud-Hagic-Maid
Q	Lunar Diplomacy	Jave Bud-Tragik-Daide
Q	Lunar Diplomacy	Jave Nag-Brabik-Faide
Q	Lunar Diplomacy	Jave Nud-Tragik-Baide
Q	Lunar Diplomacy	June Rlagic-Ladic-Bade
Q	Lunar Diplomacy	June Slagic-Lagic-Fade
Q	Lunar Diplomacy	June Slagit-Magic-Aade
Q	Lunar Diplomacy	Next
Q	Lunar Diplomacy	No
Q	Lunar Diplomacy	No thanks.
Q	Lunar Diplomacy	Not just yet.
Q	Lunar Diplomacy	Nothing, never mind.
Q	Lunar Diplomacy	Nothing thanks.
Q	Lunar Diplomacy	Of course. I'm ready.
Q	Lunar Diplomacy	Oh, I'd better go back and get it.
Q	Lunar Diplomacy	Ok.
Q	Lunar Diplomacy	Ok, let's go!
Q	Lunar Diplomacy	Pauline?
Q	Lunar Diplomacy	Perhaps it's the Navigator's fault?
Q	Lunar Diplomacy	Prev
Q	Lunar Diplomacy	Rub away!
Q	Lunar Diplomacy	So we're here?
Q	Lunar Diplomacy	So you want me to chop down trees?
Q	Lunar Diplomacy	Suppose I may as well have a go.
Q	Lunar Diplomacy	That's fine, I'm just going to Pirates' Cove.
Q	Lunar Diplomacy	That's ok.
Q	Lunar Diplomacy	That seems like a fair deal.
Q	Lunar Diplomacy	The amulet
Q	Lunar Diplomacy	The amulet (complete!)
Q	Lunar Diplomacy	The boots
Q	Lunar Diplomacy	The boots (complete!)
Q	Lunar Diplomacy	The cape
Q	Lunar Diplomacy	The cape (complete!)
Q	Lunar Diplomacy	The gloves
Q	Lunar Diplomacy	The gloves (complete!)
Q	Lunar Diplomacy	The helm
Q	Lunar Diplomacy	The helm (complete!)
Q	Lunar Diplomacy	The Oneiromancer told me you may be able to help...
Q	Lunar Diplomacy	The ring
Q	Lunar Diplomacy	The ring (complete!)
Q	Lunar Diplomacy	The torso
Q	Lunar Diplomacy	The torso (complete!)
Q	Lunar Diplomacy	The trousers
Q	Lunar Diplomacy	The trousers (complete!)
Q	Lunar Diplomacy	Tina?
Q	Lunar Diplomacy	What am I supposed to be doing?
N	Lunar Diplomacy	What can you sell me?
Q	Lunar Diplomacy	What number am I trying to make up?
Q	Lunar Diplomacy	What was the sequence again?
Q	Lunar Diplomacy	What were you doing at Lunar Isle?
Q	Lunar Diplomacy	Why did you leave?
Q	Lunar Diplomacy	Yes
Q	Lunar Diplomacy	You don't look like a Fremennik yourself...
Q	Lunar Diplomacy	You know the ceremonial clothes?
Q	Lunar Diplomacy	You're right, I'm far too slow.
Q	Lunar Diplomacy	You've been away from these parts a while?
N	Making Friends with My Arm	About that farming book you had...
Q	Making Friends with My Arm	Ask about My Arm.
Q	Making Friends with My Arm	Can I kill Mother?
Q	Making Friends with My Arm	Can I transport My Arm in your boat?
Q	Making Friends with My Arm	Can My Arm fight Don't Know What?
Q	Making Friends with My Arm	Can My Arm fight Mother?
N	Making Friends with My Arm	Can you make potions for me?
Q	Making Friends with My Arm	Can you pretend you're dead?
Q	Making Friends with My Arm	Does Mother respect anything except fighting?
Q	Making Friends with My Arm	Don't you mind leaving your home?
N	Making Friends with My Arm	How's your farming coming along?
N	Making Friends with My Arm	I'd like to travel to the iceberg.
Q	Making Friends with My Arm	I did some fishing and fetched some stuff.
Q	Making Friends with My Arm	I'll be back.
Q	Making Friends with My Arm	I'll be back in a moment.
Q	Making Friends with My Arm	I'll be off.
Q	Making Friends with My Arm	I'll get back to you in a bit.
Q	Making Friends with My Arm	I'll never leave you.
Q	Making Friends with My Arm	I'll think about it.
Q	Making Friends with My Arm	I'm doing another quest for Burntmeat.
Q	Making Friends with My Arm	I'm not his servant.
Q	Making Friends with My Arm	I'm not ready to fight yet.
Q	Making Friends with My Arm	Isn't there anything else you can teach them?
Q	Making Friends with My Arm	Let's move on with the chat.
Q	Making Friends with My Arm	Meet me at Larry's boat.
Q	Making Friends with My Arm	Mother wasn't very nice to Snowflake in there.
Q	Making Friends with My Arm	My Arm has come to make friends with you.
Q	Making Friends with My Arm	My Arm is a troll.
Q	Making Friends with My Arm	My Arm needs your help.
Q	Making Friends with My Arm	Never mind, I just need to borrow your boat.
Q	Making Friends with My Arm	Odd Mushroom, why are you here with us?
Q	Making Friends with My Arm	Okay.
Q	Making Friends with My Arm	Okay, I'll be back.
Q	Making Friends with My Arm	Snowflake can leave with us.
Q	Making Friends with My Arm	Snowflake, you seemed to like My Arm.
Q	Making Friends with My Arm	So I can't teleport, and I may lose stuff? Okay.
Q	Making Friends with My Arm	Talk about Making Friends with My Arm.
N	Making Friends with My Arm	(Talk about something else)
Q	Making Friends with My Arm	Tell him goutweed is delicious.
Q	Making Friends with My Arm	Tell him how tough Stronghold trolls are.
Q	Making Friends with My Arm	Tell him to show respect to his daughter.
Q	Making Friends with My Arm	Tell him you love his daughter!
Q	Making Friends with My Arm	That'll be handy if I feel like escaping.
Q	Making Friends with My Arm	Totally not interested.
Q	Making Friends with My Arm	We killed a lot of trolls.
Q	Making Friends with My Arm	What do you want with goat dung?
Q	Making Friends with My Arm	Why are you called Mother, Mother?
Q	Making Friends with My Arm	Why in the heck would you choose My Arm?
Q	Making Friends with My Arm	Will Burntmeat reward me with burnt meat again?
Q	Making Friends with My Arm	Wolfbone's sent My Arm from the Troll Stronghold.
Q	Making Friends with My Arm	Wolfbone said we should go by sea.
Q	Making Friends with My Arm	Yes, I'll take your quest.
Q	Making Friends with My Arm	You'll get rewarded if you help.
Q	Making Friends with My Arm	You only need to let My Arm in, not me.
Q	Making Friends with My Arm	You owe me a favour after the Fishing Colony quest.
Q	Making History	12, but what does that have to do with anything?
Q	Making History	14
Q	Making History	21
Q	Making History	36
Q	Making History	38
Q	Making History	5
Q	Making History	8
Q	Making History	A ghost in Port Phasmatys
Q	Making History	A steel mace
Q	Making History	A trader in Ardougne
Q	Making History	A warrior in Rellekka
Q	Making History	An iron axe
Q	Making History	An iron mace
Q	Making History	Ask about the outpost.
Q	Making History	Blanin
Q	Making History	Blanon
Q	Making History	Blue
Q	Making History	Breakfast
Q	Making History	Bunnies
Q	Making History	Dave
Q	Making History	Dialogue 1
Q	Making History	Dialogue 2
Q	Making History	Dialogue 3
Q	Making History	Dialogue 4
Q	Making History	Erm, sorry I don't mean to cause offence.
Q	Making History	Fifth and Fourth
Q	Making History	Fluffy
Q	Making History	Fourth
Q	Making History	Got to go, bye!
Q	Making History	Green
Q	Making History	I don't care about some dusty building
Q	Making History	I just talked to your brother.
Q	Making History	I'm after important answers.
Q	Making History	Kittens
Q	Making History	Lunch
Q	Making History	No.
N	Making History	No thank you.
Q	Making History	North East side of town
Q	Making History	North side of the town
Q	Making History	North West side of town
Q	Making History	Please don't hurt me.
Q	Making History	Puppies
Q	Making History	Red
Q	Making History	Snowy
N	Making History	Talk about something else.
Q	Making History	Talk about the outpost.
Q	Making History	Tea
Q	Making History	Tell me more.
Q	Making History	Third and Fourth
Q	Making History	What do I need to do now?
Q	Making History	What's the story so far?
Q	Making History	Why, you're the famous warrior Dron!
Q	Making History	Yes.
N	Making History	Yes please.
Q	Meat and Greet	About that missing delivery...
Q	Meat and Greet	Actually, let's make some more changes.
Q	Meat and Greet	Adjust meat (currently at [number] portion[s]).
Q	Meat and Greet	Adjust meat (currently at one portion).
Q	Meat and Greet	Adjust salad (currently at [number] portion[s]).
Q	Meat and Greet	Adjust salad (currently at one portion).
Q	Meat and Greet	Adjust sauce (currently at [number] portion[s]).
Q	Meat and Greet	Adjust sauce (currently at one portion).
Q	Meat and Greet	Adjust spice (currently at [number] portion[s]).
Q	Meat and Greet	Adjust spice (currently at one portion).
Q	Meat and Greet	Cancel.
Q	Meat and Greet	Could I have a look at that locked box?
Q	Meat and Greet	Four.
N	Meat and Greet	I'll pass.
Q	Meat and Greet	I'm here about a missing delivery.
Q	Meat and Greet	I'm still working on it.
Q	Meat and Greet	I need to prepare first.
Q	Meat and Greet	I think so.
Q	Meat and Greet	I think that's perfect!
N	Meat and Greet	Let's trade.
Q	Meat and Greet	No.
Q	Meat and Greet	One (current).
Q	Meat and Greet	Sounds good to me.
Q	Meat and Greet	Three.
Q	Meat and Greet	Two.
Q	Meat and Greet	Yes.
Q	Merlin's Crystal	Any idea how to get into Morgan Le Faye's stronghold?
Q	Merlin's Crystal	Any ideas on how to get into Morgan Le Faye's stronghold?
Q	Merlin's Crystal	Any ideas on how to get Merlin out of that crystal?
Q	Merlin's Crystal	Are you rich then?
Q	Merlin's Crystal	Aren't you worried about supplying evil knights?
Q	Merlin's Crystal	Can you drop me off on the way down please?
Q	Merlin's Crystal	Do you deliver to the fort just down the coast?
Q	Merlin's Crystal	Do you know how Merlin got trapped?
N	Merlin's Crystal	Good day.
Q	Merlin's Crystal	Have you got any black candles?
Q	Merlin's Crystal	I don't suppose I could get a lift anywhere?
Q	Merlin's Crystal	I seek the sword Excalibur.
Q	Merlin's Crystal	I want to become a Knight of the Round Table!
Q	Merlin's Crystal	I want to get Merlin out of the crystal.
Q	Merlin's Crystal	Is that your ship?
Q	Merlin's Crystal	No.
Q	Merlin's Crystal	No. He deserves to die.
Q	Merlin's Crystal	No I don't have any bread with me.
Q	Merlin's Crystal	No, I still have none.
N	Merlin's Crystal	No thank you.
Q	Merlin's Crystal	OK I will do all that.
Q	Merlin's Crystal	Ok then.
Q	Merlin's Crystal	Snarthanto Candon Termtrick
Q	Merlin's Crystal	Snarthon Candtrick Termanto
Q	Merlin's Crystal	Snarthtrick Candanto Termon
N	Merlin's Crystal	So what are you doing in Gielinor?
Q	Merlin's Crystal	So where can I find Excalibur?
Q	Merlin's Crystal	Tell me how to untrap Merlin and I might.
Q	Merlin's Crystal	Thank you for the information.
N	Merlin's Crystal	Thank you very much.
Q	Merlin's Crystal	Well, good luck with your business.
Q	Merlin's Crystal	What are the magic words?
Q	Merlin's Crystal	Where do you deliver to?
N	Merlin's Crystal	Who are you?
Q	Merlin's Crystal	Yes.
Q	Merlin's Crystal	Yes certainly.
Q	Merlin's Crystal	Yes, here you go.
N	Merlin's Crystal	Yes please.
N	Merlin's Crystal	You're a little full of yourself aren't you?
Q	Misthalin Mystery	Count Check
Q	Misthalin Mystery	Count Draynor
Q	Misthalin Mystery	Dialogue 1
Q	Misthalin Mystery	Dialogue 2
Q	Misthalin Mystery	Lord Drakan
Q	Misthalin Mystery	No.
Q	Misthalin Mystery	Say nothing
Q	Misthalin Mystery	Yes.
Q	Monk's Friend	Can I come to the party?
Q	Monk's Friend	Enjoy it! I'll see you soon!
Q	Monk's Friend	I've no time for that, sorry.
Q	Monk's Friend	No.
Q	Monk's Friend	No, I've helped enough monks today!
Q	Monk's Friend	Sorry! I'm too busy to hear your problems!
Q	Monk's Friend	Where should I look?
Q	Monk's Friend	Who's Brother Cedric?
Q	Monk's Friend	Why can't you sleep, what's wrong?
Q	Monk's Friend	Yes.
Q	Monk's Friend	Yes, I'd be happy to!
Q	Monkey Madness I	Actually, I don't really need it.
Q	Monkey Madness I	Are you coming with me?
Q	Monkey Madness I	Are you sure you cannot come to the island?
Q	Monkey Madness I	Can you make another monkey talisman?
Q	Monkey Madness I	Can you take me back to your kingdom?
Q	Monkey Madness I	Dialogue 1
Q	Monkey Madness I	Dialogue 10
Q	Monkey Madness I	Dialogue 11
Q	Monkey Madness I	Dialogue 12
Q	Monkey Madness I	Dialogue 13
Q	Monkey Madness I	Dialogue 14
Q	Monkey Madness I	Dialogue 15
Q	Monkey Madness I	Dialogue 16
Q	Monkey Madness I	Dialogue 17
Q	Monkey Madness I	Dialogue 18
Q	Monkey Madness I	Dialogue 19
Q	Monkey Madness I	Dialogue 2
Q	Monkey Madness I	Dialogue 20
Q	Monkey Madness I	Dialogue 21
Q	Monkey Madness I	Dialogue 22
Q	Monkey Madness I	Dialogue 23{{fact|May have been removed
Q	Monkey Madness I	Dialogue 3
Q	Monkey Madness I	Dialogue 4
Q	Monkey Madness I	Dialogue 5
Q	Monkey Madness I	Dialogue 6
Q	Monkey Madness I	Dialogue 7
Q	Monkey Madness I	Dialogue 8
Q	Monkey Madness I	Dialogue 9
Q	Monkey Madness I	Do you recognize the gnome on the beach?
Q	Monkey Madness I	Focus on improving attack and defence techniques...
Q	Monkey Madness I	Focus on increasing strength and stamina...
Q	Monkey Madness I	How are you today?
Q	Monkey Madness I	How can you be everywhere?
Q	Monkey Madness I	How did the 10th squad travel?
Q	Monkey Madness I	How do I leave?
Q	Monkey Madness I	How do I return here later?
Q	Monkey Madness I	How do you remain unseen?
Q	Monkey Madness I	How many bananas did Aunty want?
Q	Monkey Madness I	How will I travel?
Q	Monkey Madness I	I cannot convince Lumdo to take us to the island...
Q	Monkey Madness I	I knew your sister's mother!
Q	Monkey Madness I	I'll be back later.
Q	Monkey Madness I	I'm a monkey's brother!
Q	Monkey Madness I	I'm just a monkey lover!
Q	Monkey Madness I	I'm not so sure about Caranock...
Q	Monkey Madness I	I need to return to Crash Island.
Q	Monkey Madness I	I need to return to your kingdom.
Q	Monkey Madness I	I've lost that toy you gave me...
Q	Monkey Madness I	I've lost the monkey amulet...
Q	Monkey Madness I	I've lost the sigil.
Q	Monkey Madness I	I want to sign up for the training programme.
Q	Monkey Madness I	I work better on my own...
Q	Monkey Madness I	Leave...
Q	Monkey Madness I	No
Q	Monkey Madness I	No, I'd rather skin a monkey than take your help!
Q	Monkey Madness I	No, not yet.
Q	Monkey Madness I	Ok, I promise!
Q	Monkey Madness I	Ok then. You win again, Glough.
Q	Monkey Madness I	Return to previous menu
Q	Monkey Madness I	Talk about Caranock
Q	Monkey Madness I	Talk about the 10th squad...
Q	Monkey Madness I	Talk about the journey...
Q	Monkey Madness I	That's outrageous!
Q	Monkey Madness I	That's really sweet of her!
Q	Monkey Madness I	Well I'll be a monkey's uncle!
Q	Monkey Madness I	What am I meant to do?
Q	Monkey Madness I	What are military gliders?
Q	Monkey Madness I	What are you doing here?
Q	Monkey Madness I	What do we need for the monkey amulet?
Q	Monkey Madness I	What do we need for the monkey talisman?
Q	Monkey Madness I	What is a Gnome Liaison Officer?
Q	Monkey Madness I	What is reinitialisation?
Q	Monkey Madness I	What kind of enemy do we face?
Q	Monkey Madness I	What kind of toy did Aunty say she'd give you?
Q	Monkey Madness I	What lies to the south of Karamja?
Q	Monkey Madness I	What shall we do now?
Q	Monkey Madness I	What should I do now?
Q	Monkey Madness I	When will reinitialisation be completed?
Q	Monkey Madness I	Where do I find a gold bar?
Q	Monkey Madness I	Where do I find a magical monkey talisman?
Q	Monkey Madness I	Where do I find a monkey amulet mould?
Q	Monkey Madness I	Where do I find monkey remains?
Q	Monkey Madness I	Where do I find something to do with monkey speech?
Q	Monkey Madness I	Where is the hangar?
Q	Monkey Madness I	Where is the reinitialisation code?
Q	Monkey Madness I	Who is Caranock?
Q	Monkey Madness I	Who is Garkor?
Q	Monkey Madness I	Who is it?
Q	Monkey Madness I	Why are the 10th squad so famous?
Q	Monkey Madness I	Why are the gliders folded against the wall?
Q	Monkey Madness I	Why did the King send a squad of the Royal Guard?
Q	Monkey Madness I	Wow - can I borrow it?
Q	Monkey Madness I	Yes
Q	Monkey Madness I	Yes, I'm sure.
Q	Monkey Madness I	Yes, I suppose I do.
Q	Monkey Madness II	Actually, I know enough already.
Q	Monkey Madness II	Any idea where Glough is?
Q	Monkey Madness II	Any idea where I can find Glough?
Q	Monkey Madness II	Awowogei has already informed me about the battleships.
Q	Monkey Madness II	Can I visit the platform?
Q	Monkey Madness II	Can you teach me the route?
Q	Monkey Madness II	Construction platform?
Q	Monkey Madness II	Could you translate these notes?
Q	Monkey Madness II	Good for you, I'll just be on my way.
Q	Monkey Madness II	He might be in trouble, I could help.
Q	Monkey Madness II	How are things going, Awowogei?
Q	Monkey Madness II	I accept your challenge.
Q	Monkey Madness II	I don't take orders from you!
Q	Monkey Madness II	I know about your deal with the monkeys.
Q	Monkey Madness II	I'll help you look for Glough.
Q	Monkey Madness II	I'll just be on my way.
Q	Monkey Madness II	I'm busy at the moment.
Q	Monkey Madness II	I'm here to discuss military strategies.
Q	Monkey Madness II	I'm looking for a fight!
Q	Monkey Madness II	I'm only passing through.
Q	Monkey Madness II	I offer to spare your life.
Q	Monkey Madness II	I was going to ask you the same question.
Q	Monkey Madness II	I was just admiring the view.
Q	Monkey Madness II	I was just leaving.
Q	Monkey Madness II	I was just passing through.
Q	Monkey Madness II	It's worth a shot.
Q	Monkey Madness II	King Awowogei has sent me to find Glough.
Q	Monkey Madness II	King Narnode has sent me.
Q	Monkey Madness II	King Narnode has sent me to find Glough.
Q	Monkey Madness II	Nevermind.
Q	Monkey Madness II	No.
Q	Monkey Madness II	Not right now.
Q	Monkey Madness II	Nothing, goodbye.
Q	Monkey Madness II	Of course, my king.
Q	Monkey Madness II	Okay. See you around.
Q	Monkey Madness II	Perhaps I could offer you more?
Q	Monkey Madness II	So you're here with Glough?
Q	Monkey Madness II	Talk about Assistant Le Smith.
Q	Monkey Madness II	Talk about Monkey Madness II.
N	Monkey Madness II	Talk about something else.
Q	Monkey Madness II	Test flight?
Q	Monkey Madness II	Thanks for the information.
Q	Monkey Madness II	That sounds far too dangerous.
Q	Monkey Madness II	What are you still doing here?
Q	Monkey Madness II	What do you care? He's seeing someone else!
Q	Monkey Madness II	What fleet are you talking about?
Q	Monkey Madness II	What's going on here?
Q	Monkey Madness II	What's wrong?
Q	Monkey Madness II	What would it take to persuade you not to attack the humans?
Q	Monkey Madness II	Where is the fleet, currently?
Q	Monkey Madness II	Who are you?
Q	Monkey Madness II	Why is that?
Q	Monkey Madness II	Yes.
Q	Monkey Madness II	You won't be around to crush anyone when I'm done with you.
Q	Mountain Daughter	About the people of Rellekka...
Q	Mountain Daughter	About your food supplies...
Q	Mountain Daughter	Actually, I'm a Fremennik.
Q	Mountain Daughter	And why didn't you tell me your daughter's been missing for years?
Q	Mountain Daughter	Any idea on where I should start looking?
Q	Mountain Daughter	Aren't you supposed to be a ferocious warrior?
N	Mountain Daughter	Ask about anything else.
Q	Mountain Daughter	Ask about the mountain camp.
Q	Mountain Daughter	But he killed your daughter!
Q	Mountain Daughter	But he's not a god!
Q	Mountain Daughter	Can I see that corpse?
Q	Mountain Daughter	Can't I persuade you to go in there somehow?
Q	Mountain Daughter	Did it contain vast magical powers?
Q	Mountain Daughter	Did it give the owner unimaginable strength?
Q	Mountain Daughter	Did it look pretty?
Q	Mountain Daughter	Do you have any idea where she might be?
Q	Mountain Daughter	Don't tell me, there's an anthem involved?
N	Mountain Daughter	Excuse me, have you seen my helmet?
Q	Mountain Daughter	Forget it then.
Q	Mountain Daughter	Hand the body over to me!
Q	Mountain Daughter	Hello! Who are you?
Q	Mountain Daughter	I humbly request to be given the remains.
Q	Mountain Daughter	I'll get right on it.
Q	Mountain Daughter	I'm looking for a quest!
Q	Mountain Daughter	I'm not really a diplomat.
Q	Mountain Daughter	I'm not really a farmer.
Q	Mountain Daughter	I'm sorry to hear that.
Q	Mountain Daughter	I seek your advice, oh great one!
Q	Mountain Daughter	I think I'd better have a lie down.
Q	Mountain Daughter	I think I'm going mad.
N	Mountain Daughter	I think you're all mad.
Q	Mountain Daughter	I think you're completely mad!
N	Mountain Daughter	I thought you didn't believe in magic?
Q	Mountain Daughter	I will.
Q	Mountain Daughter	I will kill you myself!
Q	Mountain Daughter	I will search for her!
Q	Mountain Daughter	I won't.
Q	Mountain Daughter	It's just me, no one special.
Q	Mountain Daughter	It's me, of whom many legends are sung.
Q	Mountain Daughter	Maybe the trolls got her?
Q	Mountain Daughter	Never mind.
Q	Mountain Daughter	Never mind then, I'd better leave
Q	Mountain Daughter	No.
Q	Mountain Daughter	Oh, I'll stop talking to you then.
Q	Mountain Daughter	Oh, never mind then, that can't be right.
Q	Mountain Daughter	Slumber? You didn't seem to be sleeping.
Q	Mountain Daughter	So what are you doing up here?
Q	Mountain Daughter	So what exactly do you want from me?
Q	Mountain Daughter	Thank you. I will make sure she's given a proper burial now.
Q	Mountain Daughter	That's fascinating.
Q	Mountain Daughter	That sounds like something I can do.
Q	Mountain Daughter	Time to go!
Q	Mountain Daughter	Was it the eternal prison of an immortal demon?
N	Mountain Daughter	Well, I must be off again.
Q	Mountain Daughter	What do you mean, my kind?
Q	Mountain Daughter	What does your daughter look like?
N	Mountain Daughter	What exactly happened to your daughter?
Q	Mountain Daughter	Why do you hate them so much?
Q	Mountain Daughter	Why is everyone so hostile?
Q	Mountain Daughter	Yes.
Q	Mountain Daughter	You look like a man in a bearsuit!
Q	Mountain Daughter	You look like you escaped from a fairground!
Q	Mountain Daughter	You mean a sacrifice?
Q	Mountain Daughter	You're all such a group of petty bickerers!
Q	Mountain Daughter	You've been waiting to give it to her all that time?
Q	Mourning's End Part I	Could you wash this top for me?
Q	Mourning's End Part I	Dialogue 1:
Q	Mourning's End Part I	Dialogue 2:
Q	Mourning's End Part I	I have all I need to mend my trousers.
N	Mourning's End Part I	I seek knowledge and power!
Q	Mourning's End Part I	Leave the soap.
Q	Mourning's End Part I	Let's skip the backstory.
N	Mourning's End Part I	Many greetings.
Q	Mourning's End Part I	No.
Q	Mourning's End Part I	No, I just wanted to talk to a friendly face.
N	Mourning's End Part I	No thanks.
Q	Mourning's End Part I	Okay, let's begin
Q	Mourning's End Part I	Steal the soap.
Q	Mourning's End Part I	What do you need to mend my trousers?
Q	Mourning's End Part I	Yes.
Q	Mourning's End Part I	Yes, but I don't think you can help
N	Mourning's End Part I	Yes please. What are you selling?
Q	Mourning's End Part I	You said about being tickled and a gnome ball.
Q	Mourning's End Part I	You said about being tickled and going to the park.
Q	Mourning's End Part I	You said about going to the park and playing gnomeball.
Q	Mourning's End Part I	You said about toad crunchies and a gnome ball.
Q	Mourning's End Part I	You said about toad crunchies and being tickled.
Q	Mourning's End Part II	Do you have another copy of the list?
Q	Mourning's End Part II	How do you explain the Door key?
Q	Mourning's End Part II	How do you explain the Dusty key?
Q	Mourning's End Part II	How do you explain the Jail key?
Q	Mourning's End Part II	I'd rather you didn't.
Q	Mourning's End Part II	I've got some of them with me.
Q	Mourning's End Part II	No.
Q	Mourning's End Part II	No, I'd better get looking for them.
Q	Mourning's End Part II	So why do you want Prifddinas' history?
Q	Mourning's End Part II	So why do you want the Battered book?
Q	Mourning's End Part II	So why do you want the Crumbling tome?
Q	Mourning's End Part II	What about the Agility arena ticket?
Q	Mourning's End Part II	What about the Archery ticket?
Q	Mourning's End Part II	What do you need all this stuff for?
Q	Mourning's End Part II	Yeah right, all of those are just 'supplies'.
Q	Mourning's End Part II	Yeah sure.
Q	Mourning's End Part II	Yes.
Q	Murder Mystery	Can I buy some Poison?
Q	Murder Mystery	Did you hear any suspicious noises at all?
Q	Murder Mystery	Do you know why so much poison was bought recently?
Q	Murder Mystery	Do you recognise this thread?
Q	Murder Mystery	Hobbes the butler. The butler ALWAYS did it.
Q	Murder Mystery	How did Lord Sinclair die?
Q	Murder Mystery	I am so confused about who did it.
Q	Murder Mystery	I am SO sure it was Carol.
Q	Murder Mystery	I have proof one of the family lied about the poison.
Q	Murder Mystery	I have proof that it wasn't any of the servants.
Q	Murder Mystery	I have the finger prints of the culprit.
Q	Murder Mystery	I have this pot I found at the murder scene...
Q	Murder Mystery	I KNOW it was Anna.
Q	Murder Mystery	I know who did it!
Q	Murder Mystery	I'll bet you ANYTHING it was Elizabeth.
Q	Murder Mystery	I'm certain it was Bob.
Q	Murder Mystery	I think the butler did it.
Q	Murder Mystery	If it wasn't Frank I'll eat my shoes!
Q	Murder Mystery	It can ONLY be Donovan the handyman.
Q	Murder Mystery	It MUST have been Mary the maid.
Q	Murder Mystery	It was an intruder!
Q	Murder Mystery	It was David. No doubt about it.
Q	Murder Mystery	It was one of his family!
Q	Murder Mystery	It was one of the men...
Q	Murder Mystery	It was one of the servants!
Q	Murder Mystery	It was one of the women...
Q	Murder Mystery	It was SO obviously Louisa the cook.
Q	Murder Mystery	No.
Q	Murder Mystery	No, I don't see any need for it.
Q	Murder Mystery	Patented Multi Purpose Poison?
Q	Murder Mystery	Pierre the dog handler. No question.
N	Murder Mystery	Talk about the Fremennik Trials
Q	Murder Mystery	Talk about the Murder Mystery Quest
Q	Murder Mystery	Tell me about Anna.
Q	Murder Mystery	Tell me about Bob.
Q	Murder Mystery	Tell me about Carol.
Q	Murder Mystery	Tell me about David.
Q	Murder Mystery	Tell me about Elizabeth.
Q	Murder Mystery	Tell me about Frank.
Q	Murder Mystery	Tell me about Lord Sinclair.
Q	Murder Mystery	The butler did it!
Q	Murder Mystery	What can you tell me about his daughters?
Q	Murder Mystery	What can you tell me about his sons?
Q	Murder Mystery	What can you tell me about the Sinclairs?
Q	Murder Mystery	What should I be doing to help again?
Q	Murder Mystery	Where were you at the time of the murder?
Q	Murder Mystery	Where were you when the murder happened?
Q	Murder Mystery	Who did you sell Poison to at the house?
Q	Murder Mystery	Who do you think is responsible?
Q	Murder Mystery	Who do you think was responsible?
Q	Murder Mystery	Why'd you buy poison the other day?
Q	Murder Mystery	Why do the Sinclairs live so far from town?
Q	Murder Mystery	Yes.
Q	Murder Mystery	Yes, it might be useful.
Q	Murder Mystery	You MUST know it was Stanford The Gardener...
Q	My Arm's Big Adventure	A troll called My Arm wants a favour...
Q	My Arm's Big Adventure	Alright, I'll lend him a hand.
Q	My Arm's Big Adventure	Can I have all that dragon stuff as my reward?
Q	My Arm's Big Adventure	I am a navigational genius; I'll be fine.
N	My Arm's Big Adventure	I'd like to go to Rimmington.
Q	My Arm's Big Adventure	I think I'll come back another time.
N	My Arm's Big Adventure	Is there anything interesting to do around here?
Q	My Arm's Big Adventure	It was very kind of you.
Q	My Arm's Big Adventure	No.
Q	My Arm's Big Adventure	No, not yet.
Q	My Arm's Big Adventure	That is My Arm. We'd like to go to Karamja.
Q	My Arm's Big Adventure	That was the worst reward EVER!
Q	My Arm's Big Adventure	This place is a maze - got any advice?
N	My Arm's Big Adventure	What do you do here?
Q	My Arm's Big Adventure	What was it you wanted?
Q	My Arm's Big Adventure	Yes.
Q	Nature Spirit	Being dead, what options do you think you have?
Q	Nature Spirit	Could I have another bloom scroll please?
Q	Nature Spirit	Enter the swamp.
Q	Nature Spirit	Explain to me what a Ghast is again.
Q	Nature Spirit	How can a blessed sickle help me to defeat the Ghasts?
Q	Nature Spirit	How can I help?
Q	Nature Spirit	How do I get to attack the Ghasts?
Q	Nature Spirit	How long have you been a ghost?
Q	Nature Spirit	I'd better get going.
Q	Nature Spirit	I'm wearing an amulet of ghost speak!
Q	Nature Spirit	I think I've solved the puzzle!
Q	Nature Spirit	I've lost my sickle.
Q	Nature Spirit	No.
Q	Nature Spirit	Ok, thanks.
Q	Nature Spirit	So, what's your plan?
Q	Nature Spirit	Sorry, not interested.
Q	Nature Spirit	Stay out
Q	Nature Spirit	Well, good luck with that.
Q	Nature Spirit	Well, what is it, I may be able to help?
Q	Nature Spirit	What are the things that are needed?
Q	Nature Spirit	What can I do with this sickle?
Q	Nature Spirit	What's a ghast?
Q	Nature Spirit	What's it like being a ghost?
Q	Nature Spirit	What's the story with Filliman Tarlock?
Q	Nature Spirit	What's the story with Mort Myre?
Q	Nature Spirit	What's this pouch for?
Q	Nature Spirit	What should I do when I have those things?
Q	Nature Spirit	What will you do to the silver sickle?
Q	Nature Spirit	Where's Mort Myre?
Q	Nature Spirit	Where should I look for Filliman Tarlock again?
Q	Nature Spirit	Where would I get a silver sickle?
Q	Nature Spirit	Who exactly is this Filliman?
Q	Nature Spirit	Yes.
Q	Observatory Quest	An Observatory?
Q	Observatory Quest	Aquarius
Q	Observatory Quest	Aries
Q	Observatory Quest	Cancer
Q	Observatory Quest	Capricorn
Q	Observatory Quest	Dialogue 1
Q	Observatory Quest	Dialogue 2
Q	Observatory Quest	Dialogue 3
Q	Observatory Quest	Dialogue 4
Q	Observatory Quest	Dialogue4
Q	Observatory Quest	Gemini
Q	Observatory Quest	I'm just passing through.
Q	Observatory Quest	I'm totally lost.
Q	Observatory Quest	Leo
Q	Observatory Quest	Libra
Q	Observatory Quest	~ next ~
Q	Observatory Quest	No.
Q	Observatory Quest	Pisces
Q	Observatory Quest	~ previous ~
Q	Observatory Quest	Sagittarius
Q	Observatory Quest	Scorpio
Q	Observatory Quest	Talk about the Observatory quest.
N	Observatory Quest	Talk about Treasure Trails.
Q	Observatory Quest	Taurus
Q	Observatory Quest	Virgo
Q	Observatory Quest	Yes.
Q	Olaf's Quest	Alright, here, have some food. Now give me the map.
Q	Olaf's Quest	No.
Q	Olaf's Quest	Not a chance.
Q	Olaf's Quest	Yes.
Q	One Small Favour	A dwarf I know wants to become an initiate.
Q	One Small Favour	Actually I have a favour to ask.
Q	One Small Favour	And I suppose you need me to do you a favour?
Q	One Small Favour	Are you taking any new initiates?
N	One Small Favour	Ask about Sanfew Serum.
N	One Small Favour	Ask questions relating to Eadgar.
Q	One Small Favour	But...what?
Q	One Small Favour	Can't you just leave Tassie alone?
Q	One Small Favour	Can't you just release Jimmy the Chisel?
Q	One Small Favour	Can you fill this mattress with feathers?
N	One Small Favour	Can you make dyes for me, please?
N	One Small Favour	Can you make potions for me?
N	One Small Favour	Can you teleport me to the Rune Essence Mine?
Q	One Small Favour	Chat.
N	One Small Favour	Chat about Antiques store.
Q	One Small Favour	Chat about Gliders
N	One Small Favour	Claim free pure essence.
Q	One Small Favour	Could I ask you about being a character witness?
Q	One Small Favour	Do you accept dwarves?
N	One Small Favour	Do you have any interesting items for sale?
N	One Small Favour	Do you have any quests?
Q	One Small Favour	Do you need any more help from me?
Q	One Small Favour	Do you really actually need that axe?
Q	One Small Favour	Do you sharpen axes?
N	One Small Favour	Do you want to trade?
Q	One Small Favour	Don't worry about Jimmy. His release is imminent!
N	One Small Favour	'Ello
Q	One Small Favour	Erm, I've lost the mattress...
N	One Small Favour	General conversation.
Q	One Small Favour	Good news, I have your sharpened axe!
Q	One Small Favour	Good news! Jimmy has been released!
Q	One Small Favour	Have you always been a gangster?
N	One Small Favour	Have you seen any Kharazi tribespeople in the jungle?
Q	One Small Favour	Hello again, what should I do now?
Q	One Small Favour	Hello there, what are you working on?
N	One Small Favour	Hello, what is this place?
Q	One Small Favour	Here's the red mahogany you asked for.
Q	One Small Favour	Hey, how's it going?
Q	One Small Favour	Hey there, did you get your T.R.A.S.H?
Q	One Small Favour	Hey you're a witch aren't you?
Q	One Small Favour	Hi again, what should I do now?
Q	One Small Favour	Hi, can you give me a weather forecast?
Q	One Small Favour	Hi, I need to talk to you about chicken cages!
Q	One Small Favour	Hi there, the Gnome Pilot has agreed to take you to see the ogres!
N	One Small Favour	Hmm, I'm interested in a boat trip.
N	One Small Favour	Hmm, sorry, not interested.
N	One Small Favour	How do I get into the Kharazi Jungle?
Q	One Small Favour	How do I make the tea again?
Q	One Small Favour	How does someone become an initate?
Q	One Small Favour	How hard can it be to predict the weather?
Q	One Small Favour	How was that tea?
Q	One Small Favour	I don't think I can do this.
Q	One Small Favour	I don't think they take dwarven gangsters as initiates.
Q	One Small Favour	I guess I can go to the Barbarian Village.
N	One Small Favour	I have a question about my Achievement Diary.
Q	One Small Favour	I have a special tea here for you from Sanfew!
Q	One Small Favour	I have that iron oxide you asked for!
Q	One Small Favour	I have the breathing salts.
Q	One Small Favour	I have the five pigeon cages you asked for!
Q	One Small Favour	I have the herbal tincture.
Q	One Small Favour	I have the mattress.
Q	One Small Favour	I have the tincture and the breathing salts.
Q	One Small Favour	I have the weather report for you.
Q	One Small Favour	I'll get going then!
Q	One Small Favour	I'll run you through if you don't give me that weather report.
Q	One Small Favour	I'm back!
Q	One Small Favour	I'm fixing the weather vane.
Q	One Small Favour	I'm looking for Hammerspike.
Q	One Small Favour	I'm looking for Jimmy the Chisel.
N	One Small Favour	I'm looking for something to kill.
N	One Small Favour	I'm lost.
Q	One Small Favour	I'm not paying you 100 coins for that stinky mattress.
N	One Small Favour	I'm okay, thanks.
Q	One Small Favour	I'm sorry but I can't help.
Q	One Small Favour	I need a chisel to fix these crystals.
Q	One Small Favour	I need a new [opal/jade/red topaz] to fix the lights.
Q	One Small Favour	I need another animate rock spell.
Q	One Small Favour	I need to talk T.R.A.S.H. to you.
Q	One Small Favour	I need to talk to you about a girl stuck in some rock!
Q	One Small Favour	I need to talk to you about a mattress.
Q	One Small Favour	I need to talk to you about Jimmy.
Q	One Small Favour	I need to talk to you about red mahogany.
Q	One Small Favour	I only have [a single/X] pigeon cage[s].
N	One Small Favour	I think I might have misplaced that duck.
Q	One Small Favour	I've done my part of the deal, now hand over that weather report.
Q	One Small Favour	I've fixed all the lights!
Q	One Small Favour	I've fixed the weather vane!
Q	One Small Favour	I've forgotten what to do, can you remind me?
Q	One Small Favour	I've lost [a chicken cage/X of the chicken cages]!
Q	One Small Favour	I've lost that filled mattress you gave me!
Q	One Small Favour	I've lost that red mahogany you gave me!
Q	One Small Favour	I've lost that sharpened axe you gave me?
Q	One Small Favour	I've lost the iron oxide, can I have some more?
Q	One Small Favour	I've lost the weather report.
Q	One Small Favour	I've lost your unsharpened axe, I need a new one.
Q	One Small Favour	I've released Petra, she should have returned.
Q	One Small Favour	I've returned with good news.
Q	One Small Favour	I won't pay you 200 coins for a piece of wood!
N	One Small Favour	Is that your ship?
Q	One Small Favour	Is there an easier way of getting this exotic wood?
Q	One Small Favour	Is there anyone else who can sharpen this axe?
Q	One Small Favour	Is there anything else interesting to do around here?
Q	One Small Favour	Is there anything I can do?
Q	One Small Favour	Is there anything that I can do?
Q	One Small Favour	'Jimmy the Chisel' - what kind of name is that?
Q	One Small Favour	Let me guess, you're going to ask me to do you a favour?
Q	One Small Favour	Listen you...just give me the blooming weather report!
Q	One Small Favour	Look, can you sharpen this cursed axe or what?
N	One Small Favour	More options...
Q	One Small Favour	No.
Q	One Small Favour	No, I won't buy the chisel.
Q	One Small Favour	No, sorry, I can't do it right now.
Q	One Small Favour	No, sorry, I can't do it right now. Or maybe ever!
Q	One Small Favour	No, sorry, no more blooming favours for anyone!
N	One Small Favour	No thank you.
N	One Small Favour	No thanks. I'm just looking around.
Q	One Small Favour	No way am I buying that!
Q	One Small Favour	No way am I giving you 200 bright pretties.
Q	One Small Favour	No way am I going to Port Khazard for you!
Q	One Small Favour	No way am I paying 200 coins for a bottle of rust!
Q	One Small Favour	No way am I paying for that!
Q	One Small Favour	No way am I paying that much.
Q	One Small Favour	No way...go do your own dirty work!
Q	One Small Favour	No way...I'm cleaning up your mess, you should be grateful!
Q	One Small Favour	No way, I'm fed up with this wild goose chase!
Q	One Small Favour	No way...I've had enough of doing favours for people.
Q	One Small Favour	No way...I've had enough of this wild goose chase.
Q	One Small Favour	Nope, it's not a deal!
Q	One Small Favour	Oh, come on...do something nice for Tassie.
Q	One Small Favour	Oh, no not another favour...I just can't do another one!
Q	One Small Favour	Oh, no way am I going to the Barbarian Village.
Q	One Small Favour	Oh, ok! I guess it's not that much further to Varrock!
Q	One Small Favour	Oh, Ok, I'll see if I can find Jimmy.
Q	One Small Favour	Oh! Ok, one more 'small favour' isn't going to kill me...I hope!
Q	One Small Favour	Ok, another favour...I think I can manage that.
Q	One Small Favour	Ok, here you go!
Q	One Small Favour	Ok, I guess one good turn deserves another.
Q	One Small Favour	Ok, I'll buy it!
Q	One Small Favour	Ok, I'll deal with Hammerspike!
Q	One Small Favour	Ok, I'll give you 200 bright pretties.
Q	One Small Favour	Ok, I'll go and get you some T.R.A.S.H.
Q	One Small Favour	Ok, I'll pay, here's the pigeon cage[s] and [X] gold.
Q	One Small Favour	Ok, I'll see what I can do.
Q	One Small Favour	Ok, I've helped that Gnome, he shouldn't bother you anymore.
Q	One Small Favour	Ok, Jimmy has to be worth more than a few scrawny chickens!
Q	One Small Favour	Ok, ok, I'll do it! I'll go and see Aggie.
Q	One Small Favour	Ok, show me where this weather vane is...I want to look at it.
Q	One Small Favour	Ok, thanks.
Q	One Small Favour	Ok, what's it going to take to get a weather report?
Q	One Small Favour	Okay, here's 100 coins for another mattress...
Q	One Small Favour	Okay, here's 200 coins for some red mahogany.
Q	One Small Favour	Okay, here's 500 coins, I'll buy one.
Q	One Small Favour	Okay, I'll buy a chisel for 10 coins.
Q	One Small Favour	Okay, I'll buy it.
Q	One Small Favour	Okay, I'll do it!
Q	One Small Favour	Okay, I'll take your axe to get it sharpened.
Q	One Small Favour	Okay, thanks.
Q	One Small Favour	Rantz said I should help you finish this project.
Q	One Small Favour	Sanfew asked me to come and talk to you.
N	One Small Favour	So, are you selling something?
N	One Small Favour	So what have you invented?
Q	One Small Favour	Sorry, but I've got other things to attend to.
Q	One Small Favour	Sorry, I just don't want to do it.
Q	One Small Favour	Talk about One Small Favour.
N	One Small Favour	Talk about something else.
N	One Small Favour	Tell me about this antiques business.
Q	One Small Favour	This is taking longer than I expected!
N	One Small Favour	Two jobs? That's got to be tough.
Q	One Small Favour	Well, I've come to change the deal!
Q	One Small Favour	What am I doing this for?
Q	One Small Favour	What am I supposed to be doing?
Q	One Small Favour	What am I supposed to be doing again?
Q	One Small Favour	What am I supposed to do again?
Q	One Small Favour	What are you working on?
Q	One Small Favour	What can I do about that?
Q	One Small Favour	What can I do to help?
Q	One Small Favour	What did you need me to do again?
Q	One Small Favour	What did you suggest I do again?
Q	One Small Favour	What did you want me to do again?
N	One Small Favour	What do you do here?
N	One Small Favour	What do you have for sale?
Q	One Small Favour	What do you mean missing?
Q	One Small Favour	What do you mean, 'special combination of items'?
Q	One Small Favour	What do you think needs to be done?
Q	One Small Favour	What do you want me to do?
Q	One Small Favour	What is T.R.A.S.H?
Q	One Small Favour	What kind of organisation is this?
N	One Small Favour	What're you doing here?
Q	One Small Favour	What's going on around here?
Q	One Small Favour	What's it going to take for you to give me that weather report?
Q	One Small Favour	What should I do now?
Q	One Small Favour	What was I supposed to be doing?
Q	One Small Favour	What was I supposed to do again?
Q	One Small Favour	What was it you wanted me to do again?
Q	One Small Favour	Where am I supposed to look?
Q	One Small Favour	Where can I get this from?
Q	One Small Favour	Where do I meet this jungle forester?
Q	One Small Favour	Where is Captain Shanks?
Q	One Small Favour	Where is this girl?
Q	One Small Favour	Which special Seers tools do you mean?
N	One Small Favour	Who are you?
Q	One Small Favour	Who are you and what do you do here?
N	One Small Favour	Who do you work for?
Q	One Small Favour	Who is it that I'm supposed to meet?
Q	One Small Favour	Who is this girl that you're concerned about?
Q	One Small Favour	Why can't you get a clear picture?
Q	One Small Favour	Why should I take it to Captain Shanks?
Q	One Small Favour	Wizard Cromperty sent me to get some iron oxide.
Q	One Small Favour	Yep, it's a deal.
Q	One Small Favour	Yes.
Q	One Small Favour	Yes, I'll take a look at them.
Q	One Small Favour	Yes, Ok, I'll do it.
N	One Small Favour	You mad old witch, you can't help me.
Q	One Small Favour	You're in luck, I've managed to swing that chicken deal for you.
Q	One Small Favour	You're just a fake...you can't predict the weather!
Q	One Small Favour	You're making me angry! I did you a favour, now pay up!
Q	One Small Favour	You're talking in riddles, just give me a straight answer!
Q	Pandemonium	About Will and Anne...
Q	Pandemonium	Actually, I want to go back to Port Sarim.
Q	Pandemonium	Could you tell me about the Pandemonium's one rule?
Q	Pandemonium	Dialogue 1
Q	Pandemonium	Dialogue 10
Q	Pandemonium	Dialogue 11
Q	Pandemonium	Dialogue 12
Q	Pandemonium	Dialogue 13
Q	Pandemonium	Dialogue 14
Q	Pandemonium	Dialogue 15
Q	Pandemonium	Dialogue 16
Q	Pandemonium	Dialogue 17
Q	Pandemonium	Dialogue 18
Q	Pandemonium	Dialogue 19
Q	Pandemonium	Dialogue 2
Q	Pandemonium	Dialogue 3
Q	Pandemonium	Dialogue 4
Q	Pandemonium	Dialogue 5
Q	Pandemonium	Dialogue 6
Q	Pandemonium	Dialogue 7
Q	Pandemonium	Dialogue 8
Q	Pandemonium	Dialogue 9
Q	Pandemonium	Disembark anyway.
Q	Pandemonium	Do you have any idea where Will and Anne might have gone?
Q	Pandemonium	I'd rather not...
Q	Pandemonium	I guess I'm ready...
Q	Pandemonium	I guess so...
Q	Pandemonium	I think I might have lost a cup here.
Q	Pandemonium	Let's see what you have.
Q	Pandemonium	No.
Q	Pandemonium	No, tell me about him.
Q	Pandemonium	Not right now.
Q	Pandemonium	Nothing, thanks.
Q	Pandemonium	Now's not really the time for tales.
Q	Pandemonium	Okay.
Q	Pandemonium	Okay, I'll get to it.
Q	Pandemonium	Remain on the boat.
Q	Pandemonium	What exactly is this one rule you keep mentioning?
Q	Pandemonium	Yes.
Q	Perilous Moons	Actually, I've been sent by Attala.
Q	Perilous Moons	Anything else I should know?
Q	Perilous Moons	Are you two philosophers?
Q	Perilous Moons	Can I be of any help with the dig?
Q	Perilous Moons	Can you help?
Q	Perilous Moons	Could you remind me what your glyphs look like?
Q	Perilous Moons	Do you ever get tired of guarding this place?
Q	Perilous Moons	Good job mediating those two.
Q	Perilous Moons	Goodbye.
Q	Perilous Moons	How are things?
Q	Perilous Moons	How come the dwarves let you in?
Q	Perilous Moons	How did you hear about the ruins?
Q	Perilous Moons	I'd better get going.
N	Perilous Moons	I'll get going.
Q	Perilous Moons	I need your help with these talismans.
Q	Perilous Moons	I take it you don't get on well with the dwarves?
Q	Perilous Moons	I take it you don't get on well with the humans?
Q	Perilous Moons	Maybe we should focus on something else.
Q	Perilous Moons	Naguanil? What's that?
Q	Perilous Moons	No.
N	Perilous Moons	No thanks.
Q	Perilous Moons	Okay, thanks.
Q	Perilous Moons	Okay, thanks for the help.
Q	Perilous Moons	So how did you end up getting assigned to these ruins?
Q	Perilous Moons	So how long has Cam Torum been around?
Q	Perilous Moons	So is this place what you were expecting?
Q	Perilous Moons	The rest of your people don't seem very happy I'm here.
Q	Perilous Moons	This place is beautiful. I thought it was supposed to be a prison?
Q	Perilous Moons	What are you expecting to find down there?
Q	Perilous Moons	What do we do now?
N	Perilous Moons	What do you have?
Q	Perilous Moons	What do you know about magic? Aren't you a blacksmith?
Q	Perilous Moons	What does the eastern mural depict?
Q	Perilous Moons	What does the inscription say?
Q	Perilous Moons	What does the northern mural depict?
Q	Perilous Moons	What does the western mural depict?
Q	Perilous Moons	What is Ximoua again?
Q	Perilous Moons	What lead you to be such a devout follower of Ranul?
Q	Perilous Moons	What's going on here?
Q	Perilous Moons	What should I expect from the Blood Moon?
Q	Perilous Moons	What should I expect from the Blue Moon?
Q	Perilous Moons	What should I expect from the Eclipse Moon?
Q	Perilous Moons	Where can I find bream?
Q	Perilous Moons	Where can I find moonlight grubs?
Q	Perilous Moons	Where can I find moss lizards?
N	Perilous Moons	Where do you get your runes from?
Q	Perilous Moons	Will the city's defense be okay without you?
Q	Perilous Moons	Yes.
N	Perilous Moons	Yes please.
Q	Perilous Moons	You seem to be well known by the other dwarves in Cam Torum.
Q	Perilous Moons	Your friends weren't very happy to see me.
N	Pirate's Treasure	Arr!
Q	Pirate's Treasure	Can I buy something please?
Q	Pirate's Treasure	Can I get a job here?
Q	Pirate's Treasure	Can I journey on this ship?
Q	Pirate's Treasure	(Charm) This is not the Karamja rum you are looking for.
Q	Pirate's Treasure	(Charm) You don't need to look through my things.
Q	Pirate's Treasure	Could you offer me employment on your plantation?
N	Pirate's Treasure	Do you have anything for trade?
Q	Pirate's Treasure	Does Karamja have unusual customs then?
Q	Pirate's Treasure	I'm in search of treasure.
Q	Pirate's Treasure	No.
Q	Pirate's Treasure	No, it's a complete mess
N	Pirate's Treasure	No, thank you.
Q	Pirate's Treasure	Oh, I'll not bother then.
Q	Pirate's Treasure	Ok thanks, I'll go and get it.
Q	Pirate's Treasure	Okay.
Q	Pirate's Treasure	Search away. I have nothing to hide.
Q	Pirate's Treasure	So where are these bananas going to be delivered to?
Q	Pirate's Treasure	So why didn't you ever get it?
Q	Pirate's Treasure	Sorry, I didn't realise.
Q	Pirate's Treasure	Thank you, I'll be on my way
Q	Pirate's Treasure	That customs officer is annoying isn't she?
Q	Pirate's Treasure	Umm... it's for personal use?
Q	Pirate's Treasure	Well, can I get a job here?
N	Pirate's Treasure	What can you recommend?
Q	Pirate's Treasure	Why?
Q	Pirate's Treasure	Will you pay me for another crate full?
Q	Pirate's Treasure	Yes.
Q	Pirate's Treasure	Yes, are you going to pay me yet?
Q	Pirate's Treasure	Yes, can I work out front now?
N	Pirate's Treasure	Yes please.
Q	Pirate's Treasure	You're not putting your hands on my things!
Q	Plague City	But I think a kidnap victim is in here.
Q	Plague City	Can I speak to Bravek anyway?
Q	Plague City	Do you have any more of those scrolls?
Q	Plague City	Do you know what's in the cure?
Q	Plague City	Do you know when he will be available?
Q	Plague City	Don't you want to take an interest in it at all?
Q	Plague City	Good point.
Q	Plague City	Have you caught the plague?
Q	Plague City	Have you seen a lady called Elena around here?
Q	Plague City	I don't think drink is the solution.
Q	Plague City	I fear not a mere plague.
Q	Plague City	I haven't got the plague though...
Q	Plague City	I'll try asking them then.
Q	Plague City	I'm just looking thanks.
Q	Plague City	I'm looking for a lady called Elena.
Q	Plague City	I'm looking for a woman called Elena.
Q	Plague City	I'm looking for a woman named Elena.
Q	Plague City	I'm sorry to hear that.
Q	Plague City	I need clearance to enter a plague house.
Q	Plague City	I need permission to enter a plague house.
Q	Plague City	I see why people say you're a weak leader.
Q	Plague City	I've got a gas mask though...
Q	Plague City	I want to check anyway.
Q	Plague City	Is that all anyone says around here?
Q	Plague City	No.
Q	Plague City	No, I don't have time for that.
Q	Plague City	No problem.
Q	Plague City	Oh okay, bad day then.
Q	Plague City	Okay, goodbye.
Q	Plague City	Okay, I'll go speak to them.
Q	Plague City	Okay, I'll leave him alone.
Q	Plague City	Okay, I'll look for it.
Q	Plague City	Okay, I'll talk to the mourners.
Q	Plague City	So what's a mourner?
Q	Plague City	Surely you don't let them run everything for you?
Q	Plague City	Thanks for the warning.
Q	Plague City	There's a kidnap victim inside!
Q	Plague City	They won't listen to me!
Q	Plague City	This is really important though!
Q	Plague City	This is urgent though! Someone's been kidnapped!
Q	Plague City	Well, good luck finding her.
Q	Plague City	What's happened to her?
Q	Plague City	Who is through that door?
Q	Plague City	Why, what has he done?
Q	Plague City	Yes.
Q	Plague City	Yes, I'll return it for you.
Q	Plague City	Yes, I'm utterly crazy.
Q	Plague City	Yes, living in a plague city must be hard.
Q	Plague City	You should stand up to them more.
Q	Plague City	You shouldn't drink so much then!
Q	Priest in Peril	About that job I'm doing...
Q	Priest in Peril	And you. See you later.
Q	Priest in Peril	Could you tell me more about this temple?
Q	Priest in Peril	Do I get a reward for this?
Q	Priest in Peril	Do you know of anything I can do in Morytania?
Q	Priest in Peril	Hi, I just moved in next door.
Q	Priest in Peril	I have to go.
Q	Priest in Peril	I hear this place is of historic interest.
Q	Priest in Peril	I'll get going.
Q	Priest in Peril	I'm looking for a quest!
Q	Priest in Peril	No.
Q	Priest in Peril	Nope. Something about all this is very suspicious...
Q	Priest in Peril	Not really.
Q	Priest in Peril	Nothing.
Q	Priest in Peril	Nothing. Never mind.
Q	Priest in Peril	Roald sent me to check on Drezel.
Q	Priest in Peril	So, what now?
Q	Priest in Peril	Sure. I'm a helpful person!
Q	Priest in Peril	The council sent me to check your pipes.
Q	Priest in Peril	Where am I supposed to go again?
Q	Priest in Peril	Who's Drezel?
Q	Priest in Peril	Why do you care about Drezel anyway?
Q	Priest in Peril	Why is the river such a good defence?
Q	Priest in Peril	Yes.
Q	Priest in Peril	Yes, of course.
N	Prince Ali Rescue	Actually, I don't need anything.
Q	Prince Ali Rescue	Actually, I don't need one right now.
Q	Prince Ali Rescue	Actually, I have heard of you. You're famous in Gielinor!
Q	Prince Ali Rescue	Ah, I see. You must have been very skillful.
Q	Prince Ali Rescue	Any ideas for the disguise?
Q	Prince Ali Rescue	Any ideas for the key?
N	Prince Ali Rescue	Can you make dyes for me please?
Q	Prince Ali Rescue	Can you make skin paste?
N	Prince Ali Rescue	Cool, do you turn people into frogs?
Q	Prince Ali Rescue	Could I see the key please?
Q	Prince Ali Rescue	Could I touch the key for a moment please?
Q	Prince Ali Rescue	Could you knit me a sweater?
Q	Prince Ali Rescue	Could you make other things apart from rope?
Q	Prince Ali Rescue	Could you repair the arrow holes in the back of my shirt?
Q	Prince Ali Rescue	Do you know why they've taken the Prince?
N	Prince Ali Rescue	Do you mind if I just kill your warriors?
Q	Prince Ali Rescue	Don't think so. I'll go and prepare.
Q	Prince Ali Rescue	Heard of you? You're famous in Gielinor!
Q	Prince Ali Rescue	Hey, chill out. I won't cause you trouble.
Q	Prince Ali Rescue	How about some sort of wig?
Q	Prince Ali Rescue	How do you know someone won't try to free him?
Q	Prince Ali Rescue	I could attack him.
N	Prince Ali Rescue	I'd better be off.
Q	Prince Ali Rescue	I'd better go.
Q	Prince Ali Rescue	I don't show respect to killers and hoodlums.
Q	Prince Ali Rescue	I have some beer here. Fancy one?
Q	Prince Ali Rescue	I have them here. Please make me a wig.
Q	Prince Ali Rescue	I'll get going.
Q	Prince Ali Rescue	I'll keep thinking.
Q	Prince Ali Rescue	I'm not sure yet.
Q	Prince Ali Rescue	I might be able to get him drunk.
Q	Prince Ali Rescue	I shouldn't disturb someone as tough as you.
Q	Prince Ali Rescue	I think Katrine is still tougher.
Q	Prince Ali Rescue	I've heard a little, but I think Katrine is tougher.
Q	Prince Ali Rescue	I've heard rumours that you kill people.
Q	Prince Ali Rescue	Is there anything I can help you with?
N	Prince Ali Rescue	It's just too hot here. How can you stand it?
Q	Prince Ali Rescue	Maybe I could bribe him to leave.
Q	Prince Ali Rescue	No.
Q	Prince Ali Rescue	No. I think I know everything I need to.
Q	Prince Ali Rescue	No, I've never really heard of you.
Q	Prince Ali Rescue	No, still doesn't ring a bell.
Q	Prince Ali Rescue	No thank you. I don't need any skin paste right now.
N	Prince Ali Rescue	No thanks, Ned. I don't need any.
Q	Prince Ali Rescue	Not yet. I'll go and prepare.
Q	Prince Ali Rescue	So what do you buy with your great wages?
Q	Prince Ali Rescue	Tell me about the life of a guard.
Q	Prince Ali Rescue	Thank you. I'd better go now.
Q	Prince Ali Rescue	That is a good way to keep secrets.
Q	Prince Ali Rescue	Well good luck with it.
Q	Prince Ali Rescue	Well I'll be off. Good luck.
N	Prince Ali Rescue	What could you make for me?
Q	Prince Ali Rescue	What did you want to be when you were a boy?
Q	Prince Ali Rescue	What's your latest plan then?
Q	Prince Ali Rescue	Where abouts in Draynor is Leela?
Q	Prince Ali Rescue	Would you be interested in making a little more money?
Q	Prince Ali Rescue	Yes.
N	Prince Ali Rescue	Yes, I would like some rope.
Q	Prince Ali Rescue	Yes please. Mix me some skin paste.
N	Prince Ali Rescue	You mad old witch, you can't help me.
Q	Prince Ali Rescue	You must have trained a lot for this work.
Q	Prying Times	About that crate...
Q	Prying Times	About that crate that needs opening...
Q	Prying Times	About that job you wanted doing...
N	Prying Times	Any word from Old Grog?
Q	Prying Times	Can you help me make another crowbar?
N	Prying Times	Can you make me another of Sir Vyvin's swords?
N	Prying Times	Could you tell me about the Pandemonium's one rule?
Q	Prying Times	Got any work that needs doing here?
Q	Prying Times	I delivered that cargo for you.
Q	Prying Times	I made that 'special key' you needed.
Q	Prying Times	I need some help with a 'special key'.
Q	Prying Times	Let's get this crate open.
N	Prying Times	Let's see what you have.
Q	Prying Times	No.
N	Prying Times	Nothing, thanks.
Q	Prying Times	So, can you help me make a crowbar?
N	Prying Times	What is that cape you're wearing?
Q	Prying Times	Yes.
Q	Prying Times	Yes, and don't ask again.
Q	Rag and Bone Man I	Anything I can do to help?
Q	Rag and Bone Man I	No
Q	Rag and Bone Man I	Not today
Q	Rag and Bone Man I	Well, good luck with that.
Q	Rag and Bone Man I	Where is that mumbling coming from?
Q	Rag and Bone Man I	Yes
Q	Rag and Bone Man II	Can I have both?
Q	Rag and Bone Man II	The bonesack
Q	Rag and Bone Man II	The helm
Q	Ratcatchers	Be careful in there, cat!
Q	Ratcatchers	Can you make me some rat poison?
Q	Ratcatchers	(Charm) How about I give you 50 coins?
Q	Ratcatchers	Dialogue 1
Q	Ratcatchers	Dialogue 10
Q	Ratcatchers	Dialogue 11
Q	Ratcatchers	Dialogue 12
Q	Ratcatchers	Dialogue 13
Q	Ratcatchers	Dialogue 14
Q	Ratcatchers	Dialogue 15
Q	Ratcatchers	Dialogue 2
Q	Ratcatchers	Dialogue 3
Q	Ratcatchers	Dialogue 4
Q	Ratcatchers	Dialogue 5
Q	Ratcatchers	Dialogue 6
Q	Ratcatchers	Dialogue 7
Q	Ratcatchers	Dialogue 8
Q	Ratcatchers	Dialogue 9
N	Ratcatchers	Do you have any more kittens?
Q	Ratcatchers	Follow the directions another time.
Q	Ratcatchers	Follow the directions to the house.
Q	Ratcatchers	Forget about it. I don't care that much.
Q	Ratcatchers	Go get that nasty rat, don't back down!
Q	Ratcatchers	I just don't think Felkrash was that impressive.
Q	Ratcatchers	I'll be off. See you another time.
Q	Ratcatchers	I'll go get more money...
Q	Ratcatchers	I've finished the job.
Q	Ratcatchers	I want to talk to you about animal charming.
Q	Ratcatchers	Keep walking
Q	Ratcatchers	No
Q	Ratcatchers	No I've changed my mind.
Q	Ratcatchers	Stop
Q	Ratcatchers	Talk about something else.
Q	Ratcatchers	Talk about the Ratcatchers Quest.
Q	Ratcatchers	That's a nice cat you have there.
Q	Ratcatchers	Walk away
Q	Ratcatchers	Walk away slowly
Q	Ratcatchers	What if I offered you a drink?
Q	Ratcatchers	What if I offered you some food?
Q	Ratcatchers	What if I offered you some money?
Q	Ratcatchers	What if I said I'd kill you?
Q	Ratcatchers	Where's the warehouse again?
N	Ratcatchers	Wow, a snake charmer! Can I have a go? Can I have a go? Please?
Q	Ratcatchers	Yes
Q	Ratcatchers	Yes, let's get out of here!
Q	Ratcatchers	You know, you're very pretty...
Q	Recipe for Disaster - Evil Dave	Although you're here, you're also still in the time freeze.
Q	Recipe for Disaster - Evil Dave	Can Dave come out to play?
N	Recipe for Disaster - Evil Dave	Defeating the Culinaromancer
Q	Recipe for Disaster - Evil Dave	From YOUR point of view I've saved you, but from MINE I haven't.
N	Recipe for Disaster - Evil Dave	How did Dave come to be evil?
Q	Recipe for Disaster - Evil Dave	I can't not, I already have!
Q	Recipe for Disaster - Evil Dave	I don't know
Q	Recipe for Disaster - Evil Dave	I haven't been able to make some stew that Dave likes yet.
Q	Recipe for Disaster - Evil Dave	I've got to take the food back in time to give it to you.
Q	Recipe for Disaster - Evil Dave	Is Dave in?
Q	Recipe for Disaster - Evil Dave	Let me try to explain the time travel thing again...
Q	Recipe for Disaster - Evil Dave	Nice basement!
Q	Recipe for Disaster - Evil Dave	No, I just want to talk to him.
Q	Recipe for Disaster - Evil Dave	Oh, never mind.
Q	Recipe for Disaster - Evil Dave	Protecting Evil Dave
N	Recipe for Disaster - Evil Dave	Protecting the Dwarf
N	Recipe for Disaster - Evil Dave	Protecting the Goblins
N	Recipe for Disaster - Evil Dave	Protecting the Lumbridge Guide
N	Recipe for Disaster - Evil Dave	Protecting the Monkey
N	Recipe for Disaster - Evil Dave	Protecting the Ogre
N	Recipe for Disaster - Evil Dave	Protecting the Pirate
N	Recipe for Disaster - Evil Dave	Protecting the Sir Amik Varze
Q	Recipe for Disaster - Evil Dave	See you later.
Q	Recipe for Disaster - Evil Dave	So have you had any luck with the demon-summoning?
Q	Recipe for Disaster - Evil Dave	There will be a temporal paradox and the universe will implode!
Q	Recipe for Disaster - Evil Dave	Weren't you going to give up evil?
Q	Recipe for Disaster - Evil Dave	What did you eat at the secret council meeting?
N	Recipe for Disaster - Evil Dave	What's happened to my cat?
N	Recipe for Disaster - Evil Dave	What's it like living so close to the wilderness?
Q	Recipe for Disaster - Evil Dave	Yes
Q	Recipe for Disaster - Evil Dave	Yes, I'm evil!
Q	Recipe for Disaster - Evil Dave	You've got to tell me because the magic requires it!
N	Recipe for Disaster - King Awowogei	Defeating the Culinaromancer
Q	Recipe for Disaster - King Awowogei	Do you know anything about Awowogei's favourite dish?
Q	Recipe for Disaster - King Awowogei	Do you know anything about the King's favourite dish?
Q	Recipe for Disaster - King Awowogei	I've lost the snake
Q	Recipe for Disaster - King Awowogei	No
Q	Recipe for Disaster - King Awowogei	No, I'm going to run away and cry
N	Recipe for Disaster - King Awowogei	Protecting Evil Dave
N	Recipe for Disaster - King Awowogei	Protecting the Dwarf
N	Recipe for Disaster - King Awowogei	Protecting the Goblins
N	Recipe for Disaster - King Awowogei	Protecting the Lumbridge Guide
Q	Recipe for Disaster - King Awowogei	Protecting the Monkey
N	Recipe for Disaster - King Awowogei	Protecting the Ogre
N	Recipe for Disaster - King Awowogei	Protecting the Pirate
N	Recipe for Disaster - King Awowogei	Protecting the Sir Amik Varze
Q	Recipe for Disaster - King Awowogei	So how do I cook it again?
Q	Recipe for Disaster - King Awowogei	So What exactly are you doing here?
Q	Recipe for Disaster - King Awowogei	That's all for the moment.
Q	Recipe for Disaster - King Awowogei	What are you doing here?
Q	Recipe for Disaster - King Awowogei	What do I need again?
Q	Recipe for Disaster - King Awowogei	What's... wrong with you?
Q	Recipe for Disaster - King Awowogei	Who are you?
Q	Recipe for Disaster - King Awowogei	Yes
Q	Recipe for Disaster - King Awowogei	Yes, I'm as hard as nails.
Q	Recipe for Disaster - Lumbridge Guide	Ask about helping the Lumbridge Guide.
N	Recipe for Disaster - Lumbridge Guide	Defeating the Culinaromancer
Q	Recipe for Disaster - Lumbridge Guide	Maybe later.
Q	Recipe for Disaster - Lumbridge Guide	Nah, leave him where he is.
Q	Recipe for Disaster - Lumbridge Guide	No thanks.
Q	Recipe for Disaster - Lumbridge Guide	Okay. I'm ready!
Q	Recipe for Disaster - Lumbridge Guide	Okay. Let's start!
N	Recipe for Disaster - Lumbridge Guide	Protecting Evil Dave
N	Recipe for Disaster - Lumbridge Guide	Protecting the Dwarf
N	Recipe for Disaster - Lumbridge Guide	Protecting the Goblins
Q	Recipe for Disaster - Lumbridge Guide	Protecting the Lumbridge Guide
N	Recipe for Disaster - Lumbridge Guide	Protecting the Monkey
N	Recipe for Disaster - Lumbridge Guide	Protecting the Ogre
N	Recipe for Disaster - Lumbridge Guide	Protecting the Pirate
N	Recipe for Disaster - Lumbridge Guide	Protecting the Sir Amik Varze
Q	Recipe for Disaster - Lumbridge Guide	Quiz me!
N	Recipe for Disaster - Lumbridge Guide	Talk about other issues.
Q	Recipe for Disaster - Lumbridge Guide	Yes, I'm sure I can make a cake.
N	Recipe for Disaster - Mountain Dwarf	Defeating the Culinaromancer
Q	Recipe for Disaster - Mountain Dwarf	I could offer you some in return, how about 100 gold?
Q	Recipe for Disaster - Mountain Dwarf	I could offer you some in return, how about 200 gold?
N	Recipe for Disaster - Mountain Dwarf	Protecting Evil Dave
Q	Recipe for Disaster - Mountain Dwarf	Protecting the Dwarf
N	Recipe for Disaster - Mountain Dwarf	Protecting the Goblins
N	Recipe for Disaster - Mountain Dwarf	Protecting the Lumbridge Guide
N	Recipe for Disaster - Mountain Dwarf	Protecting the Monkey
N	Recipe for Disaster - Mountain Dwarf	Protecting the Ogre
N	Recipe for Disaster - Mountain Dwarf	Protecting the Pirate
N	Recipe for Disaster - Mountain Dwarf	Protecting the Sir Amik Varze
N	Recipe for Disaster - Mountain Dwarf	What ales are you serving?
Q	Recipe for Disaster - Mountain Dwarf	What can you tell me about dwarves and ale?
N	Recipe for Disaster - Pirate Pete	More...
Q	Recipe for Disaster - Pirate Pete	Not just yet.
N	Recipe for Disaster - Pirate Pete	Protecting the Dwarf
N	Recipe for Disaster - Pirate Pete	Protecting the Goblins
Q	Recipe for Disaster - Pirate Pete	Protecting the Pirate
Q	Recipe for Disaster - Pirate Pete	Talk about Recipe for Disaster.
N	Recipe for Disaster - Pirate Pete	Talk about something else.
Q	Recipe for Disaster - Pirate Pete	Thanks!
Q	Recipe for Disaster - Pirate Pete	What do I do with all of it?
Q	Recipe for Disaster - Pirate Pete	Where do I get Breadcrumbs?
Q	Recipe for Disaster - Pirate Pete	Where do I get Ground Cod?
Q	Recipe for Disaster - Pirate Pete	Where do I get Ground Giant Crab Meat?
Q	Recipe for Disaster - Pirate Pete	Where do I get Ground Kelp?
Q	Recipe for Disaster - Pirate Pete	Yes, Let's go diving.
N	Recipe for Disaster - Sir Amik Varze	Biggest & Baddest
Q	Recipe for Disaster - Sir Amik Varze	Can I wish for some xp?
N	Recipe for Disaster - Sir Amik Varze	Could I have some free stuff, please?
Q	Recipe for Disaster - Sir Amik Varze	Could I just keep your token for when I really need it, please?
N	Recipe for Disaster - Sir Amik Varze	Could you check my items for junk, please?
N	Recipe for Disaster - Sir Amik Varze	Days gone by
N	Recipe for Disaster - Sir Amik Varze	Defeating the Culinaromancer
N	Recipe for Disaster - Sir Amik Varze	Distant lands
Q	Recipe for Disaster - Sir Amik Varze	Go ahead, I'll be fine.
N	Recipe for Disaster - Sir Amik Varze	Gods and demons
Q	Recipe for Disaster - Sir Amik Varze	I'd just like to ask you something.
Q	Recipe for Disaster - Sir Amik Varze	I'd like a horse, please.
Q	Recipe for Disaster - Sir Amik Varze	I'll go fetch them then.
N	Recipe for Disaster - Sir Amik Varze	Is there anything I can do for you?
Q	Recipe for Disaster - Sir Amik Varze	More...
Q	Recipe for Disaster - Sir Amik Varze	No
Q	Recipe for Disaster - Sir Amik Varze	Please flambe this creme brulee for me.
N	Recipe for Disaster - Sir Amik Varze	Poison and how to survive it
N	Recipe for Disaster - Sir Amik Varze	Previous...
N	Recipe for Disaster - Sir Amik Varze	Protecting Evil Dave
Q	Recipe for Disaster - Sir Amik Varze	Protecting Sir Amik Varze
N	Recipe for Disaster - Sir Amik Varze	Protecting the Dwarf
N	Recipe for Disaster - Sir Amik Varze	Protecting the Goblins
N	Recipe for Disaster - Sir Amik Varze	Protecting the Lumbridge Guide
N	Recipe for Disaster - Sir Amik Varze	Protecting the Monkey
N	Recipe for Disaster - Sir Amik Varze	Protecting the Ogre
N	Recipe for Disaster - Sir Amik Varze	Protecting the Pirate
N	Recipe for Disaster - Sir Amik Varze	Random events
N	Recipe for Disaster - Sir Amik Varze	Strange beasts
Q	Recipe for Disaster - Sir Amik Varze	Thanks, maybe some other time.
Q	Recipe for Disaster - Sir Amik Varze	The Evil Chicken
N	Recipe for Disaster - Sir Amik Varze	Wealth through slaughter
Q	Recipe for Disaster - Sir Amik Varze	What gloves do you have in mind?
Q	Recipe for Disaster - Sir Amik Varze	Yes
Q	Recipe for Disaster - Sir Amik Varze	Yes please.
N	Recipe for Disaster - Sir Amik Varze	Your hat!
N	Recipe for Disaster - Skrach Uglogwee	Actually, I don't need to talk to you...sorry.
N	Recipe for Disaster - Skrach Uglogwee	Ask about hats...
Q	Recipe for Disaster - Skrach Uglogwee	Can you tell me how to get Jubbly now?
N	Recipe for Disaster - Skrach Uglogwee	Defeating the Culinaromancer
N	Recipe for Disaster - Skrach Uglogwee	Hey, I wanted to ask about hats...
Q	Recipe for Disaster - Skrach Uglogwee	I'm trying to free Skrach, can you help?
Q	Recipe for Disaster - Skrach Uglogwee	Nah, leave that Ogre in the frozen dimension!
Q	Recipe for Disaster - Skrach Uglogwee	No thanks.
Q	Recipe for Disaster - Skrach Uglogwee	No way am I doing that!
Q	Recipe for Disaster - Skrach Uglogwee	No way am I going to talk to Rantz.
Q	Recipe for Disaster - Skrach Uglogwee	Now can you please tell me how to get Jubbly?
Q	Recipe for Disaster - Skrach Uglogwee	Oh Ok then, I guess I'll talk to Rantz.
Q	Recipe for Disaster - Skrach Uglogwee	Ok, here I am...I guess this is the watery place? What now?
Q	Recipe for Disaster - Skrach Uglogwee	Ok, I'll do it.
Q	Recipe for Disaster - Skrach Uglogwee	Ok, now tell me how to get Jubbly!
Q	Recipe for Disaster - Skrach Uglogwee	Ok, the boat's ready, now tell me how to get a Jubbly?
N	Recipe for Disaster - Skrach Uglogwee	Protecting Evil Dave
N	Recipe for Disaster - Skrach Uglogwee	Protecting the Dwarf
N	Recipe for Disaster - Skrach Uglogwee	Protecting the Goblins
N	Recipe for Disaster - Skrach Uglogwee	Protecting the Lumbridge Guide
N	Recipe for Disaster - Skrach Uglogwee	Protecting the Monkey
Q	Recipe for Disaster - Skrach Uglogwee	Protecting the Ogre
N	Recipe for Disaster - Skrach Uglogwee	Protecting the Pirate
N	Recipe for Disaster - Skrach Uglogwee	Protecting the Sir Amik Varze
Q	Recipe for Disaster - Skrach Uglogwee	What do I get in return?
Q	Recipe for Disaster - Skrach Uglogwee	What's involved?
Q	Recipe for Disaster - Skrach Uglogwee	Yes, I'm sure I can get some Jubbly Chompy.
Q	Recipe for Disaster - Skrach Uglogwee	Yes please, I'll get a lift back with you.
Q	Recipe for Disaster - Wartface & Bentnoze	Can I ask about what food you like?
N	Recipe for Disaster - Wartface & Bentnoze	Defeating the Culinaromancer
Q	Recipe for Disaster - Wartface & Bentnoze	Do you think that will sell?
Q	Recipe for Disaster - Wartface & Bentnoze	Erm... no particular reason.
Q	Recipe for Disaster - Wartface & Bentnoze	I guess I'll come back later then.
Q	Recipe for Disaster - Wartface & Bentnoze	I'll leave you to your experimentation then.
Q	Recipe for Disaster - Wartface & Bentnoze	I need to save you from the Culinaromancer's spell.
Q	Recipe for Disaster - Wartface & Bentnoze	I need your help...
Q	Recipe for Disaster - Wartface & Bentnoze	I've got the charcoal you were after.
Q	Recipe for Disaster - Wartface & Bentnoze	I've got the ingredients we need...
Q	Recipe for Disaster - Wartface & Bentnoze	Market research.
N	Recipe for Disaster - Wartface & Bentnoze	Protecting Evil Dave
N	Recipe for Disaster - Wartface & Bentnoze	Protecting the Dwarf
Q	Recipe for Disaster - Wartface & Bentnoze	Protecting the Goblins
N	Recipe for Disaster - Wartface & Bentnoze	Protecting the Lumbridge Guide
N	Recipe for Disaster - Wartface & Bentnoze	Protecting the Monkey
N	Recipe for Disaster - Wartface & Bentnoze	Protecting the Ogre
N	Recipe for Disaster - Wartface & Bentnoze	Protecting the Pirate
N	Recipe for Disaster - Wartface & Bentnoze	Protecting the Sir Amik Varze
N	Recipe for Disaster - Wartface & Bentnoze	So how is life for the goblins?
Q	Recipe for Disaster - Wartface & Bentnoze	That sounds like a great idea.
Q	Recipe for Disaster - Wartface & Bentnoze	Well, good luck with that.
Q	Recipe for Disaster - Wartface & Bentnoze	Well, I guess I'll leave you to it.
Q	Recipe for Disaster - Wartface & Bentnoze	What did Wartface have against bread?
Q	Recipe for Disaster - Wartface & Bentnoze	What do you need? Maybe I can get it for you.
Q	Recipe for Disaster - Wartface & Bentnoze	What is this new way of cooking?
Q	Recipe for Disaster - Wartface & Bentnoze	What was the problem with the orange slices?
Q	Recipe for Disaster - Wartface & Bentnoze	Why did Bentnoze object to the maggots?
Q	Recipe for Disaster/Another Cook's Quest	Angry! It makes me angry!
N	Recipe for Disaster/Another Cook's Quest	Can I use your range?
Q	Recipe for Disaster/Another Cook's Quest	Defeating the Culinaromancer
Q	Recipe for Disaster/Another Cook's Quest	Did this room get bigger?
Q	Recipe for Disaster/Another Cook's Quest	Do you have any other quests for me?
Q	Recipe for Disaster/Another Cook's Quest	How do you still have a job?
N	Recipe for Disaster/Another Cook's Quest	I am getting strong and mighty.
Q	Recipe for Disaster/Another Cook's Quest	I don't really care to be honest.
N	Recipe for Disaster/Another Cook's Quest	I keep on dying.
Q	Recipe for Disaster/Another Cook's Quest	More...
Q	Recipe for Disaster/Another Cook's Quest	NO
Q	Recipe for Disaster/Another Cook's Quest	No thanks, I don't want to help.
Q	Recipe for Disaster/Another Cook's Quest	Nothing thanks.
Q	Recipe for Disaster/Another Cook's Quest	Okay then.
Q	Recipe for Disaster/Another Cook's Quest	Previous...
Q	Recipe for Disaster/Another Cook's Quest	Protecting Evil Dave
Q	Recipe for Disaster/Another Cook's Quest	Protecting Sir Amik Varze
Q	Recipe for Disaster/Another Cook's Quest	Protecting the Dwarf
Q	Recipe for Disaster/Another Cook's Quest	Protecting the Goblins
Q	Recipe for Disaster/Another Cook's Quest	Protecting the Lumbridge Guide
Q	Recipe for Disaster/Another Cook's Quest	Protecting the Monkey
Q	Recipe for Disaster/Another Cook's Quest	Protecting the Ogre
Q	Recipe for Disaster/Another Cook's Quest	Protecting the Pirate
Q	Recipe for Disaster/Another Cook's Quest	Thanks!
N	Recipe for Disaster/Another Cook's Quest	The Demon Slayer Quest
Q	Recipe for Disaster/Another Cook's Quest	The Recipe For Disaster Quest
Q	Recipe for Disaster/Another Cook's Quest	What do I do with all of it?
Q	Recipe for Disaster/Another Cook's Quest	What just happened?
Q	Recipe for Disaster/Another Cook's Quest	What seems to be the problem?
Q	Recipe for Disaster/Another Cook's Quest	Where do I get a 'Dirty Blast'?
Q	Recipe for Disaster/Another Cook's Quest	Where do I get a greenman's ale?
Q	Recipe for Disaster/Another Cook's Quest	Where do I get a rotten tomato?
Q	Recipe for Disaster/Another Cook's Quest	Where do I get an eye of newt?
Q	Recipe for Disaster/Another Cook's Quest	Where do I get Breadcrumbs?
Q	Recipe for Disaster/Another Cook's Quest	Where do I get Ground Cod?
Q	Recipe for Disaster/Another Cook's Quest	Where do I get Ground Giant Crab Meat?
Q	Recipe for Disaster/Another Cook's Quest	Where do I get Ground Kelp?
Q	Recipe for Disaster/Another Cook's Quest	Who are these people?
Q	Recipe for Disaster/Another Cook's Quest	Who are you?
Q	Recipe for Disaster/Another Cook's Quest	Who's that guy?
Q	Recipe for Disaster/Another Cook's Quest	YES
Q	Recruitment Drive	Bucket A (32 degrees)
Q	Recruitment Drive	Bucket B (33 degrees)
Q	Recruitment Drive	Bucket C (34 degrees)
Q	Recruitment Drive	Bucket D (35 degrees)
Q	Recruitment Drive	Can I have a different clue?
Q	Recruitment Drive	Can I have the clue for the door?
Q	Recruitment Drive	Can I have the final clue?
Q	Recruitment Drive	No.
Q	Recruitment Drive	No, I've changed my mind.
Q	Recruitment Drive	Organisation...?
Q	Recruitment Drive	Testing...?
Q	Recruitment Drive	The castle walls.
Q	Recruitment Drive	The lake of acid.
Q	Recruitment Drive	The large fire.
Q	Recruitment Drive	The number of false statements here is four.
Q	Recruitment Drive	The number of false statements here is one
Q	Recruitment Drive	The number of false statements here is three.
Q	Recruitment Drive	The number of false statements here is two
Q	Recruitment Drive	The wolves.
Q	Recruitment Drive	Yes.
Q	Recruitment Drive	Yes, let's go!
Q	Regicide	Excellent. Do you have a plan in place?
Q	Regicide	I assume you have a plan?
Q	Regicide	I need a barrel.
Q	Regicide	I need a fuse.
Q	Regicide	I need some naphtha.
Q	Regicide	I need some quicklime.
Q	Regicide	I need some sulphur.
N	Regicide	Impling jars.
N	Regicide	Lamps.
Q	Regicide	No.
Q	Regicide	Sounds good. See you later.
Q	Regicide	That's all thanks.
Q	Regicide	What's the deal with your brother again?
Q	Regicide	Yes.
Q	Regicide	Your quest.
N	Romeo & Juliet	Can you make potions for me?
Q	Romeo & Juliet	Dialogue 1
Q	Romeo & Juliet	Dialogue 2
Q	Romeo & Juliet	Dialogue 3
Q	Romeo & Juliet	Dialogue 4
Q	Romeo & Juliet	Dialogue 5
Q	Romeo & Juliet	Dialogue 6
N	Romeo & Juliet	Do you know a potion to make hair fall out?
N	Romeo & Juliet	Have you got any good potions to give away?
Q	Romeo & Juliet	Have you heard anything from Juliet?
Q	Romeo & Juliet	He seems keen for you to marry Juliet.
Q	Romeo & Juliet	He wants me to go to the Apothecary!
Q	Romeo & Juliet	How are these berries dangerous?
Q	Romeo & Juliet	How are you?
Q	Romeo & Juliet	I've come to see Juliet on Romeo's behalf.
Q	Romeo & Juliet	I've just come to have a chat with Juliet.
Q	Romeo & Juliet	Is there anything else you can tell me about Juliet?
Q	Romeo & Juliet	No.
Q	Romeo & Juliet	No, I'm having second thoughts now.
Q	Romeo & Juliet	No sorry, I haven't seen her.
N	Romeo & Juliet	No thanks.
Q	Romeo & Juliet	Oh...just looking around...
Q	Romeo & Juliet	Ok, thanks.
Q	Romeo & Juliet	Perhaps I could help to find her for you?
Q	Romeo & Juliet	Talk about Romeo & Juliet.
Q	Romeo & Juliet	Talk about something else.
Q	Romeo & Juliet	What do these berries look like?
Q	Romeo & Juliet	Where can I find Father Lawrence?
Q	Romeo & Juliet	Where can I find Juliet?
Q	Romeo & Juliet	Where can I get these berries?
Q	Romeo & Juliet	Yes.
Q	Romeo & Juliet	Yes, I have seen her actually!
Q	Romeo & Juliet	Yes, I'll drink it all down.
Q	Roving Elves	Actually, I don't want anything.
Q	Roving Elves	Actually, I wanted to talk about crystal equipment.
Q	Roving Elves	Here's 750,000 coins.
Q	Roving Elves	Here's 900,000 coins.
Q	Roving Elves	I'd like to buy a bow.
Q	Roving Elves	I'd like to buy a shield.
Q	Roving Elves	I don't like running and hiding behind mushrooms. Shield please!
Q	Roving Elves	I'm ready.
Q	Roving Elves	I'm ready now.
Q	Roving Elves	I need some time to decide.
Q	Roving Elves	No.
Q	Roving Elves	Not yet.
Q	Roving Elves	Okay, see you later.
Q	Roving Elves	Shields are for wimps! Give me the bow!
Q	Roving Elves	That's outrageously expensive.
Q	Roving Elves	What should I do with crystal seeds?
Q	Roving Elves	Yes.
N	Royal Trouble	Could you show me what you have for sale?
Q	Royal Trouble	Go ahead and read it anyway.
Q	Royal Trouble	Good day.
Q	Royal Trouble	Has anything been happening in the kingdom recently?
N	Royal Trouble	Hello. Can I get a ride on your ship?
N	Royal Trouble	How do I manage the kingdom?
N	Royal Trouble	How is the Kingdom faring?
N	Royal Trouble	I'd like to look at what you have for sale.
Q	Royal Trouble	I'm looking for a sailor...
Q	Royal Trouble	I'm sorry, I have some other things to do.
Q	Royal Trouble	I shouldn't read other people's letters.
Q	Royal Trouble	I suppose so...
Q	Royal Trouble	King Vargas asked me to talk to you.
Q	Royal Trouble	Me?
Q	Royal Trouble	No.
N	Royal Trouble	No, thank you.
N	Royal Trouble	No thank you, I don't need food just now.
N	Royal Trouble	No thank you, I'm fine.
N	Royal Trouble	No thanks.
Q	Royal Trouble	Of course. Dealing with monsters is what I do best!
Q	Royal Trouble	Of course, it's my duty.
Q	Royal Trouble	Of course not, it's not my fault.
Q	Royal Trouble	Right away, your Majesty.
Q	Royal Trouble	What am I meant to be doing again?
Q	Royal Trouble	What are you doing down here?
Q	Royal Trouble	What's it like living down here?
Q	Royal Trouble	Why bother? It can't get through solid rock.
Q	Royal Trouble	Yes.
N	Royal Trouble	Yes, please.
N	Royal Trouble	Yes please. What are you selling?
Q	Rum Deal	A rake
Q	Rum Deal	A seed dibber
Q	Rum Deal	A watering can
Q	Rum Deal	All of the above!
Q	Rum Deal	Ask what you wanted.
Q	Rum Deal	Because I came to offer to help.
Q	Rum Deal	Great, I'll take the cash in used coins please.
Q	Rum Deal	Join your crew.
Q	Rum Deal	No.
Q	Rum Deal	No reason.
Q	Rum Deal	Nonsense! Keep the money!
Q	Rum Deal	Not a chance, this sounds too dangerous.
Q	Rum Deal	Of course, I fear no demon!
Q	Rum Deal	So what do you make here anyway?
Q	Rum Deal	Tell you to leave.
Q	Rum Deal	What exactly do you want me to do?
Q	Rum Deal	Why do you talk like a pirate?
Q	Rum Deal	Yes!
Q	Rune Mysteries	Actually, I'm not interested.
N	Rune Mysteries	Can you teleport me to the Rune Essence Mine?
N	Rune Mysteries	Could you tell me about the old Wizards' Tower?
Q	Rune Mysteries	Go ahead.
Q	Rune Mysteries	Have you any quests for me?
Q	Rune Mysteries	I'd better get going.
Q	Rune Mysteries	I'd love a cup of tea.
Q	Rune Mysteries	I've been sent here with a package for you.
Q	Rune Mysteries	No.
Q	Rune Mysteries	No, I don't think you are Sedridor.
Q	Rune Mysteries	No, I'll only give it to Sedridor.
Q	Rune Mysteries	No, I'm busy.
Q	Rune Mysteries	No thank you.
N	Rune Mysteries	Oh, it's a rune shop. No thank you, then.
Q	Rune Mysteries	Okay, here you are.
Q	Rune Mysteries	What did you want me to do again?
N	Rune Mysteries	Where can I find money?
N	Rune Mysteries	Who else knows the teleport to the Rune Essence Mine?
Q	Rune Mysteries	Yes.
Q	Rune Mysteries	Yes, certainly.
N	Rune Mysteries	Yes please!
N	Scorpion Catcher	I could be, yes.
Q	Scorpion Catcher	I'm a little busy.
Q	Scorpion Catcher	I need to locate some scorpions.
N	Scorpion Catcher	I seek knowledge and power!
Q	Scorpion Catcher	I've heard you have a small scorpion in your possession.
Q	Scorpion Catcher	I've retrieved the scorpion from near the spiders.
Q	Scorpion Catcher	No.
N	Scorpion Catcher	No, I'll pass on that.
Q	Scorpion Catcher	What do you need assistance with?
Q	Scorpion Catcher	Where did you say that scorpion was again?
Q	Scorpion Catcher	Yes.
Q	Scrambled!	Are you the king?
N	Scrambled!	Can you heal me? I'm injured.
Q	Scrambled!	Could you remind me?
Q	Scrambled!	I can get you some tea.
Q	Scrambled!	I can talk to the blacksmith.
N	Scrambled!	I'd better be off.
Q	Scrambled!	I see. Well, maybe I can help out with that?
Q	Scrambled!	I've gathered your men.
Q	Scrambled!	I've got something else to do first.
N	Scrambled!	Let's see what you have.
Q	Scrambled!	Mumpty Rumpty fell off a wall!
Q	Scrambled!	No.
N	Scrambled!	Nothing, thanks.
Q	Scrambled!	Now's not the time for tea!
Q	Scrambled!	Of course!
Q	Scrambled!	Scrumpty Numpty fell off a wall!
Q	Scrambled!	There's no time for this!
Q	Scrambled!	We have bigger problems right now!
N	Scrambled!	What are you doing out here?
Q	Scrambled!	Where can I find your men?
Q	Scrambled!	Yes.
Q	Sea Slug	Dialogue 1
Q	Sea Slug	Dialogue 2
Q	Sea Slug	Dialogue 3
Q	Sea Slug	Dialogue 4
Q	Sea Slug	Dialogue 5
Q	Sea Slug	Dialogue 6
Q	Sea Slug	I'm keeping away from there.
Q	Sea Slug	No.
Q	Sea Slug	No, I'm going to stay a while.
Q	Sea Slug	Okay, let's go back.
Q	Sea Slug	Will you take me there?
Q	Sea Slug	Yes.
Q	Secrets of the North	A hidden room above us was broken into.
N	Secrets of the North	Can I have another copy of that book?
N	Secrets of the North	Can you note this basalt for me?
Q	Secrets of the North	Can you think of any possible suspects?
Q	Secrets of the North	Ceril was stabbed from behind.
Q	Secrets of the North	Do you know anyone called Evelot?
N	Secrets of the North	Do you like it here?
Q	Secrets of the North	Don't you think I should try and find Jones?
Q	Secrets of the North	Enter the passage.
N	Secrets of the North	Got any news?
Q	Secrets of the North	Have you seen anything odd around here recently?
N	Secrets of the North	How are you two doing?
Q	Secrets of the North	I'd better get going.
N	Secrets of the North	I'd like a Khali Brew please.
Q	Secrets of the North	I have to go.
N	Secrets of the North	I'll be off.
Q	Secrets of the North	I'll be on my way.
Q	Secrets of the North	I'll get going.
N	Secrets of the North	I'll have a beer please.
N	Secrets of the North	I'm good, thanks.
Q	Secrets of the North	I'm meant to be meeting some... friends... Have you seen them?
Q	Secrets of the North	I think I've gone over everything.
Q	Secrets of the North	I think that's everything.
Q	Secrets of the North	Leave it.
Q	Secrets of the North	No.
Q	Secrets of the North	Nothing.
Q	Secrets of the North	Okay, I'm done asking questions. What now?
Q	Secrets of the North	Should we not look into the Hazeel Cult as well?
Q	Secrets of the North	Tell me about this place.
Q	Secrets of the North	The window was broken from the outside.
Q	Secrets of the North	What is this ritual you keep talking about?
Q	Secrets of the North	What is this ritual you mentioned?
Q	Secrets of the North	What's inside the prison that the assassin would want?
Q	Secrets of the North	What's the history between you and Khazard?
N	Secrets of the North	Who are you?
Q	Secrets of the North	Why can't you investigate the Khazard Army yourself?
Q	Secrets of the North	Why should I help you?
Q	Secrets of the North	Why would the killer come here?
Q	Secrets of the North	Why would this other Mahjarrat hide himself here?
Q	Secrets of the North	Yes.
Q	Secrets of the North	You and Hazeel seem to have some history.
Q	Shades of Mort'ton	Can I see the building store please?
Q	Shades of Mort'ton	Can I see the general store please?
Q	Shades of Mort'ton	Can I see your build supplies store please
Q	Shades of Mort'ton	Can I see your general store please
Q	Shades of Mort'ton	Can you open a store for me?
Q	Shades of Mort'ton	Do you know how I could make this serum permanent?
Q	Shades of Mort'ton	I have another question.
Q	Shades of Mort'ton	I have other questions for you.
Q	Shades of Mort'ton	I keep running out of building materials!
Q	Shades of Mort'ton	Is there anyone else worth talking to around here?
Q	Shades of Mort'ton	Is there anything worth doing around here?
Q	Shades of Mort'ton	No.
Q	Shades of Mort'ton	Ok, thanks.
Q	Shades of Mort'ton	Sorry, not right now, I need to do something else first.
Q	Shades of Mort'ton	Tell me more about the Shades.
Q	Shades of Mort'ton	The Shades keep knocking the temple down!
Q	Shades of Mort'ton	What are all these shadowy creatures?
Q	Shades of Mort'ton	What can you tell me about that temple?
Q	Shades of Mort'ton	What did you find out about the remains?
Q	Shades of Mort'ton	What do you know out{{sic|Shouldn't exist
Q	Shades of Mort'ton	What is this place?
Q	Shades of Mort'ton	What's going on around here?
Q	Shades of Mort'ton	What should I do now?
Q	Shades of Mort'ton	What should I do when the temple is built?
Q	Shades of Mort'ton	Who are you?
Q	Shades of Mort'ton	Yes.
Q	Shades of Mort'ton	Yes, I'll dispatch those dark and evil creatures.
Q	Shadow of the Storm	Agrith-Naar
Q	Shadow of the Storm	* Attack *
Q	Shadow of the Storm	But I really need you to.
Q	Shadow of the Storm	But isn't evil, you know, bad?
Q	Shadow of the Storm	But isn't that what you and Badden asked me to do?
Q	Shadow of the Storm	But the wizards will all die!
Q	Shadow of the Storm	By using 'evil' as a term of praise...
Q	Shadow of the Storm	Caldar
Q	Shadow of the Storm	Camerinthum
Q	Shadow of the Storm	* Defence *
Q	Shadow of the Storm	Did you see anything happen here last night?
Q	Shadow of the Storm	Did you see anything happen last night?
Q	Shadow of the Storm	Do you have the demonic sigil mould?
Q	Shadow of the Storm	Do you know anything about the dark wizards who arrived here?
Q	Shadow of the Storm	Do you know what happened to Josef?
Q	Shadow of the Storm	Don't worry, soon I'll have killed the demon and we can all go home!
Q	Shadow of the Storm	Foul construct? Do you mean the golem?
Q	Shadow of the Storm	* Hitpoints *
Q	Shadow of the Storm	How can I do that?
Q	Shadow of the Storm	How do you know Agrith-Naar will do all this for us?
Q	Shadow of the Storm	I could just reprogram you again.
Q	Shadow of the Storm	I'd never take part in a demonic ritual!
Q	Shadow of the Storm	I don't think Denath is being honest with his wizards.
Q	Shadow of the Storm	I don't understand what happened!
Q	Shadow of the Storm	I forgot the incantation.
N	Shadow of the Storm	I have some questions.
Q	Shadow of the Storm	I haven't managed to infiltrate the group yet.
Q	Shadow of the Storm	I'm evil!
Q	Shadow of the Storm	I managed to get into the group.
Q	Shadow of the Storm	I want to go through the portal.
Q	Shadow of the Storm	I want to join your group.
Q	Shadow of the Storm	Isn't it more satisfying to earn riches yourself?
Q	Shadow of the Storm	Isn't this, you know, wrong?
Q	Shadow of the Storm	Just passing through.
Q	Shadow of the Storm	* Magic *
Q	Shadow of the Storm	--- More ---
Q	Shadow of the Storm	Nahudu
Q	Shadow of the Storm	Never mind, I'm not evil.
Q	Shadow of the Storm	No.
N	Shadow of the Storm	No thanks.
Q	Shadow of the Storm	Not yet.
Q	Shadow of the Storm	Oh?
Q	Shadow of the Storm	Oh, don't be so simple-minded!
Q	Shadow of the Storm	Oh, nothing.
Q	Shadow of the Storm	Okay.
Q	Shadow of the Storm	--- Previous ---
Q	Shadow of the Storm	* Ranged *
Q	Shadow of the Storm	Reen sent me.
Q	Shadow of the Storm	So what do you want me to do?
Q	Shadow of the Storm	* Strength *
Q	Shadow of the Storm	Tarren
N	Shadow of the Storm	Tell me about Ali Morrisane.
N	Shadow of the Storm	Tell me about this magic carpet fleet.
Q	Shadow of the Storm	Tell me more about Agrith-Naar.
Q	Shadow of the Storm	Tell me more about Denath.
Q	Shadow of the Storm	Understand what?
Q	Shadow of the Storm	Well I came here and opened a portal to a demon's realm.
Q	Shadow of the Storm	What?
Q	Shadow of the Storm	What do I have to do?
Q	Shadow of the Storm	What don't we understand?
Q	Shadow of the Storm	What happened?
Q	Shadow of the Storm	Where did you get those robes?
Q	Shadow of the Storm	Who?
Q	Shadow of the Storm	Why did Josef run away?
Q	Shadow of the Storm	Why didn't you take the magic carpet?
Q	Shadow of the Storm	Why does Badden hate you?
Q	Shadow of the Storm	Why don't you change out of your heavy robes?
Q	Shadow of the Storm	Why has he come to Uzer?
Q	Shadow of the Storm	Why is it forbidden?
Q	Shadow of the Storm	Yeah!
Q	Shadow of the Storm	Yeah! We'll all be rich!
Q	Shadow of the Storm	Yes.
Q	Shadow of the Storm	Yes, I suppose I am.
N	Shadow of the Storm	Yes please.
Q	Shadow of the Storm	You've got to get back to the throne room!
Q	Shadows of Custodia	About the missing people...
N	Shadows of Custodia	Let's see what you have.
Q	Shadows of Custodia	No.
N	Shadows of Custodia	No thanks.
N	Shadows of Custodia	Nothing for me, thanks.
N	Shadows of Custodia	Nothing, thanks?
N	Shadows of Custodia	What do you have for sale?
Q	Shadows of Custodia	Yes.
Q	Sheep Herder	No.
Q	Sheep Herder	No, I don't need any more.
Q	Sheep Herder	Okay, I'll take it.
Q	Sheep Herder	Sorry doc, that's too much.
Q	Sheep Herder	That's life for you.
Q	Sheep Herder	What's wrong?
Q	Sheep Herder	Yes.
Q	Sheep Shearer	Fred! Fred! I've seen The Thing!
Q	Sheep Shearer	How do I shear sheep, again?
Q	Sheep Shearer	I don't know how to spin wool, sorry.
Q	Sheep Shearer	I'm looking for a quest.
N	Sheep Shearer	I'm looking for something to kill.
N	Sheep Shearer	I'm lost.
Q	Sheep Shearer	I need to talk to you about shearing these sheep!
Q	Sheep Shearer	No.
Q	Sheep Shearer	Remind me how to spin wool.
Q	Sheep Shearer	Yeah, I think so.
Q	Sheep Shearer	Yes.
Q	Sheep Shearer	Yes, I know how to spin wool.
Q	Shield of Arrav	About that book... Where is it again?
Q	Shield of Arrav	Any idea where the Phoenix Gang are based?
Q	Shield of Arrav	Any ideas how I could get in there then?
Q	Shield of Arrav	Any suggestions for where I can go thieving?
N	Shield of Arrav	Can you sell me some furs?
Q	Shield of Arrav	Can you tell me where I can find the Phoenix Gang?
N	Shield of Arrav	Do you have anything to trade?
Q	Shield of Arrav	Everyone knows. It's no great secret.
Q	Shield of Arrav	Fair enough.
N	Shield of Arrav	Go get a job!
N	Shield of Arrav	Hello. I am in search of a quest.
Q	Shield of Arrav	How did you know I was in the Phoenix Gang?
Q	Shield of Arrav	How do I get a job with the VTAM corporation?
Q	Shield of Arrav	I'd better get going.
Q	Shield of Arrav	I'd like to offer you my services.
Q	Shield of Arrav	I'd rather not reveal my sources.
Q	Shield of Arrav	I found that book.
Q	Shield of Arrav	I know who you are!
Q	Shield of Arrav	I'm after a weapon or two.
Q	Shield of Arrav	I'm here about the Shield of Arrav.
Q	Shield of Arrav	I'm in search of a quest.
Q	Shield of Arrav	I'm looking for fame and riches.
Q	Shield of Arrav	I'm looking for the Black Arm Gang.
Q	Shield of Arrav	I'm looking for the door out of here.
Q	Shield of Arrav	I'm looking for treasure.
Q	Shield of Arrav	I've found half of the Shield of Arrav!
Q	Shield of Arrav	I've heard you're the Black Arm Gang.
Q	Shield of Arrav	I've heard you've got some cool treasures in this place.
Q	Shield of Arrav	I want nothing. I was just making sure you were them.
Q	Shield of Arrav	I want some hints on becoming a thief.
Q	Shield of Arrav	I want to become a member of your gang.
Q	Shield of Arrav	It's a no from me then.
Q	Shield of Arrav	It was Charlie, the tramp outside.
Q	Shield of Arrav	Never mind. I'll find it myself.
Q	Shield of Arrav	No
Q	Shield of Arrav	No, I don't like things like bribery.
N	Shield of Arrav	Not really.
Q	Shield of Arrav	Okay. Have 20 gold coins.
N	Shield of Arrav	Okay, here you go.
Q	Shield of Arrav	Okay, I'll do it.
Q	Shield of Arrav	Okay, I've read that book about the Shield of Arrav.
Q	Shield of Arrav	Okay, no problem.
Q	Shield of Arrav	Okay, that sounds fair.
Q	Shield of Arrav	So I'm a part of the gang now?
N	Shield of Arrav	Sorry, I haven't got any.
Q	Shield of Arrav	Sounds a little tricky. Got anything easier?
Q	Shield of Arrav	Teach me to be a top class criminal!
Q	Shield of Arrav	Ten coins? That's too much! I'll give you five.
Q	Shield of Arrav	That's not fair, but I guess I don't have a choice.
Q	Shield of Arrav	Well, people tell me I have an honest face.
Q	Shield of Arrav	Well, you can give me a try can't you?
N	Shield of Arrav	What do you do?
Q	Shield of Arrav	What sort of business?
Q	Shield of Arrav	Where's the Black Arm Gang hideout?
Q	Shield of Arrav	Who are all those people in there?
N	Shield of Arrav	Who are you?
Q	Shield of Arrav	Yes
Q	Shield of Arrav	Yes. I'd like to be 20 coins richer too.
Q	Shield of Arrav	You thieving gutter-scum! You'd better watch your back!
Q	Shilo Village	A crude raft
Q	Shilo Village	A ladder
Q	Shilo Village	A pole vault
Q	Shilo Village	Actually I did find the tomb, I was just joking.
Q	Shilo Village	Anything that can help?
Q	Shilo Village	Are there any traps there?
Q	Shilo Village	Can I help in any way?
Q	Shilo Village	Can you dispose of this for me?
Q	Shilo Village	Can you take them off my hands?
Q	Shilo Village	Crusty Orange papyrus.
Q	Shilo Village	Decayed White papyrus.
Q	Shilo Village	Do you know anything more about the temple?
Q	Shilo Village	Do you know what it opens?
Q	Shilo Village	Do you think it was floating on water?
Q	Shilo Village	Does she have any weaknesses?
Q	Shilo Village	Erm, I don't know where to look?
Q	Shilo Village	Errr, I'm having second thoughts now.
Q	Shilo Village	He said something after he gave it to me.
Q	Shilo Village	How do I make a bronze necklace?
Q	Shilo Village	I actually need help with something else.
Q	Shilo Village	I am going to search for Ah Za Rhoon!
Q	Shilo Village	I didn't find anything in the tomb.
Q	Shilo Village	I don't know, I haven't tried it yet.
Q	Shilo Village	I don't think so, it might animate and attack me!
Q	Shilo Village	I don't think this is something I can help with at the moment.
Q	Shilo Village	I have just buried Zadimus' corpse.
Q	Shilo Village	I have some items that I need help with.
Q	Shilo Village	I have some items that I need some help with.
Q	Shilo Village	I'll go to see the Shaman.
Q	Shilo Village	I'm not sure.
Q	Shilo Village	I made it from the bone shard that Zadimus gave me.
Q	Shilo Village	I need help with Bervirius.
Q	Shilo Village	I need help with Rashiliyia.
Q	Shilo Village	I need help with Rashliyia.
Q	Shilo Village	I need help with Zadimus.
Q	Shilo Village	I need some help with the Temple of Ah Za Rhoon.
Q	Shilo Village	I think I found Bervirius' Tomb.
Q	Shilo Village	Is her resting place important?
Q	Shilo Village	Is there any sacred ground around here?
Q	Shilo Village	It appeared when I buried Zadimus' corpse.
Q	Shilo Village	It's a pity that I can't search for Ah Za Rhoon now.
Q	Shilo Village	Legend you say?
Q	Shilo Village	Maybe you know someone who does know something?
Q	Shilo Village	Mosol Rei said something about a legend?
Q	Shilo Village	Mosol Rei, that's a nice name.
Q	Shilo Village	No
Q	Shilo Village	No, I didn't find a thing.
Q	Shilo Village	No, I'll keep hold of the remains.
Q	Shilo Village	No, I'll leave them alone, I don't like the look of that ceiling.
Q	Shilo Village	No, I'll look for another exit.
Q	Shilo Village	No, I'll stay here.
Q	Shilo Village	No, I think I'll keep it.
Q	Shilo Village	No, I've reconsidered, I'll keep it!
Q	Shilo Village	No, it sounds a bit dangerous.
Q	Shilo Village	No reason really.
Q	Shilo Village	No thanks.
Q	Shilo Village	No thanks, I'm having second thoughts.
Q	Shilo Village	No way could you get me to go in there!
Q	Shilo Village	Not really.
Q	Shilo Village	Oh come on, you must know something.
Q	Shilo Village	Oh, ok!
Q	Shilo Village	Oh, ok, sorry for bothering you.
Q	Shilo Village	Ok, thanks!
Q	Shilo Village	Ok thanks for your help.
Q	Shilo Village	Rashiliyia? Who is she?
Q	Shilo Village	Should I start to evacuate the island?
Q	Shilo Village	So there is nothing we can do?
Q	Shilo Village	Tattered Yellow papyrus.
Q	Shilo Village	Tell me more.
Q	Shilo Village	Thanks!
Q	Shilo Village	Thanks for the information!
Q	Shilo Village	The spirit rambled on about some nonsense.
Q	Shilo Village	The spirit said something about keys and kin?
Q	Shilo Village	Uh, it sounds nasty, just the kind of thing I want to avoid.
Q	Shilo Village	Well thanks...
Q	Shilo Village	What are minions?
Q	Shilo Village	What are onions?
Q	Shilo Village	What can we do?
Q	Shilo Village	What danger is there around here?
Q	Shilo Village	What do you know about Rashiliyia?
Q	Shilo Village	What should I do now?
Q	Shilo Village	What should I do with them?
Q	Shilo Village	What should I put on the necklace?
Q	Shilo Village	Who are you?
Q	Shilo Village	Why are the undead here?
Q	Shilo Village	Why do I need to run?
Q	Shilo Village	Why was it called Ah Za Rhoon?
Q	Shilo Village	Will you pack your things now?
Q	Shilo Village	Yeah... Ok, I'm running!
Q	Shilo Village	Yes
Q	Shilo Village	Yes, always let it draw from my spiritual energy.
Q	Shilo Village	Yes and I explored inside some sort of cavern.
Q	Shilo Village	Yes, I am sure.
Q	Shilo Village	Yes, I found lots of things.
Q	Shilo Village	Yes, I'll carefully move the rocks to see what's behind them.
Q	Shilo Village	Yes, I'll follow the path.
Q	Shilo Village	Yes, I'll give it a go!
Q	Shilo Village	Yes, I'll wriggle through.
Q	Shilo Village	Yes, I'm quite sure.
Q	Shilo Village	Yes, I'm sure and I'll take the Wampum belt to Trufitus.
Q	Shilo Village	Yes, I may find something else on the corpse.
Q	Shilo Village	Yes, just this once.
Q	Shilo Village	Yes please.
Q	Shilo Village	Yes please, I can think of nothing nicer!
N	Sins of the Father	99 coins? That's ridiculous!
N	Sins of the Father	Actually, I'm no longer thirsty.
Q	Sins of the Father	Actually, never mind.
N	Sins of the Father	Alright, one Bloody Bracer, if that's all you have.
Q	Sins of the Father	But aren't we meant to help people?
N	Sins of the Father	Bye!
Q	Sins of the Father	Can you tell me any more about the Sleeper Plague?
Q	Sins of the Father	Could we talk more about your family?
Q	Sins of the Father	Could you tell me more about the Seven Priestly Warriors?
N	Sins of the Father	Do you have another Drakan's Medallion?
Q	Sins of the Father	Do you know how he fell ill?
Q	Sins of the Father	Do you think Safalaan is doing okay?
Q	Sins of the Father	Do you think we can kill Drakan?
Q	Sins of the Father	Fair enough, so what now?
Q	Sins of the Father	Fair enough. Talk later.
Q	Sins of the Father	Good, thanks.
Q	Sins of the Father	Great. I'll get going.
Q	Sins of the Father	Here you go.
Q	Sins of the Father	How are things between you and Veliaf?
Q	Sins of the Father	How are you doing?
Q	Sins of the Father	How are you feeling about working with Vanescula?
Q	Sins of the Father	How did Ranis capture Ascertes Hallow?
Q	Sins of the Father	How have things been for you recently?
Q	Sins of the Father	I'd better get going.
Q	Sins of the Father	I'll be back later.
Q	Sins of the Father	I'll be back soon.
Q	Sins of the Father	I'll get started.
Q	Sins of the Father	I'll go speak to them.
Q	Sins of the Father	I'll keep it for now.
Q	Sins of the Father	I'll keep them for now.
Q	Sins of the Father	I'll see you at the graveyard.
Q	Sins of the Father	I'll see you there.
Q	Sins of the Father	I'm going to keep hold of it.
Q	Sins of the Father	I'm on it.
Q	Sins of the Father	I'm ready.
N	Sins of the Father	I need another flail.
Q	Sins of the Father	I need more time to prepare.
Q	Sins of the Father	I need to prepare first.
Q	Sins of the Father	I see. So that's why you want to keep him safe, Veliaf?
Q	Sins of the Father	Let's do this.
Q	Sins of the Father	Let's get going.
Q	Sins of the Father	Let's go.
Q	Sins of the Father	No.
Q	Sins of the Father	Not yet. I need to prepare first.
Q	Sins of the Father	Oh yes, I'd better go to him.
Q	Sins of the Father	Okay. I'll get going.
Q	Sins of the Father	Okay. I'll see you soon.
Q	Sins of the Father	Right, I'd better get going.
Q	Sins of the Father	See you later.
Q	Sins of the Father	Seven Priestly Warriors?
Q	Sins of the Father	Shall we get going then?
Q	Sins of the Father	Sure. Here you go.
Q	Sins of the Father	That's all, thanks.
Q	Sins of the Father	We will, Drezel.
N	Sins of the Father	What can you tell me about this town?
Q	Sins of the Father	What do I need to do again?
Q	Sins of the Father	What do you know about this place?
Q	Sins of the Father	What do you think of this Vanescula business?
Q	Sins of the Father	What do you think of Vanescula?
Q	Sins of the Father	What do you think this means for Slepe?
Q	Sins of the Father	What should I be doing?
Q	Sins of the Father	Where do you get your Bloody Bracers from?
Q	Sins of the Father	Why did Lowerniel shut down the Haemalchemy Laboratory?
Q	Sins of the Father	Why do you hate your brother?
Q	Sins of the Father	Will do.
Q	Sins of the Father	Yes.
N	Sins of the Father	You don't look like locals.
Q	Sleeping Giants	No.
Q	Sleeping Giants	Yes.
Q	Song of the Elves	A bit of blood doesn't scare me.
Q	Song of the Elves	Actually, I think I'd still help.
Q	Song of the Elves	Actually, I think I'd want a reward.
Q	Song of the Elves	Are you afraid?
Q	Song of the Elves	Are you sure you're okay with this Elena?
N	Song of the Elves	Ask about the outpost.
Q	Song of the Elves	Baxtorian said you had an idea to help our defence.
Q	Song of the Elves	Beautiful.
Q	Song of the Elves	Boring.
N	Song of the Elves	Can you give me a handy tip please?
N	Song of the Elves	Can you move my house please?
N	Song of the Elves	Can you redecorate my house please?
Q	Song of the Elves	Can you take me somewhere else?
Q	Song of the Elves	Climb through it.
N	Song of the Elves	Could I buy some crystal equipment?
N	Song of the Elves	Could you enchant something for me?
Q	Song of the Elves	Could you help me tell people about some new taxes?
Q	Song of the Elves	Could you teleport me somewhere?
Q	Song of the Elves	Dangerous.
Q	Song of the Elves	Did you know what the mourners were doing?
Q	Song of the Elves	Do you believe what Lord Iorwerth said about Seren?
Q	Song of the Elves	Do you think we'll find anything to help us here?
Q	Song of the Elves	Go ahead.
N	Song of the Elves	Have you anymore gauntlets?
Q	Song of the Elves	He needs to pay for what he's done though.
Q	Song of the Elves	How do I find Lady Hefin?
Q	Song of the Elves	How do I find Lady Trahaearn?
Q	Song of the Elves	How do I find Lord Amlodd?
Q	Song of the Elves	How do I find Lord Crwys?
Q	Song of the Elves	How do I get this disguise?
Q	Song of the Elves	I agree, this is a dangerous path to follow.
Q	Song of the Elves	I am.
Q	Song of the Elves	I care about helping people.
Q	Song of the Elves	I care about you Elena, you know that right?
Q	Song of the Elves	I'd better be off.
Q	Song of the Elves	I'd better get going.
Q	Song of the Elves	I'd better go.
Q	Song of the Elves	I'd like to ask you something about yourself.
Q	Song of the Elves	I don't know.
Q	Song of the Elves	I don't think it makes you weak, it makes you strong.
Q	Song of the Elves	I have a seed from Baxtorian that I think needs enchanting.
Q	Song of the Elves	I... I'd better go.
Q	Song of the Elves	I... I don't know what to say either.
Q	Song of the Elves	I'll be back later.
Q	Song of the Elves	I'll be back soon.
Q	Song of the Elves	I'll crack on.
Q	Song of the Elves	I'll go talk to her.
Q	Song of the Elves	I'll leave you to prepare.
Q	Song of the Elves	I'm afraid too.
Q	Song of the Elves	I'm here to tell you about some new taxes.
N	Song of the Elves	I'm interested.
Q	Song of the Elves	I'm not afraid.
Q	Song of the Elves	I'm not sure.
Q	Song of the Elves	I'm ready.
Q	Song of the Elves	I'm sorry Ysgawyn.
Q	Song of the Elves	I need to fix my mistakes.
Q	Song of the Elves	I need to prepare.
Q	Song of the Elves	I need to think about this.
Q	Song of the Elves	I think so.
N	Song of the Elves	I've lost a pet. Have you got it?
Q	Song of the Elves	It is. I'm here for you if you need me though.
Q	Song of the Elves	It's all in a day's work.
Q	Song of the Elves	It's my duty to help people.
Q	Song of the Elves	It's necessary bloodshed though.
Q	Song of the Elves	It's not good, but it might be our only option.
Q	Song of the Elves	It's the least I can do. I'll see you later.
Q	Song of the Elves	Leave it alone.
N	Song of the Elves	Let's see what you have.
N	Song of the Elves	Let's see what you've got.
Q	Song of the Elves	Maybe later.
N	Song of the Elves	More options...
Q	Song of the Elves	No.
Q	Song of the Elves	No, I don't think I would.
N	Song of the Elves	No, I've come to the wrong place.
N	Song of the Elves	No thank you.
Q	Song of the Elves	No thanks.
Q	Song of the Elves	Nothing.
N	Song of the Elves	Nothing thanks.
Q	Song of the Elves	Now's not the time for stories, Elena.
Q	Song of the Elves	Of course.
N	Song of the Elves	Oh that sounds interesting.
N	Song of the Elves	Okay.
Q	Song of the Elves	Okay, I'll be back soon.
Q	Song of the Elves	Okay, I'll get started.
Q	Song of the Elves	Okay, will do.
Q	Song of the Elves	Peaceful.
Q	Song of the Elves	People reward me for helping them.
Q	Song of the Elves	So what have you been discussing?
Q	Song of the Elves	Sometimes people have to die for things to change.
N	Song of the Elves	Sorry, I'm not interested.
Q	Song of the Elves	Take care Klank.
N	Song of the Elves	Tell me about pet insurance.
N	Song of the Elves	Tell me about Player Moderators.
N	Song of the Elves	Tell me about the Rules of Conduct.
Q	Song of the Elves	Thank you Elena.
Q	Song of the Elves	That's fair. Anyway, I wanted to ask you about Ysgawyn.
Q	Song of the Elves	The dark red powder.
Q	Song of the Elves	The light green powder.
Q	Song of the Elves	The thick clear liquid.
Q	Song of the Elves	The thin blue liquid.
Q	Song of the Elves	Very true. Anyway, I'll see you later.
Q	Song of the Elves	We're done here, take him away.
Q	Song of the Elves	Well a reward's always nice, but yes.
Q	Song of the Elves	Well I couldn't just leave you to rot. I care about you, Elena.
Q	Song of the Elves	What do you think of the current elves?
Q	Song of the Elves	What happened between you and Lord Iorwerth?
Q	Song of the Elves	What's Lady Ithell's clue?
Q	Song of the Elves	What's Lady Meilyr's clue?
Q	Song of the Elves	What was Seren like?
Q	Song of the Elves	What was the story?
Q	Song of the Elves	Who cares, it's for the good of the people.
Q	Song of the Elves	Why are you still here though?
Q	Song of the Elves	Why did you kill your brother?
Q	Song of the Elves	Why did you seal yourself away?
Q	Song of the Elves	Why me?
Q	Song of the Elves	Why were you helping Lord Iorwerth?
Q	Song of the Elves	Yeah, it's no small thing.
Q	Song of the Elves	Yes.
Q	Song of the Elves	Yes please.
Q	Song of the Elves	Yes, the reward is what matters.
Q	Song of the Elves	You'll get used to it.
Q	Song of the Elves	You matter to me as well.
Q	Spirits of the Elid	Any idea how you got this curse?
N	Spirits of the Elid	Cool I'd like to buy some.
Q	Spirits of the Elid	Don't many other towns not follow Elidinis though?
Q	Spirits of the Elid	Give Nardah its water back!
Q	Spirits of the Elid	Good day to you.
Q	Spirits of the Elid	Hey you've stopped finishing each others sentences.
Q	Spirits of the Elid	How am I meant to remove someone's soul?
Q	Spirits of the Elid	How are things?
N	Spirits of the Elid	How do you stop your icy snacks melting?
Q	Spirits of the Elid	I am an adventurer in search of quests.
Q	Spirits of the Elid	I am trying to find out the cause of this town's curse.
Q	Spirits of the Elid	I am working on it.
Q	Spirits of the Elid	I come as an emissary from the people of Nardah.
Q	Spirits of the Elid	I haven't really had the time to investigate.
Q	Spirits of the Elid	I haven't time for this nonsense.
Q	Spirits of the Elid	I'm after a statue that was thrown down here.
Q	Spirits of the Elid	I'm just looking around.
Q	Spirits of the Elid	I'm not sure they know you're down here.
Q	Spirits of the Elid	I'm passing through on my way to Menaphos.
Q	Spirits of the Elid	I'm sorry to hear of your plight, but I must be going.
Q	Spirits of the Elid	I'm still working on it.
N	Spirits of the Elid	I think I'll give it a miss.
Q	Spirits of the Elid	Is there anything they can do to get their fountain working again?
Q	Spirits of the Elid	Isn't that a little harsh?
Q	Spirits of the Elid	Just tell me what it takes to get Nardah some water.
Q	Spirits of the Elid	Look you don't want me to get annoyed.
Q	Spirits of the Elid	Maybe I can make a deal for it?
Q	Spirits of the Elid	No.
Q	Spirits of the Elid	No, it's not an easy thing to get.
N	Spirits of the Elid	No thanks, I'm not interested.
Q	Spirits of the Elid	No way am I agreeing to that.
Q	Spirits of the Elid	Not yet, but don't give up hope yet.
Q	Spirits of the Elid	Oh yes I'm annoyed, now give them their water.
Q	Spirits of the Elid	Ok I agree to the deal.
N	Spirits of the Elid	Ok, I'll buy some!
Q	Spirits of the Elid	River spirits, what are they?
Q	Spirits of the Elid	So what do you do for water now?
Q	Spirits of the Elid	Tell me more of Elidinis.
Q	Spirits of the Elid	Tell me what I need and I'll leave.
Q	Spirits of the Elid	Thanks for your help.
Q	Spirits of the Elid	That's extortionate! Why so much?
Q	Spirits of the Elid	Very pleasant, the snakes are a nice touch.
Q	Spirits of the Elid	Well I must be off now.
Q	Spirits of the Elid	Well you seem quite scary.
Q	Spirits of the Elid	What did the townspeople need to do again?
Q	Spirits of the Elid	What is that key on display?
Q	Spirits of the Elid	What is this building?
Q	Spirits of the Elid	What manner of beings are you?
Q	Spirits of the Elid	What was I meant to do again?
Q	Spirits of the Elid	Where did you say you threw it again?
Q	Spirits of the Elid	Who are you calling little?
Q	Spirits of the Elid	Why are you sitting here in the dark?
Q	Spirits of the Elid	Wow how do you finish each others sentences like that?
Q	Spirits of the Elid	Yes.
Q	Spirits of the Elid	Yes I would like to hear this story.
Q	Spirits of the Elid	Yes, it's nice and cool here.
Q	Spirits of the Elid	Yes, it wasn't so easy getting in here.
Q	Spirits of the Elid	You're a genie, grant me a wish.
N	Swan Song	About those enchanted secateurs again...
Q	Swan Song	Could you spare me a brown apron?
Q	Swan Song	Do you need any help?
Q	Swan Song	Enough of this - I'm off.
Q	Swan Song	I can't remember what you wanted me to do.
Q	Swan Song	I'd like to get some stuff together first.
Q	Swan Song	I'll leave you to it, then.
Q	Swan Song	I'll see what the necromancer needs me to do.
Q	Swan Song	I'm a brave adventurer! Can I try?
Q	Swan Song	I'm ready. Let's fight!
Q	Swan Song	I'm ready to fight.
Q	Swan Song	I'm working on it.
Q	Swan Song	I need help with saving a fishing colony.
Q	Swan Song	I should go and get ready first.
Q	Swan Song	I've spoken to the master crafter...
N	Swan Song	More...
Q	Swan Song	No, I'm afraid I haven't asked Wizard Frumscone yet.
Q	Swan Song	No, I'm ready to move on with the quest.
Q	Swan Song	What am I meant to be doing for the Colony?
Q	Swan Song	What's the rush?
Q	Swan Song	What was it you asked me to do?
Q	Swan Song	What was it you said you'd need to help me save the Colony?
N	Swan Song	Where can I get clothes like those?
N	Swan Song	Who are you and what are you doing here?
Q	Swan Song	Yes, I missed it. Show me the battle again.
Q	Swan Song	You asked me to get some runes.
Q	Swan Song	You used to be a famous adventurer, didn't you?
Q	Swan Song	You've been... reading stories about adventurers?
Q	Tai Bwo Wannai Trio	... a Karambwan stole it!
Q	Tai Bwo Wannai Trio	... a shark ate it!
Q	Tai Bwo Wannai Trio	Actually, I've lost my Karambwan vessel.
Q	Tai Bwo Wannai Trio	Ask about Village.
Q	Tai Bwo Wannai Trio	Awful!
Q	Tai Bwo Wannai Trio	... burn Jogre bones?
Q	Tai Bwo Wannai Trio	Can you tell me more about Tamayu?
Q	Tai Bwo Wannai Trio	Can you tell me more about Tiadeche?
Q	Tai Bwo Wannai Trio	Can you tell me more about Tinsay?
Q	Tai Bwo Wannai Trio	Can you tell me more about your sons?
Q	Tai Bwo Wannai Trio	{{colour|#0000ff|Return to previous menu
Q	Tai Bwo Wannai Trio	... convince you to return to the village?
Q	Tai Bwo Wannai Trio	Dialogue 1
Q	Tai Bwo Wannai Trio	Dialogue 2
Q	Tai Bwo Wannai Trio	Dialogue 3
Q	Tai Bwo Wannai Trio	Dialogue 4
Q	Tai Bwo Wannai Trio	Do you have any children?
Q	Tai Bwo Wannai Trio	Do you have any spare monkey skin lying around?
Q	Tai Bwo Wannai Trio	... end this silly quest?
Q	Tai Bwo Wannai Trio	Eternal gratitude accepted.
Q	Tai Bwo Wannai Trio	... find bananas?
Q	Tai Bwo Wannai Trio	... find Karambwanji?
Q	Tai Bwo Wannai Trio	... find Karamjan rum?
Q	Tai Bwo Wannai Trio	How are you fishing for the Karambwan?
Q	Tai Bwo Wannai Trio	How do I ...
Q	Tai Bwo Wannai Trio	How long have you been hunting the Shaikahan?
Q	Tai Bwo Wannai Trio	How old are you?
Q	Tai Bwo Wannai Trio	I am a roving adventurer.
Q	Tai Bwo Wannai Trio	I am a travelling explorer.
Q	Tai Bwo Wannai Trio	I am a wandering wayfarer.
Q	Tai Bwo Wannai Trio	I could help collect the bait.
Q	Tai Bwo Wannai Trio	I could slay the Shaikahan for you.
Q	Tai Bwo Wannai Trio	I'd rather have some gold please.
Q	Tai Bwo Wannai Trio	I enjoy collecting meaningless items for people.
Q	Tai Bwo Wannai Trio	I have come for your soul.
Q	Tai Bwo Wannai Trio	I'll be back later.
Q	Tai Bwo Wannai Trio	I'm fine thanks.
Q	Tai Bwo Wannai Trio	I'm with the Fishing Guild Anti-Monopoly Department.
Q	Tai Bwo Wannai Trio	I've been catching a whole load of Karambwan!
Q	Tai Bwo Wannai Trio	I've been doing some work around the village.
Q	Tai Bwo Wannai Trio	I've heard something about an accident.
Q	Tai Bwo Wannai Trio	I wasn't going anywhere...
Q	Tai Bwo Wannai Trio	Is there anything I can do to help?
Q	Tai Bwo Wannai Trio	Is there anything I need?
Q	Tai Bwo Wannai Trio	Is there anything interesting to do here?
Q	Tai Bwo Wannai Trio	... it floated away!
Q	Tai Bwo Wannai Trio	Just how insane are you?
Q	Tai Bwo Wannai Trio	Leave
Q	Tai Bwo Wannai Trio	... marinate something?
Q	Tai Bwo Wannai Trio	No.
Q	Tai Bwo Wannai Trio	Oh it was nothing really.
Q	Tai Bwo Wannai Trio	Ok, thanks.
Q	Tai Bwo Wannai Trio	Right, I'm going then.
Q	Tai Bwo Wannai Trio	So far??
Q	Tai Bwo Wannai Trio	Take me on your next hunt for the Shaikahan.
Q	Tai Bwo Wannai Trio	Talk about him...
Q	Tai Bwo Wannai Trio	Talk about Karambwan...
Q	Tai Bwo Wannai Trio	Talk about something else...
Q	Tai Bwo Wannai Trio	Tell me more of the Shaikahan.
Q	Tai Bwo Wannai Trio	Trufitus sent me.
Q	Tai Bwo Wannai Trio	Well, some gold would be nice.
Q	Tai Bwo Wannai Trio	What do you do?
Q	Tai Bwo Wannai Trio	What do you do here?
Q	Tai Bwo Wannai Trio	What do you do with your Karambwan?
Q	Tai Bwo Wannai Trio	What do you use for bait?
Q	Tai Bwo Wannai Trio	What do you use to catch Karambwan?
Q	Tai Bwo Wannai Trio	What does Karambwan taste like?
Q	Tai Bwo Wannai Trio	What is a Karambwan?
Q	Tai Bwo Wannai Trio	What's a whippersnapper?
Q	Tai Bwo Wannai Trio	When will you be finished?
Q	Tai Bwo Wannai Trio	When will you succeed?
Q	Tai Bwo Wannai Trio	Where are you from?
Q	Tai Bwo Wannai Trio	Where can I find your sons?
Q	Tai Bwo Wannai Trio	Where have your people fled to?
Q	Tai Bwo Wannai Trio	Where is this place?
Q	Tai Bwo Wannai Trio	Which other young people come by here?
Q	Tai Bwo Wannai Trio	Who are the gods?
Q	Tai Bwo Wannai Trio	Who are you?
Q	Tai Bwo Wannai Trio	Who is Ibeli?
Q	Tai Bwo Wannai Trio	Who is Kedenda?
Q	Tai Bwo Wannai Trio	Who is Kedoaba?
Q	Tai Bwo Wannai Trio	Who me? Oh I'm just a nobody.
Q	Tai Bwo Wannai Trio	Why should I leave?
Q	Tai Bwo Wannai Trio	Yes.
Q	Tai Bwo Wannai Trio	You know your sons have serious issues...
Q	Tai Bwo Wannai Trio	You're right. I don't want to help.
Q	Tai Bwo Wannai Trio	You sound like you could do with the help.
Q	Tai Bwo Wannai Trio	You sound like you need help.
Q	Tai Bwo Wannai Trio	Your gratitude is all I deserve.
Q	Tale of the Righteous	Do you need help with anything?
N	Tale of the Righteous	Goodbye.
N	Tale of the Righteous	How do I get out of here?
N	Tale of the Righteous	I don't know, what can you do for me?
Q	Tale of the Righteous	I have a question about King Shayzien VII.
Q	Tale of the Righteous	No.
Q	Tale of the Righteous	No thanks.
Q	Tale of the Righteous	Nothing.
N	Tale of the Righteous	What do you do here?
N	Tale of the Righteous	What is this place?
Q	Tale of the Righteous	Who are you?
Q	Tale of the Righteous	Yes.
Q	Tale of the Righteous	Yes please.
Q	Tears of Guthix	A story?
Q	Tears of Guthix	But I don't know how to reach the cave!
Q	Tears of Guthix	Dialogue {{+=|number|1|echo=1
Q	Tears of Guthix	No.
Q	Tears of Guthix	Not now.
Q	Tears of Guthix	Okay.
Q	Tears of Guthix	Tell me a new story.
Q	Tears of Guthix	Tell me about the Tears of Guthix
Q	Tears of Guthix	What are the Tears of Guthix?
Q	Tears of Guthix	Yes.
Q	Tears of Guthix	You tell me a story.
Q	Temple of Ikov	A humble pilgrim.
Q	Temple of Ikov	A mighty hero!
Q	Temple of Ikov	Ah ok, thanks.
Q	Temple of Ikov	Did you say Lucien?
Q	Temple of Ikov	Give it to me!
Q	Temple of Ikov	How dare you call me a fool!
Q	Temple of Ikov	I collect rare and powerful artefacts.
Q	Temple of Ikov	I hope you're doing a good job then!
Q	Temple of Ikov	I just thought of something I must do!
Q	Temple of Ikov	I need time to think.
Q	Temple of Ikov	I seek the Staff of Armadyl.
Q	Temple of Ikov	Lucien will give me a grand reward for it!
Q	Temple of Ikov	Nah, not bothered!
Q	Temple of Ikov	No.
Q	Temple of Ikov	No! I shall not turn against my employer!
Q	Temple of Ikov	No, not yet.
Q	Temple of Ikov	Oh no! Sounds far too dangerous!
Q	Temple of Ikov	Ok! I'll help!
Q	Temple of Ikov	Out of my way fool!
Q	Temple of Ikov	Someone told me there were only three gods.
Q	Temple of Ikov	Then you must die!
Q	Temple of Ikov	What are your kind and what are you doing here?
Q	Temple of Ikov	What is the Armadyl?
Q	Temple of Ikov	Whats the reward?!
Q	Temple of Ikov	Who are the Mahjarrat?
Q	Temple of Ikov	Why can't you get it yourself?
Q	Temple of Ikov	Why not?!
Q	Temple of Ikov	Wow! You must be really old!
Q	Temple of Ikov	Yes.
Q	Temple of Ikov	Yes! Here it is.
Q	Temple of Ikov	Yes I do!
Q	Temple of Ikov	Yes we do!
Q	Temple of Ikov	You're right, I will go now.
Q	Temple of Ikov	You're right, it's time for my yearly bath.
Q	Temple of the Eye	A great wizard, lost to history!
Q	Temple of the Eye	A slayer creature!
Q	Temple of the Eye	About that incantation...
Q	Temple of the Eye	About that incantation your initiate gave me...
Q	Temple of the Eye	Are the others through the portal?
Q	Temple of the Eye	Can you help me with that incantation?
N	Temple of the Eye	Can you teleport me to the Rune Essence Mine?
N	Temple of the Eye	Can you tell me more about the Abyss?
N	Temple of the Eye	Can you tell me more about your group?
Q	Temple of the Eye	Could I have a strong cup of tea?
Q	Temple of the Eye	Could you help me with that amulet now?
Q	Temple of the Eye	Could you tell me about the old Wizards' Tower?
Q	Temple of the Eye	How are things at the Temple of the Eye?
N	Temple of the Eye	I'd better go.
Q	Temple of the Eye	I don't know.
Q	Temple of the Eye	I'll be back soon.
Q	Temple of the Eye	I need your apprentices to help with an incantation.
Q	Temple of the Eye	I need your help with an amulet.
Q	Temple of the Eye	I need your help with an incantation.
N	Temple of the Eye	I need your help with something.
Q	Temple of the Eye	I think I know what a thingummywut is!
Q	Temple of the Eye	Let's do it.
Q	Temple of the Eye	No.
N	Temple of the Eye	No thanks.
Q	Temple of the Eye	Not yet.
N	Temple of the Eye	Nothing. I'm just looking around.
N	Temple of the Eye	Nothing thanks, I'm just looking around.
Q	Temple of the Eye	Okay, thanks.
Q	Temple of the Eye	Sedridor! Something's gone wrong!
Q	Temple of the Eye	See you around.
Q	Temple of the Eye	So we're ready to perform the incantation?
Q	Temple of the Eye	So what are you doing in Al Kharid?
Q	Temple of the Eye	So your apprentices can help with the incantation?
N	Temple of the Eye	Sorry, I'll go.
N	Temple of the Eye	Teach me to be a mighty and powerful wizard.
N	Temple of the Eye	What are you doing here?
N	Temple of the Eye	What are you selling?
Q	Temple of the Eye	What do I need to do with this energy?
N	Temple of the Eye	What's a thingummywut?
Q	Temple of the Eye	What's a wizard doing in Al Kharid?
Q	Temple of the Eye	Who are you?
N	Temple of the Eye	Who else knows the teleport to the Rune Essence Mine?
N	Temple of the Eye	Why not?
Q	Temple of the Eye	Yes.
N	Temple of the Eye	Yes please.
Q	Temple of the Eye	You!
Q	The Ascent of Arceuus	I shouldn't get involved.
Q	The Ascent of Arceuus	No.
Q	The Ascent of Arceuus	Sounds like you don't like the council much.
N	The Ascent of Arceuus	Tell me about the Kourend Council.
Q	The Ascent of Arceuus	The Ascent of Arceuus?
Q	The Ascent of Arceuus	There's been a death in Arceuus.
N	The Ascent of Arceuus	Time for me to go.
Q	The Ascent of Arceuus	We should let someone know about this.
Q	The Ascent of Arceuus	What can I do to help?
Q	The Ascent of Arceuus	What should we do now?
N	The Ascent of Arceuus	Who are you?
Q	The Ascent of Arceuus	Yes.
Q	The Blood Moon Rises	Agreed. Let's go.
Q	The Blood Moon Rises	Alright, I'll get to it.
Q	The Blood Moon Rises	Alright, I'll meet you there.
Q	The Blood Moon Rises	Any thoughts on what I should do now?
Q	The Blood Moon Rises	Any thoughts on what to do next?
Q	The Blood Moon Rises	Are you doing okay, Ivan?
Q	The Blood Moon Rises	Are you going to be okay when we find Veliaf?
Q	The Blood Moon Rises	Chisel.
Q	The Blood Moon Rises	Could I have those supplies you found?
Q	The Blood Moon Rises	Could you remind me who the Seven Priestly Warriors were?
Q	The Blood Moon Rises	Could you tell me more about Hallowvale?
Q	The Blood Moon Rises	Deposit some items.
Q	The Blood Moon Rises	Dialogue 1
Q	The Blood Moon Rises	Dialogue 2
Q	The Blood Moon Rises	Dialogue 3
Q	The Blood Moon Rises	Dialogue 4
Q	The Blood Moon Rises	Do I get a friends discount?
Q	The Blood Moon Rises	Do you mind if I ask about your family?
Q	The Blood Moon Rises	Do you think Efaritay will be okay?
Q	The Blood Moon Rises	Do you think the Nylocas Queen's help will be enough?
Q	The Blood Moon Rises	Do you think things will be okay between you and Ivan?
Q	The Blood Moon Rises	Hammer.
Q	The Blood Moon Rises	Has anything come of our work in the Theatre, Sarei?
Q	The Blood Moon Rises	How are things going?
Q	The Blood Moon Rises	How are things going, Veliaf?
Q	The Blood Moon Rises	How are things in Morytania?
Q	The Blood Moon Rises	How are things with Morytania?
Q	The Blood Moon Rises	How are you doing, Ivan?
Q	The Blood Moon Rises	How are you feeling about being back here?
Q	The Blood Moon Rises	How did you end up allying with Sugadinti?
Q	The Blood Moon Rises	How did you find out you were descended from Ivandis?
Q	The Blood Moon Rises	How have things been here?
Q	The Blood Moon Rises	How is Safalaan doing?
Q	The Blood Moon Rises	How's Safalaan doing?
Q	The Blood Moon Rises	I assume it's your blood we're using for this portal?
Q	The Blood Moon Rises	I could use a new weapon.
Q	The Blood Moon Rises	I'd best be off.
Q	The Blood Moon Rises	I'd best get going.
Q	The Blood Moon Rises	I'd better get back to it.
N	The Blood Moon Rises	I'd better get going.
Q	The Blood Moon Rises	I'll be back shortly.
Q	The Blood Moon Rises	I'll do just that.
Q	The Blood Moon Rises	I'll get back to it.
Q	The Blood Moon Rises	I'll get going.
Q	The Blood Moon Rises	I'll get to it.
Q	The Blood Moon Rises	I'll make my own way there.
N	The Blood Moon Rises	I'm not thirsty.
Q	The Blood Moon Rises	I'm ready.
N	The Blood Moon Rises	I need another Drakan's Medallion.
N	The Blood Moon Rises	I need another flail.
Q	The Blood Moon Rises	I need more time to prepare.
Q	The Blood Moon Rises	I need to do something else.
Q	The Blood Moon Rises	I see you've opened a new portal to Vampyrium.
Q	The Blood Moon Rises	I wanted to ask you something.
Q	The Blood Moon Rises	If we do defeat Drakan, what happens then?
Q	The Blood Moon Rises	In that case, I shall leave you to it.
Q	The Blood Moon Rises	Knife.
Q	The Blood Moon Rises	Lead the way.
Q	The Blood Moon Rises	Let's get going.
Q	The Blood Moon Rises	Let's go.
Q	The Blood Moon Rises	Let's go and deal with those Zamorakians.
Q	The Blood Moon Rises	Let's head over to Crombwick Manor.
Q	The Blood Moon Rises	Let's head over to the pub.
Q	The Blood Moon Rises	No.
Q	The Blood Moon Rises	No thanks.
N	The Blood Moon Rises	Not really.
Q	The Blood Moon Rises	Nothing.
N	The Blood Moon Rises	One Bloody Bracer please.
Q	The Blood Moon Rises	Potato.
Q	The Blood Moon Rises	Raw meat.
Q	The Blood Moon Rises	Seen much of Ivan recently?
Q	The Blood Moon Rises	So you're ready to go to Darkmeyer?
Q	The Blood Moon Rises	Take some supplies.
Q	The Blood Moon Rises	Until next time.
Q	The Blood Moon Rises	We're looking for a friend of ours.
Q	The Blood Moon Rises	What can you tell me about this land?
Q	The Blood Moon Rises	What do you know about this festival your brother is planning?
Q	The Blood Moon Rises	What do you make of all this?
Q	The Blood Moon Rises	What do you make of your brother's plan?
Q	The Blood Moon Rises	What do you think of this festival of Drakan's?
N	The Blood Moon Rises	What happened to Carl?
Q	The Blood Moon Rises	Would you be able to look after some things for me?
Q	The Blood Moon Rises	Yes.
Q	The Blood Moon Rises	Yes please.
Q	The Corsair Curse	A man called Arsen told me he'd visited your cave.
Q	The Corsair Curse	Arsen says he gave you a sacred ogre relic.
Q	The Corsair Curse	Can I give up and go home?
Q	The Corsair Curse	I bet I can prove you're well enough to get up.
Q	The Corsair Curse	I don't believe in capital punishment.
Q	The Corsair Curse	I don't know your reason.
Q	The Corsair Curse	I hear it happened straight after dinner.
Q	The Corsair Curse	I hear Ithoi cooked the meal you ate that night.
Q	The Corsair Curse	I hear the Captain's thinking of firing Ithoi.
Q	The Corsair Curse	I hear you cooked the meal they ate before getting sick.
Q	The Corsair Curse	I hear you're thinking of firing Ithoi.
Q	The Corsair Curse	I hear you've been cursed.
Q	The Corsair Curse	I know you've faked the curse.
Q	The Corsair Curse	I'll be back.
N	The Corsair Curse	I'll leave you alone, sorry.
N	The Corsair Curse	I'll talk to you later.
Q	The Corsair Curse	I'm still looking into it.
Q	The Corsair Curse	I saw you running around! You're not sick!
Q	The Corsair Curse	I think I'll leave you to get on with it.
Q	The Corsair Curse	I've come to return what Arsen stole.
Q	The Corsair Curse	I've killed Ithoi for poisoning your crew.
Q	The Corsair Curse	I've never heard of you.
Q	The Corsair Curse	I've ruled out all the Corsairs' theories...
Q	The Corsair Curse	I've seen Ithoi running around. He's not sick at all.
Q	The Corsair Curse	I've spoken to some of your crew.
Q	The Corsair Curse	Ithoi admits he poisoned the crew!
Q	The Corsair Curse	Ithoi admits poisoning you all and faking the curse.
Q	The Corsair Curse	Ithoi faked the curse, and I've killed him.
Q	The Corsair Curse	Ithoi's faked the curse. I've seen him running around, healthy.
Q	The Corsair Curse	Leave the thing alone.
Q	The Corsair Curse	Maybe because the Captain's thinking of firing you.
Q	The Corsair Curse	Maybe you're just a nasty person.
Q	The Corsair Curse	My lower intestine!
Q	The Corsair Curse	No, I'm not available.
Q	The Corsair Curse	No, I've not.
Q	The Corsair Curse	Nope, I've not seen any mermaids round here.
Q	The Corsair Curse	Not just now, thanks.
Q	The Corsair Curse	Not much.
Q	The Corsair Curse	Okay, I'm ready go to Corsair Cove.
Q	The Corsair Curse	Okay, thanks.
Q	The Corsair Curse	Perhaps you can tell me about it another time.
N	The Corsair Curse	Please take me back to Rimmington.
Q	The Corsair Curse	Search for the possessed doll and face the consequences.
Q	The Corsair Curse	So what do I do now?
Q	The Corsair Curse	So you say Ithoi prepared that meal?
Q	The Corsair Curse	Sure, I'll try to help with your curse.
Q	The Corsair Curse	That's very interesting; do tell me more.
Q	The Corsair Curse	They all have different theories about the curse.
Q	The Corsair Curse	Um... nothing, really.
Q	The Corsair Curse	Urgh to you too, with candy sprinkles on.
Q	The Corsair Curse	What is the mission Francois is doing?
N	The Corsair Curse	What is this place?
Q	The Corsair Curse	What kind of help do you need?
Q	The Corsair Curse	Where did you find this mermaid?
Q	The Corsair Curse	Where did you say this happened?
Q	The Corsair Curse	Who are you?
Q	The Corsair Curse	Why don't you kill him yourself?
Q	The Corsair Curse	You said it began after they'd all eaten.
Q	The Curse of Arrav	Alright. I'll be back once I've explored this fort.
Q	The Curse of Arrav	I'd better get going.
Q	The Curse of Arrav	I still need to do some preparation.
Q	The Curse of Arrav	No.
Q	The Curse of Arrav	Ready when you are.
Q	The Curse of Arrav	So how did you first end up researching the Mahjarrat?
Q	The Curse of Arrav	Yes.
Q	The Curse of Arrav	You seem to have a lot of contacts.
Q	The Depths of Despair	Anything I can help you with?
Q	The Depths of Despair	Fair enough. Now let's be off.
Q	The Depths of Despair	Goodbye.
Q	The Depths of Despair	I won't. Now let's get going.
Q	The Depths of Despair	No.
N	The Depths of Despair	Tell me about Hosidius.
N	The Depths of Despair	Tell me about your plans.
N	The Depths of Despair	Tell me about yourself.
Q	The Depths of Despair	What makes you say the Council have done a bad job?
Q	The Depths of Despair	Who are you?
Q	The Depths of Despair	Why do you want the Accord anyway?
Q	The Depths of Despair	Yes.
Q	The Dig Site	All that have passed the appropriate Earth Sciences exam.
Q	The Dig Site	Alright I'll try and get it.
Q	The Dig Site	Always handle with care; strike cleanly on its cleaving point.
Q	The Dig Site	Bones must not be taken from the digsite.
Q	The Dig Site	Bones to be ground and tested for mineral content.
Q	The Dig Site	Brush carefully and slowly using short strokes.
Q	The Dig Site	Brush quickly and with force.
Q	The Dig Site	Brush quickly using a wet brush.
Q	The Dig Site	Can I take an exam?
N	The Dig Site	Can you tell me anything about the digsite?
Q	The Dig Site	Can you tell me more about the tools an archaeologist uses?
Q	The Dig Site	Dipped in glue and stuck to a sheep's back.
N	The Dig Site	Do you know where I could find any treasure?
Q	The Dig Site	Do you know where to find a specimen jar?
Q	The Dig Site	Drop them on the floor and jump on them.
Q	The Dig Site	Feed to hungry dogs.
Q	The Dig Site	Finds must be carefully handled, and gloves worn.
Q	The Dig Site	Finds must not be handled by anyone.
Q	The Dig Site	Finds to be given to the site workmen.
Q	The Dig Site	Gloves and boots to be worn at all times; proper tools must be used.
Q	The Dig Site	Handle bones very carefully and keep them away from other samples.
N	The Dig Site	Have you any interesting news?
Q	The Dig Site	Heat-resistant clothing to be worn at all times.
Q	The Dig Site	How could I move a large pile of rocks?
N	The Dig Site	How do I get a medallion?
Q	The Dig Site	I am not sure really
Q	The Dig Site	I am ready for the last exam...
Q	The Dig Site	I am ready for the next exam.
Q	The Dig Site	I am stuck on a question.
Q	The Dig Site	I have been invited to research here.
Q	The Dig Site	I have lost my trowel.
Q	The Dig Site	I have lost the letter you gave me.
N	The Dig Site	I have something I need checking out.
Q	The Dig Site	I have things to do...
Q	The Dig Site	I lost the letter you gave me.
Q	The Dig Site	I'm here to get rich, rich, rich!
Q	The Dig Site	Interesting...
Q	The Dig Site	Local residents, contractors and small pink fish.
Q	The Dig Site	Magic users, miners and their escorts.
Q	The Dig Site	No.
Q	The Dig Site	No, not at the moment.
N	The Dig Site	No thanks.
Q	The Dig Site	Professors, students and workmen only.
Q	The Dig Site	Protective clothing to be worn; tools kept away from site.
Q	The Dig Site	Rock pick must be used flat and with a strong force.
Q	The Dig Site	Rock picks are to be used to milk cows on a rainy morning.
Q	The Dig Site	Rubber chickens to be worn on the head at all times.
Q	The Dig Site	Sample types catalogued and carried by hand only.
Q	The Dig Site	Samples cleaned, and carried only in specimen jars.
Q	The Dig Site	Samples cut and cleaned before transportation.
Q	The Dig Site	Samples ground and suspended in an acid solution.
Q	The Dig Site	Samples may be mixed together safely.
Q	The Dig Site	Samples taken in rough form; kept only in sealed containers.
Q	The Dig Site	Samples to be given to the melon-collecting monkey.
Q	The Dig Site	Samples to be spread thickly with mashed banana.
Q	The Dig Site	Sorry, I didn't mean to disturb you.
Q	The Dig Site	Strike rock repeatedly until powdered.
Q	The Dig Site	Thank you!
Q	The Dig Site	The combination of archaeology and vegetarianism.
Q	The Dig Site	The study of gardening, planting and fruiting vegetation.
Q	The Dig Site	The study of planets and the history of the worlds.
Q	The Dig Site	The study of the earth, its contents and history.
Q	The Dig Site	Yes.
Q	The Dig Site	Yes, I certainly am.
Q	The Eyes of Glouphrie	Actually I'd better get going...
Q	The Eyes of Glouphrie	Actually, I'm a bit busy right now.
N	The Eyes of Glouphrie	Can you teleport me to the Rune Essence Mine?
Q	The Eyes of Glouphrie	Err, maybe some other time.
Q	The Eyes of Glouphrie	I can't work out what to do with these discs!
Q	The Eyes of Glouphrie	I'm more interested in your researches right now.
Q	The Eyes of Glouphrie	I'm still a bit confused about how to fix Oaknock's machine.
Q	The Eyes of Glouphrie	I think I've fixed the machine now!
Q	The Eyes of Glouphrie	I think Oaknock's machine is now unlocked, what do I do now?
Q	The Eyes of Glouphrie	I've had a look in the other room now.
Q	The Eyes of Glouphrie	I've killed all of the spies.
Q	The Eyes of Glouphrie	I've visited Hazelmere, he told me all sorts of interesting things.
Q	The Eyes of Glouphrie	No.
Q	The Eyes of Glouphrie	Of course!
Q	The Eyes of Glouphrie	Of course, I'd love to!
Q	The Eyes of Glouphrie	Oh, yes I love a bit of History.
Q	The Eyes of Glouphrie	Phew! I've got that machine working now. What do I need to do now?
Q	The Eyes of Glouphrie	So where do I find this Hazelmere chap then?
Q	The Eyes of Glouphrie	Something's happened to the machine! It's broken!
Q	The Eyes of Glouphrie	The machine is broken, I suspect sabotage...!
Q	The Eyes of Glouphrie	We were discussing gnome magic...
Q	The Eyes of Glouphrie	What's that cute creature wandering around?
Q	The Eyes of Glouphrie	What should we do about these creatures?
Q	The Eyes of Glouphrie	Yes.
Q	The Eyes of Glouphrie	Yes, that sounds fascinating...
Q	The Feud	A discount camel store?
Q	The Feud	About those camels. I've lost the receipt. Can I have another?
Q	The Feud	Actually, I think I was a camel in a previous life.
Q	The Feud	Ali Morrisane's nephew
Q	The Feud	Are those camels around the side for sale?
Q	The Feud	Are you really the greatest salesman in the world?
Q	The Feud	Can you tell me a little about them?
Q	The Feud	Could you tell Traitorous Ali that someone has poisoned his drink?
Q	The Feud	Dialogue 1
Q	The Feud	Dialogue 2
Q	The Feud	Evil megalomaniacs set on destruction should be opposed.
Q	The Feud	Here you go, thanks.
Q	The Feud	I'd like to help you, but...
Q	The Feud	I decided to get rid of the camels.
Q	The Feud	I decided to try and use them to end the hostilities between the two gangs.
N	The Feud	I have some questions.
Q	The Feud	I'm looking for Ali.
Q	The Feud	I'm looking for Ali from Pollnivneach.
Q	The Feud	I'm looking for Traitorous Ali.
Q	The Feud	I'm not really a camel person, so I gave them to a better owner.
Q	The Feud	I'm sorry, I didn't mean to upset you. Can we still be friends?
Q	The Feud	I'm too busy to help. Adventuring is a full time job you know!
Q	The Feud	In what way?
Q	The Feud	Lovely day isn't it?
Q	The Feud	Maybe I wanted to make it MY town!
Q	The Feud	Nah, no problems here. I want to ask you about something else.
Q	The Feud	No.
Q	The Feud	No, but thanks for your time.
Q	The Feud	No, I'm really too busy.
Q	The Feud	No thanks.
Q	The Feud	No thanks, I'm ok.
Q	The Feud	No, they didn't. I sold them as Kebab meat!
Q	The Feud	Now that you mention it, I'm having a few problems with that.
Q	The Feud	Of course I know what to do! I was just testing you!
Q	The Feud	Ok I'll get to it.
Q	The Feud	Okay.
Q	The Feud	Perhaps I could help.
Q	The Feud	Perhaps I should know, but offered advice should never be shunned.
Q	The Feud	Perhaps later, I'm quite busy at the moment.
Q	The Feud	So can I buy a camel then? I'm hungry!
Q	The Feud	So can I have them for free then?
Q	The Feud	So is the discount camel business good then?
Q	The Feud	So what are you selling then?
Q	The Feud	Tell me about Ali Morrisane.
Q	The Feud	Tell me about the other people in the town.
N	The Feud	Tell me about this magic carpet fleet.
Q	The Feud	Tell me about this town.
Q	The Feud	Tell me about yourself.
Q	The Feud	Thanks!
Q	The Feud	Thanks but no thanks, I don't drink.
Q	The Feud	The 'Asp and Snake'? What a strange name for a bar.
Q	The Feud	The bandits
Q	The Feud	The Mayor
Q	The Feud	The Menaphites
Q	The Feud	The town
Q	The Feud	Well the weak will always be trodden on. Why not stand up to them?
Q	The Feud	Well yes, actually I would like to ask about something else.
Q	The Feud	What do you mean by fix the mess I created?
Q	The Feud	What money?
Q	The Feud	What price do you want for both of them?
Q	The Feud	What's going on in town?
Q	The Feud	Why would I want a camel? All they do is spit and...
Q	The Feud	Would 1000 gold coins for the pair of them do?
Q	The Feud	Would 200 gold coins for the pair of them do?
Q	The Feud	Would 500 gold coins for the pair of them do?
Q	The Feud	Yeah, I could do with a bit of advice.
Q	The Feud	Yes.
Q	The Feud	Yes, camels are beautiful creatures.
Q	The Feud	Yes, I'd like a drink please.
Q	The Feud	Yes I'd like to ask you about something else.
Q	The Feud	Yes, I'd like to talk about something else.
Q	The Feud	Yes of course.
Q	The Feud	Yes, of course, those bandits should be taught a lesson.
N	The Feud	Yes please.
Q	The Feud	Yes tell me about...
Q	The Feud	Yuck! I don't like beer.
Q	The Final Dawn	Any ideas on what to do?
Q	The Final Dawn	Any thoughts on where to start?
Q	The Final Dawn	Beer.
Q	The Final Dawn	Can you go to an altar for me?
Q	The Final Dawn	Can you translate something for me?
Q	The Final Dawn	Chaki
Q	The Final Dawn	Cider.
Q	The Final Dawn	Dark.
Q	The Final Dawn	Dawn.
Q	The Final Dawn	Dialogue 1
Q	The Final Dawn	Dialogue 2
Q	The Final Dawn	Dialogue 3
Q	The Final Dawn	Dialogue 4
N	The Final Dawn	Do you ever get tired of guarding this place?
Q	The Final Dawn	Dwarven stout.
Q	The Final Dawn	East.
Q	The Final Dawn	Eclipse.
Q	The Final Dawn	Enter the passage.
Q	The Final Dawn	Final.
Q	The Final Dawn	Force open the window.
N	The Final Dawn	Goodbye.
Q	The Final Dawn	How are things?
Q	The Final Dawn	How are you doing?
Q	The Final Dawn	I'd better get going.
Q	The Final Dawn	I'll be back shortly.
Q	The Final Dawn	I'll get searching.
Q	The Final Dawn	I'll get to it.
Q	The Final Dawn	I'll make my own way there.
Q	The Final Dawn	I wanted to ask you about your masters.
Q	The Final Dawn	I wasn't able to stop those cultists.
Q	The Final Dawn	If it's okay to ask, what's the deal with you and the Queen?
Q	The Final Dawn	Invalid Word
Q	The Final Dawn	Itzla
Q	The Final Dawn	Koma
Q	The Final Dawn	Kuli
Q	The Final Dawn	Leave it.
Q	The Final Dawn	Leave it alone.
Q	The Final Dawn	Leave the window alone.
Q	The Final Dawn	Let's get to it.
Q	The Final Dawn	Light.
Q	The Final Dawn	Makti
Q	The Final Dawn	More options...
Q	The Final Dawn	Naui
Q	The Final Dawn	No.
Q	The Final Dawn	North.
Q	The Final Dawn	North east.
Q	The Final Dawn	North west.
N	The Final Dawn	Not really. I'd better get going.
Q	The Final Dawn	Nothing.
Q	The Final Dawn	Oma
Q	The Final Dawn	Previous options...
Q	The Final Dawn	Pull it.
Q	The Final Dawn	Rise.
Q	The Final Dawn	Sacrifice.
N	The Final Dawn	So how long has Cam Torum been around?
Q	The Final Dawn	So what's your take on this Mokhaiotl business?
Q	The Final Dawn	So you're a Knight of Varlamore?
Q	The Final Dawn	South.
Q	The Final Dawn	South east.
Q	The Final Dawn	South west.
Q	The Final Dawn	Steamforge brew.
Q	The Final Dawn	Suffering.
Q	The Final Dawn	Sunbeam ale.
Q	The Final Dawn	Thanks! Could you translate another?
Q	The Final Dawn	Thanks! I'm done translating for now.
N	The Final Dawn	This place is beautiful. I thought it was supposed to be a prison?
Q	The Final Dawn	Trapper's tipple.
Q	The Final Dawn	Try to move it.
Q	The Final Dawn	Ueai
Q	The Final Dawn	West.
Q	The Final Dawn	What do you make of this essence I found?
Q	The Final Dawn	What should we do now?
Q	The Final Dawn	Wizard's mind bomb
Q	The Final Dawn	Yes.
Q	The Final Dawn	Yes, let's go.
Q	The Final Dawn	You don't happen to have another sword do you?
N	The Forsaken Tower	Goodbye.
Q	The Forsaken Tower	I'll get going.
Q	The Forsaken Tower	I'm looking for a quest.
Q	The Forsaken Tower	I've been sent to help you.
Q	The Forsaken Tower	Leave it alone.
Q	The Forsaken Tower	Leave them.
Q	The Forsaken Tower	Let's talk about my quest.
Q	The Forsaken Tower	No.
Q	The Forsaken Tower	Nothing.
Q	The Forsaken Tower	Start the generator.
Q	The Forsaken Tower	Take a 5-gallon jug.
Q	The Forsaken Tower	Take an 8-gallon jug.
Q	The Forsaken Tower	Take both.
N	The Forsaken Tower	Tell me about the Doors of Dinh.
N	The Forsaken Tower	Tell me about the Wintertodt.
N	The Forsaken Tower	Tell me about yourself.
Q	The Forsaken Tower	What are the Doors of Dinh?
Q	The Forsaken Tower	Who are you?
Q	The Forsaken Tower	Yes.
Q	The Fremennik Exiles	Actually, never mind.
Q	The Fremennik Exiles	Actually, no.
N	The Fremennik Exiles	Ask about a permanent lyre enchantment.
N	The Fremennik Exiles	Ask about a Seal of Passage.
N	The Fremennik Exiles	Ask about anything else.
Q	The Fremennik Exiles	Ask about collecting items.
Q	The Fremennik Exiles	Ask about the investigation.
Q	The Fremennik Exiles	Ask about the Jormungand.
Q	The Fremennik Exiles	Ask about the mountain camp.
Q	The Fremennik Exiles	Ask about V's Sigil.
Q	The Fremennik Exiles	Ask for a quest.
Q	The Fremennik Exiles	Can I have another pet rock?
Q	The Fremennik Exiles	(Charm) I could honour the fallen by remaking V's Shield.
Q	The Fremennik Exiles	Dialogue 1
Q	The Fremennik Exiles	Dialogue 2
Q	The Fremennik Exiles	Dialogue 3
Q	The Fremennik Exiles	Dialogue 4
Q	The Fremennik Exiles	Dialogue 5
Q	The Fremennik Exiles	Dialogue 6
Q	The Fremennik Exiles	Dialogue 7
Q	The Fremennik Exiles	Fair enough.
Q	The Fremennik Exiles	Goodbye.
N	The Fremennik Exiles	Have you got anything to trade?
Q	The Fremennik Exiles	How do I make the Polishing Rock?
Q	The Fremennik Exiles	How do I make V's Sigil?
Q	The Fremennik Exiles	I can't do it! I love you pet rock.
N	The Fremennik Exiles	I'm good, thanks, bye.
Q	The Fremennik Exiles	I was wondering if you could help me make Lunar Glass?
N	The Fremennik Exiles	It's a very interesting house you have here.
Q	The Fremennik Exiles	It's for the good of the Province!
Q	The Fremennik Exiles	Let's go!
Q	The Fremennik Exiles	Maybe I could buy one off you?
Q	The Fremennik Exiles	No.
Q	The Fremennik Exiles	No thanks.
N	The Fremennik Exiles	Nothing.
Q	The Fremennik Exiles	Please, do tell me more about the sand business in Rellekka.
Q	The Fremennik Exiles	Please, I must get to Miscellania.
Q	The Fremennik Exiles	Please Jarvald, it's really important!
N	The Fremennik Exiles	Present offering of a single fish.
Q	The Fremennik Exiles	Sorry.
Q	The Fremennik Exiles	Sounds good to me.
Q	The Fremennik Exiles	Spare her the truth.
Q	The Fremennik Exiles	Terrify her with all the details.
Q	The Fremennik Exiles	Thank you for letting me know.
Q	The Fremennik Exiles	Thanks for your time, Bardur.
Q	The Fremennik Exiles	That's all thanks.
Q	The Fremennik Exiles	That's far too much, I won't pay that!
Q	The Fremennik Exiles	Where can I find a Fremennik Shield?
Q	The Fremennik Exiles	Where can I get Lunar Glass?
Q	The Fremennik Exiles	Yes.
Q	The Fremennik Exiles	Yes please.
Q	The Fremennik Isles	Advisor Ghrim of Miscellania has been helping Neitiznot.
Q	The Fremennik Isles	But rules are rules. Pay up!
Q	The Fremennik Isles	Can I have a look at your stock, please?
Q	The Fremennik Isles	Can you cure any other type of leather?
Q	The Fremennik Isles	Can you ferry me to Jatizso?
Q	The Fremennik Isles	Can you ferry me to Neitiznot?
Q	The Fremennik Isles	Can you ferry me to Rellekka?
Q	The Fremennik Isles	Chieftain Brundt of Rellekka has been helping Neitiznot.
Q	The Fremennik Isles	Colourless green ideas sleep furiously.
Q	The Fremennik Isles	Cure all my hides.
Q	The Fremennik Isles	Cure my yak-hide, please.
Q	The Fremennik Isles	Cure no hide.
Q	The Fremennik Isles	Cure one hide.
Q	The Fremennik Isles	Do you know what? I'll give you a refund.
N	The Fremennik Isles	Don't mind me.
Q	The Fremennik Isles	Eighteen militia have been trained.
Q	The Fremennik Isles	Free stuff please.
Q	The Fremennik Isles	Give me food, Bork!
Q	The Fremennik Isles	Have you got any more of those helms?
Q	The Fremennik Isles	Hello.
Q	The Fremennik Isles	How do I repair these bridges again?
Q	The Fremennik Isles	I am ready.
N	The Fremennik Isles	I'd like to access my bank account, please.
N	The Fremennik Isles	I'd like to buy more bank slots.
N	The Fremennik Isles	I'd like to check my PIN settings.
N	The Fremennik Isles	I'd like to collect items, please.
Q	The Fremennik Isles	I don't need anything.
Q	The Fremennik Isles	I don't think I can afford that, sorry.
Q	The Fremennik Isles	I have been helping Neitiznot.
Q	The Fremennik Isles	I have nothing to ask you right now.
Q	The Fremennik Isles	I just need to visit the bank.
Q	The Fremennik Isles	I just stopped to say 'hello'.
Q	The Fremennik Isles	I'll think about it a bit.
Q	The Fremennik Isles	I'm too busy to help your King.
Q	The Fremennik Isles	I need Prayer potions!
Q	The Fremennik Isles	I need Strength potions!
Q	The Fremennik Isles	I need to make a fool of myself again.
Q	The Fremennik Isles	I need to talk to you about tax.
Q	The Fremennik Isles	I suppose I could pay the tax for you.
Q	The Fremennik Isles	I thank you again for presenting me with such a helm.
Q	The Fremennik Isles	It rains frogs during the Winter in Neitiznot.
Q	The Fremennik Isles	More options...
Q	The Fremennik Isles	No.
Q	The Fremennik Isles	No, I'm fine right now.
Q	The Fremennik Isles	No, I need to make a fool of myself again.
Q	The Fremennik Isles	No, nothing just now thanks.
Q	The Fremennik Isles	No, thanks.
Q	The Fremennik Isles	No, thanks. I'll be off then.
N	The Fremennik Isles	Previous options...
Q	The Fremennik Isles	Seventeen militia have been trained.
Q	The Fremennik Isles	Sixteen militia have been trained.
Q	The Fremennik Isles	Tell me about Burger{{sic
Q	The Fremennik Isles	Tell me about Jatizso.
Q	The Fremennik Isles	Tell me about King Sorvott IV.
Q	The Fremennik Isles	Tell me about Neitiznot.
Q	The Fremennik Isles	Tell me about Neitiznot's geography.
Q	The Fremennik Isles	Tell me about the islands' history.
Q	The Fremennik Isles	Tell me about your husband.
Q	The Fremennik Isles	Tell me more about Jatizso.
Q	The Fremennik Isles	Tell me more about Jatizso's history.
Q	The Fremennik Isles	Tell me more about the King of Jatizso.
Q	The Fremennik Isles	The blue fish leap northwards at dawn.
Q	The Fremennik Isles	There are four bridges to repair.
Q	The Fremennik Isles	There are three bridges to repair.
Q	The Fremennik Isles	There are two bridges to repair.
Q	The Fremennik Isles	They are in a secluded bay, near Etceteria.
Q	The Fremennik Isles	They are in a secluded bay, near Miscellania.
Q	The Fremennik Isles	They are in a secluded bay, near Rellekka.
Q	The Fremennik Isles	They are ready now.
Q	The Fremennik Isles	They will be given some fine ale and meat.
Q	The Fremennik Isles	They will be given some party hats and balloons.
Q	The Fremennik Isles	They will be given some potions.
Q	The Fremennik Isles	They will be ready in two days.
Q	The Fremennik Isles	They will be ready tomorrow.
Q	The Fremennik Isles	Very well, I accept.
Q	The Fremennik Isles	Well I'm off then.
Q	The Fremennik Isles	What were you saying before?
Q	The Fremennik Isles	Where do I find these bridges?
Q	The Fremennik Isles	Yes.
Q	The Fremennik Isles	Yes, I am.
Q	The Fremennik Isles	Yes I have.
Q	The Fremennik Isles	Yes, please.
Q	The Fremennik Isles	Yes please, I've forgotten how to make the armour.
Q	The Fremennik Trials	Ask about becoming a Fremennik
Q	The Fremennik Trials	Ask about depositing your equipment
Q	The Fremennik Trials	Ask about the Merchant's trial
Q	The Fremennik Trials	Bank your equipment
Q	The Fremennik Trials	Can I give you a present?
Q	The Fremennik Trials	Can't I do something else?
Q	The Fremennik Trials	Dialogue 1
Q	The Fremennik Trials	Dialogue 2
Q	The Fremennik Trials	Dialogue 3
Q	The Fremennik Trials	Dialogue 4
Q	The Fremennik Trials	Dialogue 5
Q	The Fremennik Trials	Dialogue 6
Q	The Fremennik Trials	Dialogue 7
Q	The Fremennik Trials	Dialogue 8
Q	The Fremennik Trials	Do you have any quests?
Q	The Fremennik Trials	Don't bank your equipment
Q	The Fremennik Trials	Forget it
Q	The Fremennik Trials	I don't need a reminder
N	The Fremennik Trials	I seek an army to destroy Asgarnia!
N	The Fremennik Trials	Nice hat!
Q	The Fremennik Trials	No
Q	The Fremennik Trials	No, honest, you're REALLY clever.
Q	The Fremennik Trials	No, I'm not interested.
Q	The Fremennik Trials	Nothing.
Q	The Fremennik Trials	Other human?
Q	The Fremennik Trials	Present offering of a single fish.
Q	The Fremennik Trials	Raw bass.
Q	The Fremennik Trials	Raw manta ray.
Q	The Fremennik Trials	Raw sea turtle.
Q	The Fremennik Trials	Raw shark.
Q	The Fremennik Trials	Read the riddle
Q	The Fremennik Trials	Remind me about crafting a lyre
Q	The Fremennik Trials	Remind me about Fossegrimen
Q	The Fremennik Trials	Remind me about playing on stage
Q	The Fremennik Trials	Riddle 1
Q	The Fremennik Trials	Riddle 2
Q	The Fremennik Trials	Riddle 3
Q	The Fremennik Trials	Riddle 4
Q	The Fremennik Trials	Riddle 5
Q	The Fremennik Trials	Riddle 6
Q	The Fremennik Trials	Solve the riddle
Q	The Fremennik Trials	Talk about the Fremennik Trials
N	The Fremennik Trials	Talk about the Murder Mystery Quest
Q	The Fremennik Trials	What do I have to do again?
Q	The Fremennik Trials	What is this place?
N	The Fremennik Trials	What Jarvald is doing.
Q	The Fremennik Trials	What's a Draugen?
Q	The Fremennik Trials	Who is my opponent?
N	The Fremennik Trials	Why do you call me outerlander?
Q	The Fremennik Trials	Why will no-one talk to me?
Q	The Fremennik Trials	Yes
Q	The Fremennik Trials	Yes, I am interested.
Q	The Garden of Death	No.
Q	The Garden of Death	Yes.
Q	The Giant Dwarf	Blasidar the sculptor has sent me.
Q	The Giant Dwarf	Blasidar the sculptor needs it for his statue.
Q	The Giant Dwarf	But I've come from Blasidar the sculptor.
Q	The Giant Dwarf	Can you help me find an Imcando dwarf?
Q	The Giant Dwarf	Can you help me with this ancient axe?
N	The Giant Dwarf	Can you tell me more about the library?
Q	The Giant Dwarf	Dialogue 1
Q	The Giant Dwarf	Dialogue 10
Q	The Giant Dwarf	Dialogue 2
Q	The Giant Dwarf	Dialogue 3
Q	The Giant Dwarf	Dialogue 4
Q	The Giant Dwarf	Dialogue 5
Q	The Giant Dwarf	Dialogue 6
Q	The Giant Dwarf	Dialogue 7
Q	The Giant Dwarf	Dialogue 8
Q	The Giant Dwarf	Dialogue 9
Q	The Giant Dwarf	Do you have another task for me?
Q	The Giant Dwarf	Do you have any more tasks for me?
Q	The Giant Dwarf	Do you know anything about King Alvis' clothes?
Q	The Giant Dwarf	Explore the area before returning.
Q	The Giant Dwarf	How can I prove myself?
Q	The Giant Dwarf	I'd like to officially join your company.
Q	The Giant Dwarf	I do NOT want to attend, I don't have time to waste.
Q	The Giant Dwarf	I don't really care for it after all.
N	The Giant Dwarf	I have to go!
Q	The Giant Dwarf	I hope you lot figure it out soon.
Q	The Giant Dwarf	I just have a lot of smithing to do today, I can't attend.
N	The Giant Dwarf	I'll come back another time.
Q	The Giant Dwarf	I'll pay.
Q	The Giant Dwarf	I'll take it.
Q	The Giant Dwarf	I'm ready.
Q	The Giant Dwarf	I need to have a think about that.
Q	The Giant Dwarf	I need to speak to the director.
Q	The Giant Dwarf	I prefer the mines to the city.
Q	The Giant Dwarf	I want to see the meeting.
Q	The Giant Dwarf	I won't pay.
Q	The Giant Dwarf	I would support you.
Q	The Giant Dwarf	Is there anything I can help you with?
Q	The Giant Dwarf	It's an honour to meet you!
Q	The Giant Dwarf	Just give me the axe already, I know you have it!
Q	The Giant Dwarf	No.
Q	The Giant Dwarf	No, I can't be bothered.
N	The Giant Dwarf	No, I'm just browsing.
Q	The Giant Dwarf	No, I need more time.
Q	The Giant Dwarf	No thanks.
Q	The Giant Dwarf	On second thought, I can spare a few minutes to attend.
Q	The Giant Dwarf	Perhaps I can repair the axe?
Q	The Giant Dwarf	Play Cutscene
Q	The Giant Dwarf	Return to Keldagrim immediately.
Q	The Giant Dwarf	Skip Cutscene
N	The Giant Dwarf	Talk about something else.
Q	The Giant Dwarf	Thank you for your time.
Q	The Giant Dwarf	That's a deal!
Q	The Giant Dwarf	This is tedious, I've lost interest.
Q	The Giant Dwarf	What do you know about the Imcando dwarves?
Q	The Giant Dwarf	What else must I do?
N	The Giant Dwarf	What is that cape you're wearing?
N	The Giant Dwarf	Where am I?
Q	The Giant Dwarf	Who are you?
Q	The Giant Dwarf	Would you like a redberry pie?
Q	The Giant Dwarf	Yes.
Q	The Giant Dwarf	Yes, about those special clothes again...
Q	The Giant Dwarf	Yes, I'm looking for a pair of special boots.
Q	The Giant Dwarf	Yes, I'm looking for a particular battleaxe.
N	The Giant Dwarf	Yes, I'm looking for some armour.
Q	The Giant Dwarf	Yes, I'm looking for some special clothes.
N	The Giant Dwarf	Yes, I'm looking for some weapons.
Q	The Giant Dwarf	Yes, I will do this.
Q	The Giant Dwarf	Yes! Long live the [company name]!
N	The Giant Dwarf	Yes, what clothes do you have in stock?
N	The Golem	Do you know where I could find any treasure?
N	The Golem	Fossil Island
N	The Golem	Have you any interesting news?
N	The Golem	How do I get a medallion?
Q	The Golem	How do I open the portal?
Q	The Golem	I don't know, Varrock is pretty impressive.
Q	The Golem	I found a letter in the desert with your name on.
Q	The Golem	I'll get right on it.
Q	The Golem	I'm looking for a statuette recovered from the city of Uzer.
Q	The Golem	I want to open a portal to the lair of an elder-demon.
Q	The Golem	No
Q	The Golem	Well, I, er, just want it.
Q	The Golem	What do you do here?
Q	The Golem	What happened to the city?
Q	The Golem	What is this place?
Q	The Golem	What makes you think you can defeat the demon?
Q	The Golem	Where did you say the notes were?
Q	The Golem	Where is the statuette that Varmen took back from Uzer?
Q	The Golem	Yes
Q	The Grand Tree	A man came to me with the King's seal.
Q	The Grand Tree	Alia.
Q	The Grand Tree	All with{{sic
Q	The Grand Tree	Always arguing as usual!
Q	The Grand Tree	And Daconia rocks will kill the tree!
Q	The Grand Tree	Anita.
Q	The Grand Tree	Dialogue 1
Q	The Grand Tree	Dialogue 10
Q	The Grand Tree	Dialogue 11
Q	The Grand Tree	Dialogue 12
Q	The Grand Tree	Dialogue 13
Q	The Grand Tree	Dialogue 14
Q	The Grand Tree	Dialogue 15
Q	The Grand Tree	Dialogue 2
Q	The Grand Tree	Dialogue 3
Q	The Grand Tree	Dialogue 4
Q	The Grand Tree	Dialogue 5
Q	The Grand Tree	Dialogue 6
Q	The Grand Tree	Dialogue 7
Q	The Grand Tree	Dialogue 8
Q	The Grand Tree	Dialogue 9
Q	The Grand Tree	Do you have any bread? I do like bread.
Q	The Grand Tree	Elena.
Q	The Grand Tree	Glough sent me.
Q	The Grand Tree	Grave danger lies ahead, only the bravest will linger.
Q	The Grand Tree	He loves choc bombs.
Q	The Grand Tree	He loves tangled toads legs.
Q	The Grand Tree	He loves worm holes.
Q	The Grand Tree	I'd be happy to help!
Q	The Grand Tree	I gave the man Daconia rocks.
Q	The Grand Tree	I'll be off now.
Q	The Grand Tree	I'm from the Ministry of Health and Safety.
Q	The Grand Tree	I'm just looking around.
Q	The Grand Tree	I'm sorry, I don't want to get involved.
Q	The Grand Tree	I suppose so.
Q	The Grand Tree	I think so!
Q	The Grand Tree	Ka.
Q	The Grand Tree	Ke.
Q	The Grand Tree	King Narnode must be stopped, he is a madman!
Q	The Grand Tree	Ko.
Q	The Grand Tree	Le.
Q	The Grand Tree	Lo.
Q	The Grand Tree	Lu.
Q	The Grand Tree	Men.
Q	The Grand Tree	Min.
Q	The Grand Tree	Mon.
Q	The Grand Tree	No chance!
Q	The Grand Tree	No, I'm busy.
Q	The Grand Tree	No, I need to go back.
Q	The Grand Tree	None of the above.
Q	The Grand Tree	Not anywhere for now.
Q	The Grand Tree	Nothing will help us now!
Q	The Grand Tree	Ok then, here you go.
Q	The Grand Tree	Only Adamantite is any use.
Q	The Grand Tree	Praise be to the great Zamorak!
Q	The Grand Tree	Sadly his wife is no longer with us!
Q	The Grand Tree	Take me to Karamja please!
Q	The Grand Tree	Take this banana to him, he will understand.
Q	The Grand Tree	The time has come to attack!
Q	The Grand Tree	The tree is fine, you have nothing to fear.
Q	The Grand Tree	The tree needs watering as there has been drought.
Q	The Grand Tree	The tree will die in five days!
Q	The Grand Tree	There is no need for haste, just send a runner.
Q	The Grand Tree	Time is of the essence! We must move quickly.
Q	The Grand Tree	Time passes us by.
Q	The Grand Tree	Use a bucket of milk from a scared cow.
Q	The Grand Tree	Yes, they're getting on great.
Q	The Grand Tree	You must act now, or we will all die!
Q	The Grand Tree	You must come and see me!
Q	The Grand Tree	You must use force!
Q	The Grand Tree	You must wait till the second night.
Q	The Grand Tree	You seem worried, what's up?
Q	The Great Brain Robbery	Could you take me back to port?
Q	The Great Brain Robbery	Dialogue 1
Q	The Great Brain Robbery	Dialogue 2
Q	The Great Brain Robbery	Dialogue 3
Q	The Great Brain Robbery	Dialogue 4
Q	The Great Brain Robbery	Dialogue 5
Q	The Great Brain Robbery	Dialogue 6
Q	The Great Brain Robbery	Dialogue 7
Q	The Great Brain Robbery	No.
Q	The Great Brain Robbery	Not at the moment, thanks.
Q	The Great Brain Robbery	Not right now, thanks.
Q	The Great Brain Robbery	Nothing...
N	The Great Brain Robbery	Talk about meat in general
Q	The Great Brain Robbery	Talk about the meat shipment
Q	The Great Brain Robbery	Yes.
Q	The Great Brain Robbery	Yes, please.
Q	The Hand in the Sand	A small parrot with a pink banana is sitting outside your window!
Q	The Hand in the Sand	But the pygmy shrews have eaten all the sand!
Q	The Hand in the Sand	Can you help me more?
Q	The Hand in the Sand	Eww a hand, in the sand! Why haven't you told the authorities?
Q	The Hand in the Sand	I have a rather sandy problem that I'd like to palm off on you.
Q	The Hand in the Sand	I'm afraid I've forgotten how!
N	The Hand in the Sand	I'm here about the sicks...err Zogres
Q	The Hand in the Sand	I'm still working on it.
Q	The Hand in the Sand	I've forgotten how to use the serum.
Q	The Hand in the Sand	I've lost it!
Q	The Hand in the Sand	I've lost my head!
Q	The Hand in the Sand	I've lost my magical scrying orb!
Q	The Hand in the Sand	No.
Q	The Hand in the Sand	No, I prefer using my legs, thanks all the same.
Q	The Hand in the Sand	Oh, you found a hand in the sand - that's nice for you.
Q	The Hand in the Sand	Ok, I'm done with you.
N	The Hand in the Sand	Talk to Betty about her shop.
Q	The Hand in the Sand	Talk to Betty about the Hand in the Sand.
Q	The Hand in the Sand	There's a herd of huge mutant herring about to drop from the sky!
N	The Hand in the Sand	What are the requirements to get in the Wizards' Guild?
N	The Hand in the Sand	What do you do in the Guild?
Q	The Hand in the Sand	What happened to the wizard?
N	The Hand in the Sand	What is there to do in the Wizards' Guild?
Q	The Hand in the Sand	What should I do with the head?
Q	The Hand in the Sand	Why doesn't Bert remember the change in his hours?
Q	The Hand in the Sand	Why is Bert's rota different from the original?
Q	The Hand in the Sand	Yes.
Q	The Hand in the Sand	Yes, that would be great!
Q	The Heart of Darkness	About that passphrase...
Q	The Heart of Darkness	About the Emissaries...
Q	The Heart of Darkness	Alright, I'll get mingling.
Q	The Heart of Darkness	Alright, I'll go and speak with him.
Q	The Heart of Darkness	Ami.
Q	The Heart of Darkness	Can you remind me what this trial is?
Q	The Heart of Darkness	Chaki.
Q	The Heart of Darkness	Chua.
Q	The Heart of Darkness	Could I ask you about some words I found carved into the wall?
Q	The Heart of Darkness	Could you remind me what Ximoua is?
Q	The Heart of Darkness	Dialogue 1
Q	The Heart of Darkness	Dialogue 2
Q	The Heart of Darkness	Dialogue 3
Q	The Heart of Darkness	Do you really think Metzli, Furia and Ennius are traitors?
Q	The Heart of Darkness	How so?
Q	The Heart of Darkness	Huka.
Q	The Heart of Darkness	I'd better go and speak to this shopkeeper.
Q	The Heart of Darkness	I'd like to rent the basement room.
Q	The Heart of Darkness	I'd like to try again.
Q	The Heart of Darkness	I guess I'd better keep searching.
Q	The Heart of Darkness	I hear you can offer help to those in need.
Q	The Heart of Darkness	I'll take it.
Q	The Heart of Darkness	I still have some questioning to do.
Q	The Heart of Darkness	Ikam.
Q	The Heart of Darkness	Iknil.
Q	The Heart of Darkness	Kemo.
Q	The Heart of Darkness	Koma.
Q	The Heart of Darkness	Kualt.
N	The Heart of Darkness	Let's see what you have.
Q	The Heart of Darkness	Lini.
Q	The Heart of Darkness	Makt.
Q	The Heart of Darkness	Moki.
Q	The Heart of Darkness	Naui.
Q	The Heart of Darkness	No.
Q	The Heart of Darkness	No, I'm not quite ready yet.
N	The Heart of Darkness	No thanks.
N	The Heart of Darkness	Nothing for me, thanks.
Q	The Heart of Darkness	Nothing yet.
Q	The Heart of Darkness	Oma.
Q	The Heart of Darkness	On that note, I guess I should get back to the door.
Q	The Heart of Darkness	Silam.
Q	The Heart of Darkness	Takam.
Q	The Heart of Darkness	Tell me about the Final Dawn.
Q	The Heart of Darkness	Thanks! Could you translate another?
Q	The Heart of Darkness	Thanks! I'm done translating for now.
Q	The Heart of Darkness	That's too much.
Q	The Heart of Darkness	The Queen didn't seem very happy with you.
Q	The Heart of Darkness	This whole place is very fancy.
Q	The Heart of Darkness	Ueai.
Q	The Heart of Darkness	Uitt.
Q	The Heart of Darkness	What are we meant to be doing again?
Q	The Heart of Darkness	What do we know about the Emissaries and their beliefs?
Q	The Heart of Darkness	What do you think Metzli found down here?
Q	The Heart of Darkness	What happens if they try to attack Servius again?
N	The Heart of Darkness	What's with those big gates out there?
Q	The Heart of Darkness	Who do you worship?
Q	The Heart of Darkness	Why did you join the Emissaries?
Q	The Heart of Darkness	Yes.
Q	The Heart of Darkness	Yes! I'm ready.
N	The Heart of Darkness	Yes please.
Q	The Heart of Darkness	Yeya.
Q	The Heart of Darkness	Zema.
Q	The Ides of Milk	Can you share what makes your cows so productive?
N	The Ides of Milk	Can you tell me how to milk a cow?
Q	The Ides of Milk	Dialogue 1
Q	The Ides of Milk	Dialogue 2
Q	The Ides of Milk	Dialogue 3
N	The Ides of Milk	I'm fine, thanks.
Q	The Ides of Milk	No.
N	The Ides of Milk	Who are you?
Q	The Ides of Milk	Yes.
Q	The Ides of Milk	Yes, and don't ask again.
Q	The Knight's Sword	About that sword...
Q	The Knight's Sword	And how is life as a squire?
Q	The Knight's Sword	Are you an Imcando dwarf? I need a special sword.
Q	The Knight's Sword	Can you make a special sword for me?
Q	The Knight's Sword	Can you make that replacement sword now?
N	The Knight's Sword	Do you have anything to trade?
Q	The Knight's Sword	Do you know where you lost it?
Q	The Knight's Sword	I can make a new sword if you like...
Q	The Knight's Sword	I'll come back another time.
N	The Knight's Sword	I'm in search of a quest.
Q	The Knight's Sword	Is he angry?
Q	The Knight's Sword	No.
Q	The Knight's Sword	So would these dwarves make another one?
Q	The Knight's Sword	Thanks for making that sword for me!
Q	The Knight's Sword	Well, do you know the VAGUE AREA you lost it?
Q	The Knight's Sword	Well, I hope you find it soon.
Q	The Knight's Sword	Well, the kingdom is fairly abundant with swords...
N	The Knight's Sword	What do you do?
Q	The Knight's Sword	What do you know about the Imcando dwarves?
N	The Knight's Sword	What is that cape you're wearing?
Q	The Knight's Sword	Would you like a redberry pie?
Q	The Knight's Sword	Wouldn't you prefer to be a squire for me?
Q	The Knight's Sword	Yes.
Q	The Lost Tribe	Bob says he saw something in the cellar
N	The Lost Tribe	Can I use your range?
N	The Lost Tribe	Can you repair my items for me?
Q	The Lost Tribe	Can you show me the way out of the mines?
N	The Lost Tribe	Can you tell me how long I've been here?
Q	The Lost Tribe	Did you know Sigmund is a member of HAM?
N	The Lost Tribe	Do you have any other quests for me?
Q	The Lost Tribe	Do you have any quests for me?
N	The Lost Tribe	Do you have anything to trade?
Q	The Lost Tribe	Do you know what happened in the castle cellar?
Q	The Lost Tribe	Do you know what happened in the cellar?
Q	The Lost Tribe	Do you want me to decide for you again?
N	The Lost Tribe	Give me a quest!
Q	The Lost Tribe	Have you any quests for me?
N	The Lost Tribe	Have you anything to sell?
Q	The Lost Tribe	Have you ever heard of the Dorgeshuun?
N	The Lost Tribe	I am getting strong and mighty.
N	The Lost Tribe	I'd better get going.
N	The Lost Tribe	I don't know. I'm lost. Where am I?
Q	The Lost Tribe	I dug through the rubble...
Q	The Lost Tribe	I found out about the symbol...
Q	The Lost Tribe	I found the missing silverware in the HAM cave!
N	The Lost Tribe	I have come to kill everyone in this castle!
N	The Lost Tribe	I keep on dying.
Q	The Lost Tribe	I seek a shield that will protect me from dragonbreath.
Q	The Lost Tribe	I spoke to the generals in the Goblin Village...
Q	The Lost Tribe	I've made contact with the cave goblins...
Q	The Lost Tribe	It doesn't really matter
Q	The Lost Tribe	Make up your minds!
Q	The Lost Tribe	May I mine the rocks here?
Q	The Lost Tribe	No.
N	The Lost Tribe	Nothing.
Q	The Lost Tribe	So do goblins make their own tunnels?
N	The Lost Tribe	So how is life for the goblins?
Q	The Lost Tribe	So why is the Dorgeshuun tribe underground?
Q	The Lost Tribe	Some silverware has gone missing from the castle cellar...
Q	The Lost Tribe	Tell me about the silverware that was stolen.
Q	The Lost Tribe	Thanks
Q	The Lost Tribe	Wait, you say YOU won the big wars?
Q	The Lost Tribe	Well either way they refused to fight
Q	The Lost Tribe	Well I found a brooch underground...
Q	The Lost Tribe	Well why not show me both greetings?
Q	The Lost Tribe	What can you tell me about this brooch?
Q	The Lost Tribe	What happened in the cellar?
N	The Lost Tribe	What happened to your arm?
Q	The Lost Tribe	What kind of god would punish them for refusing to fight?
Q	The Lost Tribe	What was I doing again?
Q	The Lost Tribe	Where can I find money?
Q	The Lost Tribe	Where is the silverware you stole from the castle cellar?
N	The Lost Tribe	Who are you?
Q	The Lost Tribe	Who were they fighting again?
N	The Lost Tribe	Why do the Dorgeshuun live underground?
Q	The Lost Tribe	Why were they punished again?
Q	The Lost Tribe	Yes.
Q	The Lost Tribe	You're a H.A.M. member, aren't you?
N	The Path of Glouphrie	Can I use your key?
Q	The Path of Glouphrie	Could you remind me of Longramble's coordinates?
N	The Path of Glouphrie	Found anything interesting recently?
Q	The Path of Glouphrie	I'd better get going.
Q	The Path of Glouphrie	I found Bolrie's diary. Do you know anything about it?
Q	The Path of Glouphrie	I have a question about your storeroom.
N	The Path of Glouphrie	I'll leave you to it.
N	The Path of Glouphrie	I lost that pebble.
N	The Path of Glouphrie	I'm ready to take an order now...
Q	The Path of Glouphrie	I managed to find that device.
Q	The Path of Glouphrie	I need your help finding a certain gnome.
Q	The Path of Glouphrie	I need your help with a device.
Q	The Path of Glouphrie	No.
Q	The Path of Glouphrie	Where did that crystal bowl come from?
Q	The Path of Glouphrie	Yes.
Q	The Queen of Thieves	Anything I can help with?
Q	The Queen of Thieves	Brutally
Q	The Queen of Thieves	Great! So can I have a reward?
Q	The Queen of Thieves	I don't think I can do it.
Q	The Queen of Thieves	I'm looking for a quest.
Q	The Queen of Thieves	Let's talk about my quest.
Q	The Queen of Thieves	Nah.
Q	The Queen of Thieves	No.
Q	The Queen of Thieves	Nope, sounds good to me.
Q	The Queen of Thieves	Nothing thanks.
Q	The Queen of Thieves	Okay.
Q	The Queen of Thieves	Softly
Q	The Queen of Thieves	Well good luck with that.
Q	The Queen of Thieves	What are you doing here?
Q	The Queen of Thieves	What do you know of the Disciples of Yama?
Q	The Queen of Thieves	What's the Kourend Council?
Q	The Queen of Thieves	Yes.
Q	The Red Reef	Actually, I'd like to disembark.
N	The Red Reef	Can you sell me something?
Q	The Red Reef	Dialogue 1:
Q	The Red Reef	Dialogue 2:
Q	The Red Reef	Dialogue 3:
N	The Red Reef	Do you make these yourself?
N	The Red Reef	Do you often sell to humans?
Q	The Red Reef	Have you seen Floopa?
Q	The Red Reef	I just need to sort something else out first.
N	The Red Reef	I'll come back another time.
N	The Red Reef	I'll take a look.
N	The Red Reef	I'm good, thanks.
Q	The Red Reef	Let's go.
N	The Red Reef	Let's see what you have.
Q	The Red Reef	No.
N	The Red Reef	No thanks.
N	The Red Reef	Not right now, thanks.
N	The Red Reef	So this isn't your stall?
Q	The Red Reef	Will do.
N	The Red Reef	Would you look after my crops for me?
Q	The Red Reef	Yes.
N	The Red Reef	Yes please.
Q	The Restless Ghost	Any hints where I can find some treasure?
Q	The Restless Ghost	Did he really?
Q	The Restless Ghost	Father Aereck sent me to talk to you.
Q	The Restless Ghost	Goodbye. Thanks for the chat.
Q	The Restless Ghost	He's got a ghost haunting his graveyard.
Q	The Restless Ghost	Hmm... I'm not so sure about that.
Q	The Restless Ghost	Hmm I'm not sure about that.
Q	The Restless Ghost	I don't know. I just wanted this house.
Q	The Restless Ghost	I'm looking for a quest!
Q	The Restless Ghost	I've come to repossess your house.
Q	The Restless Ghost	I've lost the Amulet of Ghostspeak.
Q	The Restless Ghost	My brother had EXACTLY the same problem.
N	The Restless Ghost	Nice place you've got here.
Q	The Restless Ghost	No.
Q	The Restless Ghost	No I can't.
Q	The Restless Ghost	No, you're scary!
Q	The Restless Ghost	No, you sound like you're speaking nonsense to me.
Q	The Restless Ghost	Ooh... THAT'S interesting.
Q	The Restless Ghost	Repeated failure on mortgage repayments.
Q	The Restless Ghost	Sorry, I don't speak ghost.
Q	The Restless Ghost	Thank you. You've been very helpful.
Q	The Restless Ghost	Well, that's friendly.
N	The Restless Ghost	Who's Saradomin?
Q	The Restless Ghost	Wow, this amulet works!
Q	The Restless Ghost	Yeah, that's what I thought.
Q	The Restless Ghost	Yep, clever aren't I?
Q	The Restless Ghost	Yep, now tell me what the problem is.
Q	The Restless Ghost	Yes.
Q	The Restless Ghost	Yes, ok. Do you know why you're a ghost?
Q	The Restless Ghost	You'll have to give me the recipe some time...
Q	The Restless Ghost	You mean he gets himself into lots of problems?
N	The Ribbiting Tale of a Lily Pad Labour Dispute	Can you give me any farming advice?
N	The Ribbiting Tale of a Lily Pad Labour Dispute	Can you sell me something?
N	The Ribbiting Tale of a Lily Pad Labour Dispute	I'll come back another time.
Q	The Ribbiting Tale of a Lily Pad Labour Dispute	No.
N	The Ribbiting Tale of a Lily Pad Labour Dispute	Would you look after my crops for me?
Q	The Ribbiting Tale of a Lily Pad Labour Dispute	Yes.
N	The Slug Menace	Can I buy some armour?
N	The Slug Menace	Can I buy some fishing supplies please?
N	The Slug Menace	Can I switch respawns, please?
N	The Slug Menace	Can you explain the Gaze of Saradomin to me?
Q	The Slug Menace	Cancel
Q	The Slug Menace	Col O'Niall
Q	The Slug Menace	Current Assignment
Q	The Slug Menace	Do you have any jobs for me yet?
Q	The Slug Menace	Do you know you look very ill?
Q	The Slug Menace	Dossier on Witchaven
N	The Slug Menace	Goodbye.
N	The Slug Menace	History
Q	The Slug Menace	I'm here to fish.
Q	The Slug Menace	I'm here to relax.
Q	The Slug Menace	I'm just looking around.
Q	The Slug Menace	No.
Q	The Slug Menace	No, I'm going to stay a while.
Q	The Slug Menace	Nothing at the moment thanks.
Q	The Slug Menace	Okay, let's go back.
Q	The Slug Menace	Previous Assignments
Q	The Slug Menace	Receive Glyph Transcription
Q	The Slug Menace	Related Information
Q	The Slug Menace	Slug Menace.
N	The Slug Menace	Something else.
Q	The Slug Menace	Tell me about the people of Witchaven.
Q	The Slug Menace	Tell me about Witchaven.
Q	The Slug Menace	Tell me again, what's worrying you?
Q	The Slug Menace	That's enough for now.
Q	The Slug Menace	Translations
Q	The Slug Menace	What can you tell me about the shrine?
Q	The Slug Menace	What can you tell me about Witchaven?
N	The Slug Menace	What do you do here?
Q	The Slug Menace	What improvements are you making to the shrine?
Q	The Slug Menace	What's the mission?
Q	The Slug Menace	Who are the important people in Witchaven?
Q	The Slug Menace	Witchaven
Q	The Slug Menace	Yes.
Q	The Slug Menace	You are a bit too strange for me. Bye.
Q	The Slug Menace	You know, you sound just like the mayor?
Q	The Tourist Trap	A hundred it is!
Q	The Tourist Trap	Agility.
Q	The Tourist Trap	All the slaves have broken free!
Q	The Tourist Trap	Attract mine cart drivers attention.
Q	The Tourist Trap	But I just need two minutes of your time?
Q	The Tourist Trap	Can I have a bet on that?
Q	The Tourist Trap	Can I help you at all?
Q	The Tourist Trap	Can I take a look around the place?
Q	The Tourist Trap	Can I use this?
Q	The Tourist Trap	Can't I do something for a strong Captain like you?
Q	The Tourist Trap	Can you get me the heck out of here please?
Q	The Tourist Trap	Can you smuggle me out on your cart?
Q	The Tourist Trap	Can you smuggle my friend Ana out on your cart?
Q	The Tourist Trap	Cheer up, it might never happen.
Q	The Tourist Trap	Consider it done.
Q	The Tourist Trap	Dialogue 1
Q	The Tourist Trap	Dialogue 2
Q	The Tourist Trap	Dialogue 3
Q	The Tourist Trap	Dialogue 4
Q	The Tourist Trap	Dialogue 5
Q	The Tourist Trap	Do you enjoy it down here?
Q	The Tourist Trap	Do you get into trouble with guards often?
Q	The Tourist Trap	Do you have any ideas about how we can get out of here?
Q	The Tourist Trap	Do you have sand in your ears? I said. 'What are you guarding?'
Q	The Tourist Trap	Do you know where Ana went?
Q	The Tourist Trap	Do you know where I could get a tenti pineapple?
Q	The Tourist Trap	Do you want to go back to Al Kharid?
Q	The Tourist Trap	Does the Captain order you to kill a lot of people?
Q	The Tourist Trap	Er, no, one of the slaves told me.
Q	The Tourist Trap	Er no reason! Just wondering.
Q	The Tourist Trap	Er, no thanks, I've had second thoughts about it.
Q	The Tourist Trap	Er nothing really.
Q	The Tourist Trap	Er, yes okay then.
Q	The Tourist Trap	Err, sorry. I thought I was talking to someone else.
Q	The Tourist Trap	Fire! Fire!
Q	The Tourist Trap	Fired... no, shot perhaps!
Q	The Tourist Trap	Fletching.
Q	The Tourist Trap	Forget it!
Q	The Tourist Trap	Good luck!
Q	The Tourist Trap	Goodbye!
Q	The Tourist Trap	Have you got any suggestions?
Q	The Tourist Trap	Hello!
Q	The Tourist Trap	Hey ugly!
Q	The Tourist Trap	How am I going to get some pineapples around here?
Q	The Tourist Trap	How does the rock get out?
Q	The Tourist Trap	How long have you been interested in books?
Q	The Tourist Trap	Huh, fat chance of a rest for me.
Q	The Tourist Trap	Huh, these guards are rubbish, it was easy to sneak past them!
Q	The Tourist Trap	I am looking for a pineapple.
Q	The Tourist Trap	I am looking for Al Zaba Bhasim.
Q	The Tourist Trap	I can mine!
Q	The Tourist Trap	I can try to undo them for you.
Q	The Tourist Trap	I could get you some books!
Q	The Tourist Trap	I could help, I know a lot about carts.
Q	The Tourist Trap	I could tell by the cut of your jib.
Q	The Tourist Trap	I could try to sneak you out if you were in a barrel!
Q	The Tourist Trap	I'd like to mine in a different area.
Q	The Tourist Trap	I'd love to work for a tough guy like you!
Q	The Tourist Trap	I don't know where the alarm is.
Q	The Tourist Trap	I have a key.
Q	The Tourist Trap	I'll bet 10 gold that I win.
Q	The Tourist Trap	I'll bet 15 gold that I win.
Q	The Tourist Trap	I'll bet 20 gold that I win.
Q	The Tourist Trap	I'll bet 5 gold that I win.
Q	The Tourist Trap	I'll try something different instead.
Q	The Tourist Trap	I'm here to take your plans, hand them over now or I'll kill you!
Q	The Tourist Trap	I'm in for murder, so you'd better get me out of here!
Q	The Tourist Trap	I'm looking for a woman called Ana, have you seen her?
Q	The Tourist Trap	I'm lost, can you help me?
Q	The Tourist Trap	I managed to sneak past the guards.
Q	The Tourist Trap	I need to do some other things first.
Q	The Tourist Trap	I need to service your chest.
Q	The Tourist Trap	I said you were very gregarious!
Q	The Tourist Trap	I've just arrived.
Q	The Tourist Trap	I've lost the key!
Q	The Tourist Trap	I've some information for you about Al Zaba Bhasim
Q	The Tourist Trap	I want to try and get you out of here.
Q	The Tourist Trap	I wanted to have a chat?
Q	The Tourist Trap	I was so concerned for your safety that I rushed to save you.
Q	The Tourist Trap	I wonder if you could help me?
Q	The Tourist Trap	In for a penny in for a pound.
Q	The Tourist Trap	Is Al Zaba Bhasim very tough?
Q	The Tourist Trap	Is there anywhere around here that she would go?
Q	The Tourist Trap	It doesn't sound as if you respect your Captain much.
Q	The Tourist Trap	It's a funny captain who can't fight his own battles!
Q	The Tourist Trap	It's a trade secret!
Q	The Tourist Trap	It's down in the lower mines, sound the alarm!
Q	The Tourist Trap	It's funny you should say that...
Q	The Tourist Trap	Maybe? I'll come back to you when I have a plan.
Q	The Tourist Trap	Nice cart.
Q	The Tourist Trap	No
Q	The Tourist Trap	No, I'm new here!
Q	The Tourist Trap	No, I've got other plans.
Q	The Tourist Trap	No, not just yet.
Q	The Tourist Trap	No, sorry.
Q	The Tourist Trap	No thanks.
Q	The Tourist Trap	No thanks, I can manage.
Q	The Tourist Trap	No thanks, it looks pretty dangerous.
Q	The Tourist Trap	Not at the moment.
Q	The Tourist Trap	Not much sailing to be done around here though?
Q	The Tourist Trap	Not to mention the senseless waste of human life.
Q	The Tourist Trap	Not yet, have you been in any more trouble with the guards?
Q	The Tourist Trap	Not yet, sorry, what's your name again?
Q	The Tourist Trap	Nothing thanks - sorry for disturbing you.
Q	The Tourist Trap	Oh, I'm not supposed to be here at all actually.
Q	The Tourist Trap	Oh, I've been here ages.
Q	The Tourist Trap	Oh my, a dragon just flew straight past your window!
Q	The Tourist Trap	Oh, nothing.
Q	The Tourist Trap	Oh, okay, sorry.
Q	The Tourist Trap	Oh, that's a shame.
Q	The Tourist Trap	Oh yes, that sounds interesting.
Q	The Tourist Trap	Oh yes, you're right, they must have put it out!
Q	The Tourist Trap	Ok, thanks.
Q	The Tourist Trap	Okay, I'll be moving along then.
Q	The Tourist Trap	Okay, I'll check around for another way to try and get out.
Q	The Tourist Trap	Okay, see ya!
Q	The Tourist Trap	Okay, thanks
Q	The Tourist Trap	Okay, yep, I've got that.
Q	The Tourist Trap	Okay, you caught me out.
Q	The Tourist Trap	'One good turn deserves another'
Q	The Tourist Trap	One wagon wheel says to the other, 'I'll see you around'.
Q	The Tourist Trap	Perhaps five gold coins will help you remember?
Q	The Tourist Trap	Perhaps five gold coins will make it my business?
Q	The Tourist Trap	Perhaps these five gold coins will sweeten your mood?
Q	The Tourist Trap	Prepare to die!
Q	The Tourist Trap	Prison riot in ten minutes, get your cart out of here!
Q	The Tourist Trap	Pssssssssttt!!!
Q	The Tourist Trap	Psssssst...
Q	The Tourist Trap	Psssst...
Q	The Tourist Trap	Pssst...
Q	The Tourist Trap	Shhshhh!
Q	The Tourist Trap	Smithing.
Q	The Tourist Trap	So, you're interested in sailing?
Q	The Tourist Trap	Sorry Sir, I don't think I can do that.
Q	The Tourist Trap	That's ridiculous, you're talking rubbish.
Q	The Tourist Trap	That's rude, I ought to teach you some manners.
Q	The Tourist Trap	That sounds awful.
Q	The Tourist Trap	The guard downstairs said you were lonely.
Q	The Tourist Trap	The guards allow me to clean my clothes.
Q	The Tourist Trap	The Tenti's, who are they?
Q	The Tourist Trap	There's ten gold in it for you if you leave now - no questions asked.
Q	The Tourist Trap	Thieving
Q	The Tourist Trap	Unless what?
Q	The Tourist Trap	We could try to sneak out.
Q	The Tourist Trap	Well, er... erm, I err....
Q	The Tourist Trap	Well, I'm working on it, have you got any suggestions?
Q	The Tourist Trap	Well, we'll see, it might be the only way.
Q	The Tourist Trap	Well, you see, it's like this...
Q	The Tourist Trap	What are the Tenti's?
Q	The Tourist Trap	What are those big wooden doors in the corner of the compound?
Q	The Tourist Trap	What are you guarding?
N	The Tourist Trap	What do you have to sell?
Q	The Tourist Trap	What is this place?
Q	The Tourist Trap	What is this thing?
Q	The Tourist Trap	What kind of surprise did you get?
Q	The Tourist Trap	What's it got to do with you?
Q	The Tourist Trap	What's that then?
Q	The Tourist Trap	What's the matter?
Q	The Tourist Trap	What's your name.
Q	The Tourist Trap	Where do you think I should start my search?
N	The Tourist Trap	Where is the Shantay Pass?
Q	The Tourist Trap	Where would I find this Al Zaba Bhasim?
Q	The Tourist Trap	Where would I get one of those barrels from?
N	The Tourist Trap	Who are you?
Q	The Tourist Trap	With my right fist and a good deal of force.
Q	The Tourist Trap	Wow! A real captain!
Q	The Tourist Trap	Yeah, cool!
Q	The Tourist Trap	Yeah, I'll give it another go.
Q	The Tourist Trap	Yeah, okay, let's give it a go.
Q	The Tourist Trap	Yes
Q	The Tourist Trap	Yes actually!
Q	The Tourist Trap	Yes, I can take him on!
Q	The Tourist Trap	Yes. I'd like to try.
Q	The Tourist Trap	Yes, I'll get on.
Q	The Tourist Trap	Yes, I'll trade.
Q	The Tourist Trap	Yes, I'm interested.
Q	The Tourist Trap	Yes, I'm kind of curious.
Q	The Tourist Trap	Yes, I'm very interested.
Q	The Tourist Trap	Yes, of course.
Q	The Tourist Trap	Yes please.
Q	The Tourist Trap	Yes sir, we understand each other perfectly.
Q	The Tourist Trap	Yes sir, you're quite right sir.
Q	The Tourist Trap	You can't leave me here, I'll get killed!
Q	The Tourist Trap	You don't scare me!
Q	The Tourist Trap	You seem to have a lot of books!
Q	The Tourist Trap	You there!
Q	The Tourist Trap	Your head on a stick.
Q	Throne of Miscellania	A much nobler pursuit, to be sure.
Q	Throne of Miscellania	All is well...
Q	Throne of Miscellania	And then what happened?
Q	Throne of Miscellania	And what a great bard he makes!
Q	Throne of Miscellania	And you call yourself an archer?
Q	Throne of Miscellania	Archers are all cowards!
Q	Throne of Miscellania	Archery is a noble art!
Q	Throne of Miscellania	Be still, my heart.
Q	Throne of Miscellania	Beards? Dangerous, flammable and make you look mad!
N	Throne of Miscellania	Can I use your anvil?
Q	Throne of Miscellania	Care to sign my petition for pet frogs?
Q	Throne of Miscellania	Cattle prod? Weapon of choice I reckon.
Q	Throne of Miscellania	Dialogue 1
Q	Throne of Miscellania	Dialogue 2
Q	Throne of Miscellania	Dialogue 3
Q	Throne of Miscellania	Discuss relationship
Q	Throne of Miscellania	Don't threaten me with a dead fish!
Q	Throne of Miscellania	Eyes...ship...sail...what?
Q	Throne of Miscellania	Hahahaha!
Q	Throne of Miscellania	Has anything been happening in the kingdom recently?
Q	Throne of Miscellania	Have you found a priest for our marriage yet?
Q	Throne of Miscellania	He is clearly 1 cup short of a full service.
Q	Throne of Miscellania	He probably deserved it.
Q	Throne of Miscellania	He's been very helpful.
Q	Throne of Miscellania	How am I supposed to gain the trust of the Prince?
Q	Throne of Miscellania	How am I supposed to gain the trust of the Princess?
Q	Throne of Miscellania	How do I gain the support of the population?
Q	Throne of Miscellania	How do I make peace with Etceteria?
Q	Throne of Miscellania	How do I manage the kingdom?
Q	Throne of Miscellania	How inspiring!
Q	Throne of Miscellania	How is the Kingdom faring?
Q	Throne of Miscellania	How poetic.
Q	Throne of Miscellania	Hunting the mighty rabbits outside the castle?
Q	Throne of Miscellania	I don't know why they bother...
Q	Throne of Miscellania	I have a slightly strange request...
Q	Throne of Miscellania	I have heard better drains!
Q	Throne of Miscellania	I'm a little teapot, short and stout...
Q	Throne of Miscellania	I'm glad to hear it.
Q	Throne of Miscellania	I'm having second thoughts about the wedding.
Q	Throne of Miscellania	I'm quite fond of it myself.
Q	Throne of Miscellania	I'm rubber you're glue.........!
Q	Throne of Miscellania	I really don't like him.
Q	Throne of Miscellania	I suppose you don't have much opportunity to.
Q	Throne of Miscellania	I think he's far too grumpy.
Q	Throne of Miscellania	I think my ears are bleeding.
Q	Throne of Miscellania	I think Prince Brand would make the best heir.
Q	Throne of Miscellania	I think Princess Astrid would make the best heir.
Q	Throne of Miscellania	I want to earn Prince Brand's approval.
Q	Throne of Miscellania	I want to earn Prince Brand's approval instead.
Q	Throne of Miscellania	I want to earn Princess Astrid's approval.
Q	Throne of Miscellania	I want to earn Princess Astrid's approval instead.
Q	Throne of Miscellania	I wouldn't presume to have the skill...
Q	Throne of Miscellania	If only you were any good at them...
Q	Throne of Miscellania	Is there anything else you can tell me?
Q	Throne of Miscellania	It's a lovely little country.
Q	Throne of Miscellania	It's boring.
Q	Throne of Miscellania	Lies!!! It's all lies!!!
Q	Throne of Miscellania	Look over there! A King Black Dragon!
Q	Throne of Miscellania	Lumbridge? No, I wouldn't be seen dead there.
Q	Throne of Miscellania	Maybe not.
Q	Throne of Miscellania	Nah, that Kalphite was weedier than your garden.
Q	Throne of Miscellania	Never mind.
Q	Throne of Miscellania	No
Q	Throne of Miscellania	No, I changed my mind.
Q	Throne of Miscellania	No-one's ever heard of you.
Q	Throne of Miscellania	No wonder you turned out like this...
Q	Throne of Miscellania	Not really, but it can't be that hard.
Q	Throne of Miscellania	Not yet, darling
Q	Throne of Miscellania	Not yet, dear
N	Throne of Miscellania	Nothing, thanks.
Q	Throne of Miscellania	Prince Brand, will you marry me?
Q	Throne of Miscellania	Princess Astrid, will you marry me?
Q	Throne of Miscellania	[Random option]
Q	Throne of Miscellania	Selling ring of poverty 30 mil!
Q	Throne of Miscellania	Sneaky sneaky stick da chompy.
Q	Throne of Miscellania	That doesn't even rhyme!
Q	Throne of Miscellania	That's a strange metaphor...
Q	Throne of Miscellania	That's not a saga!
Q	Throne of Miscellania	That's not very enterprising.
Q	Throne of Miscellania	That sounds like a good idea.
Q	Throne of Miscellania	That was awful!
Q	Throne of Miscellania	That was lovely. I'm touched!
Q	Throne of Miscellania	There once was a man from Varrock...
Q	Throne of Miscellania	They don't understand your poetry as I do.
Q	Throne of Miscellania	They're all already married.
Q	Throne of Miscellania	Wait, are you the moth or the mage?
Q	Throne of Miscellania	Well, I've seen better...
Q	Throne of Miscellania	What a silly idea!
Q	Throne of Miscellania	What am I meant to be doing again?
Q	Throne of Miscellania	What art is that?
Q	Throne of Miscellania	What can you tell me about Queen Sigrid?
Q	Throne of Miscellania	What can you tell me about the King?
Q	Throne of Miscellania	What can you tell me about the Prince?
Q	Throne of Miscellania	What can you tell me about the Princess?
Q	Throne of Miscellania	What happened next?
Q	Throne of Miscellania	What level do you need to cook cats?
Q	Throne of Miscellania	Yes
Q	Throne of Miscellania	Yes, I think it's for the best.
Q	Throne of Miscellania	Yes, Your Majesty.
Q	Throne of Miscellania	You monster!
Q	Throne of Miscellania	You're an awful bard.
Q	Throne of Miscellania	You're just afraid of responsibility.
Q	Throne of Miscellania	You should listen to your father.
Q	Throne of Miscellania	You should stick to knitting.
Q	Throne of Miscellania	You should try swordfighting instead.
Q	Throne of Miscellania	You will be the greatest bard!
Q	Tower of Life	10 clay pieces
Q	Tower of Life	10 limestone bricks
Q	Tower of Life	8 clay pieces and 3 limestone bricks
Q	Tower of Life	A brown rug
Q	Tower of Life	Bottle of wine
Q	Tower of Life	Bury them.
Q	Tower of Life	By harnessing the power of the gods!
Q	Tower of Life	By ignition of gas in their belly as they exhale.
Q	Tower of Life	Can't see why not, anything is possible.
Q	Tower of Life	Carry on, it'll fix itself
Q	Tower of Life	Coincidence - there is a lot of loose metal around.
Q	Tower of Life	Cry
Q	Tower of Life	Depends where you are headed, but teleport spells are a safe bet.
Q	Tower of Life	Do a little dance and whistle as loud as you can
Q	Tower of Life	Don't be silly! You'd get burnt!
Q	Tower of Life	Eat, sleep, nothing that exciting.
Q	Tower of Life	Everything has a reason, even if you don't know what it is.
Q	Tower of Life	Fetch a plaster and ointment
Q	Tower of Life	Five
Q	Tower of Life	Fletching, Crafting, Smithing.
Q	Tower of Life	Get some logs and a tinderbox.
Q	Tower of Life	How about Magic and Runecrafting?
Q	Tower of Life	I'd like to think you wouldn't be carrying bones around.
Q	Tower of Life	I'm not really much of a traveller, sorry.
Q	Tower of Life	I'm too laid back to really care, mate.
Q	Tower of Life	It's a simple case of combining materials.
Q	Tower of Life	It's beyond me!
Q	Tower of Life	Logic.
Q	Tower of Life	Magic.
Q	Tower of Life	Never seen one personally.
Q	Tower of Life	No
Q	Tower of Life	Not too sure, I've never seen it happen.
Q	Tower of Life	One
Q	Tower of Life	Opulent curtains
Q	Tower of Life	Orange juice
Q	Tower of Life	People mix together ingredients in vials. The nutrients will help you.
Q	Tower of Life	Perhaps. I've never seen it myself, though.
Q	Tower of Life	Probably a bit of both.
Q	Tower of Life	Run, run as fast as you can.
Q	Tower of Life	Runecraft, enchant jewellery, perform alchemy.
Q	Tower of Life	Sure. Use your brain to tell someone to move it!
Q	Tower of Life	Take some essence to an altar and use a talisman.
Q	Tower of Life	Tea
Q	Tower of Life	That's impossible! No one can do that!
Q	Tower of Life	That's up to you; depends on what you find interesting.
Q	Tower of Life	The colour is starting to fade
Q	Tower of Life	They're ripped and full of holes
Q	Tower of Life	Three
Q	Tower of Life	Through the power of alchemy.
Q	Tower of Life	Torn curtains
Q	Tower of Life	Try some Mining followed by Smithing.
Q	Tower of Life	Turn them into bananas or peaches!
Q	Tower of Life	Well the sun is not actually there, it's where it used to be!
Q	Tower of Life	Whistle a pretty tune
Q	Tower of Life	Whistle for attention
Q	Tower of Life	With the aid of 5 fire runes.
Q	Tower of Life	With the help of the magical dragonstones!
Q	Tower of Life	Yeah, they were cool! Nice one.
Q	Tower of Life	Yep, you can use the Telekinetic Grab spell.
Q	Tower of Life	Yes
Q	Tower of Life	Yes, liquid-filled vials. Big deal.
Q	Tower of Life	Yes, you can make magic potions to boost your skills.
Q	Tower of Life	You have special powers - no surprise seeing how you were created.
Q	Tower of Life	Your legs are getting a bit cold
Q	Tower of Life	Your very existense speaks of mystical forces.
Q	Tree Gnome Village	0001
Q	Tree Gnome Village	0002
Q	Tree Gnome Village	0003
Q	Tree Gnome Village	0004
Q	Tree Gnome Village	Can I help at all?
Q	Tree Gnome Village	Can you show me out of the village?
Q	Tree Gnome Village	I'll leave you to it then.
Q	Tree Gnome Village	I'll try my best.
Q	Tree Gnome Village	I'm sorry but I can't help.
Q	Tree Gnome Village	I'm very sorry.
Q	Tree Gnome Village	I will find the warlord and bring back the orbs.
Q	Tree Gnome Village	No.
Q	Tree Gnome Village	No, I've had enough of your battle.
N	Tree Gnome Village	No thank you.
Q	Tree Gnome Village	No thanks Elkoy.
Q	Tree Gnome Village	Not now, thanks.
Q	Tree Gnome Village	Ok, I'll gather some wood.
Q	Tree Gnome Village	Okay.
Q	Tree Gnome Village	Sorry, I no longer want to be involved.
N	Tree Gnome Village	What have you got?
Q	Tree Gnome Village	Yes.
Q	Tree Gnome Village	Yes please.
Q	Tribal Totem	And what are you doing in Brimhaven?
Q	Tribal Totem	Can I be teleported please?
N	Tribal Totem	Can you teleport me to the Rune Essence?
Q	Tribal Totem	Do you need any help?
Q	Tribal Totem	I'm in search of adventure!
Q	Tribal Totem	No.
Q	Tribal Totem	So... do you garden round the back too?
Q	Tribal Totem	So what have you invented?
Q	Tribal Totem	So, when are you going to deliver this crate?
Q	Tribal Totem	So where is the other block?
Q	Tribal Totem	So... who are you?
Q	Tribal Totem	Thank you, it's interesting in here.
Q	Tribal Totem	That sounds dangerous. Leave me here.
N	Tribal Totem	Two jobs? That's got to be tough.
Q	Tribal Totem	Well done, that's very clever.
Q	Tribal Totem	Who are the GPDT?
Q	Tribal Totem	Who are the Rantuki tribe?
Q	Tribal Totem	Yes.
Q	Tribal Totem	Yes, it's very nice.
Q	Tribal Totem	Yes, that sounds good. Teleport me!
Q	Troll Romance	Aga deserves better than you.
Q	Troll Romance	Awww, you poor troll. What seems to be the problem?
Q	Troll Romance	Can you put some spikes on my Climbing boots?
Q	Troll Romance	Do you know where I can find Trollweiss?
Q	Troll Romance	Errr... I've got to go.
Q	Troll Romance	Hahahahaha... a crying Troll
Q	Troll Romance	How did you grow so big and strong?
Q	Troll Romance	I am here to kill you!
Q	Troll Romance	I need a sled!!
Q	Troll Romance	I've got to go.
Q	Troll Romance	Is it OK if I use your anvil?
Q	Troll Romance	No.
Q	Troll Romance	Nothing, thanks.
Q	Troll Romance	See you!
Q	Troll Romance	So... how's your... um... love life?
Q	Troll Romance	So... what do you think about Ug?
Q	Troll Romance	Talk about a quest.
Q	Troll Romance	Talk about something else.
Q	Troll Romance	That doesn't sound like a very good idea to me!
Q	Troll Romance	Well, got to go... see you.
Q	Troll Romance	Well... you're big and hairy?
Q	Troll Romance	What else do I need?
Q	Troll Romance	What would I need to make such a sled?
Q	Troll Romance	Where can I get swamp tar from?
Q	Troll Romance	Where can I get wax from?
Q	Troll Romance	Yes.
Q	Troll Romance	Your girlfriend said you know where to find Trollweiss?
Q	Troll Stronghold	Can I buy some Climbing boots?
Q	Troll Stronghold	Eek! No thanks.
N	Troll Stronghold	How did you find out about the secret way?
Q	Troll Stronghold	How goes your fight with the trolls?
Q	Troll Stronghold	I accept your challenge!
Q	Troll Stronghold	I'll be going now.
Q	Troll Stronghold	I'm not done yet! Prepare to die!
N	Troll Stronghold	I thought the White Knights controlled Asgarnia?
N	Troll Stronghold	Nice place you have here.
Q	Troll Stronghold	No.
Q	Troll Stronghold	No, thanks.
N	Troll Stronghold	Nothing, thanks!
Q	Troll Stronghold	OK, sounds good.
N	Troll Stronghold	See you about Denulth!
N	Troll Stronghold	What does a Sherpa do?
Q	Troll Stronghold	Why are you called Dad?
Q	Troll Stronghold	Yes.
Q	Troubled Tortugans	Are gryphons a common problem for your people?
Q	Troubled Tortugans	I'd better get to it.
Q	Troubled Tortugans	No.
Q	Troubled Tortugans	Why are humans generally not allowed here?
Q	Troubled Tortugans	Yes.
Q	Twilight's Promise	Could you tell me more about the Church of Ralos?
Q	Twilight's Promise	Could you tell me more about the Sect of Ranul?
Q	Twilight's Promise	Dialogue 1
Q	Twilight's Promise	Dialogue 2
Q	Twilight's Promise	Dialogue 3
Q	Twilight's Promise	Dialogue 4
Q	Twilight's Promise	I'd better get going.
Q	Twilight's Promise	I'd better head down there.
N	Twilight's Promise	I'd like to change Renu's appearance.
Q	Twilight's Promise	I'm meant to be meeting Prince Itzla here.
Q	Twilight's Promise	I'm ready. Let's do this.
Q	Twilight's Promise	I need to go and prepare.
Q	Twilight's Promise	I was told to ask you about getting to the Teomat.
Q	Twilight's Promise	No.
N	Twilight's Promise	No thanks.
Q	Twilight's Promise	Where can I find Outer Fortis?
Q	Twilight's Promise	Where can I find the bazaar?
Q	Twilight's Promise	Where can I find the colosseum?
Q	Twilight's Promise	Where can I find the cothon?
Q	Twilight's Promise	Yes.
N	Twilight's Promise	Yes please.
Q	Underground Pass	5,000, you must be joking!
Q	Underground Pass	Dialogue 1
Q	Underground Pass	Dialogue 2
Q	Underground Pass	Dialogue 3
Q	Underground Pass	Dialogue 4
Q	Underground Pass	Dialogue 5
Q	Underground Pass	Dialogue 6
Q	Underground Pass	Excellent. Do you have a plan in place?
Q	Underground Pass	Have you anymore gauntlets?
Q	Underground Pass	I am. What's our plan?
Q	Underground Pass	I assume you have a plan?
Q	Underground Pass	I'll take my chances.
Q	Underground Pass	I'm just passing through.
Q	Underground Pass	No.
Q	Underground Pass	No thanks.
Q	Underground Pass	No thanks, I'll leave it alone.
Q	Underground Pass	No wonder their breath is so bad!
Q	Underground Pass	Okay then.
Q	Underground Pass	Okay then, I'll take a pair.
Q	Underground Pass	Probably just litter.
Q	Underground Pass	Sounds good. See you later.
Q	Underground Pass	Take care Klank.
Q	Underground Pass	Tell me more...
Q	Underground Pass	What does it say?
Q	Underground Pass	What happened to them?
Q	Underground Pass	What's the deal with your brother again?
Q	Underground Pass	Yes.
Q	Underground Pass	Yes, I'll give it a go.
Q	Vampyre Slayer	Alright, I'll see about paying him a visit.
Q	Vampyre Slayer	I'd best get going.
Q	Vampyre Slayer	I'll go and get you one.
Q	Vampyre Slayer	I need your help dealing with a vampyre.
Q	Vampyre Slayer	I think you've had enough.
Q	Vampyre Slayer	No.
Q	Vampyre Slayer	No. I think you've had enough.
Q	Vampyre Slayer	Not yet. I'd best get going.
Q	Vampyre Slayer	Perfect, thanks.
Q	Vampyre Slayer	So you were once a proper vampyre hunter?
Q	Vampyre Slayer	What do I need to do again?
Q	Vampyre Slayer	What else can you tell me about Count Draynor?
Q	Vampyre Slayer	What else can you tell me about this vampyre?
Q	Vampyre Slayer	Yes.
Q	Vampyre Slayer	Yes, here you go.
Q	Vampyre Slayer	You said no one's ever seen Count Draynor?
N	Wanted!	Ask about buying armour.
Q	Wanted!	Ask about the Wanted! Quest
Q	Wanted!	Buy One
N	Wanted!	Can I switch respawns, please?
Q	Wanted!	Current Assignment
Q	Wanted!	Dialogue 1
Q	Wanted!	Dialogue 10
Q	Wanted!	Dialogue 2
Q	Wanted!	Dialogue 3
Q	Wanted!	Dialogue 4
Q	Wanted!	Dialogue 5
Q	Wanted!	Dialogue 6
Q	Wanted!	Dialogue 7
Q	Wanted!	Dialogue 8
Q	Wanted!	Dialogue 9
Q	Wanted!	Do I really have to quit the Temple Knights?
Q	Wanted!	Do you have any jobs for me yet?
Q	Wanted!	Have One Made
Q	Wanted!	How will all that help?
Q	Wanted!	I don't feel like helping you right now.
Q	Wanted!	No
Q	Wanted!	No, I'm bored now.
Q	Wanted!	No, not right now...
Q	Wanted!	Nothing
Q	Wanted!	Savant
Q	Wanted!	Sure I'll help you!
Q	Wanted!	The Temple Knights
Q	Wanted!	What am I supposed to be doing again?
Q	Wanted!	What does being a Squire entail?
Q	Wanted!	What will I get for helping?
Q	Wanted!	Who is Solus?
Q	Wanted!	Yes
Q	Wanted!	Yes I'm interested.
Q	Wanted!	Yes please!
Q	Watchtower	A nice pizza?
Q	Watchtower	Ar.
Q	Watchtower	Bidith.
Q	Watchtower	But I am a friend to ogres...
Q	Watchtower	But I've lost it!
Q	Watchtower	Can I do anything else for you?
Q	Watchtower	Can I hear the riddle again?
Q	Watchtower	Can you tell me again what I need for the potion?
Q	Watchtower	Cur.
Q	Watchtower	Die, creature!
Q	Watchtower	Do you have any more quests for me?
Q	Watchtower	Do you have any other riddles for me?
Q	Watchtower	Do you have any other tasks for me?
Q	Watchtower	Don't eat me; I can help you.
Q	Watchtower	Forget it, I'm not paying.
Q	Watchtower	Gor.
Q	Watchtower	I am an ogre killer come to destroy you!
Q	Watchtower	I am having difficulty with the tribes.
Q	Watchtower	I am looking for another crystal.
Q	Watchtower	I am now ready for the shamans.
Q	Watchtower	I am still trying to navigate the skavid caves.
Q	Watchtower	I am trying to get into the shamans' cave.
Q	Watchtower	I can't find the relic part you gave me.
Q	Watchtower	I could do something for you...
Q	Watchtower	I don't believe you, hand it over!
Q	Watchtower	I don't know...
Q	Watchtower	I had a crystal but I lost it!
Q	Watchtower	I had another crystal but I lost it.
Q	Watchtower	I have come to kill you.
Q	Watchtower	I have everything under control.
Q	Watchtower	I have found another crystal!
Q	Watchtower	I have lost something the ogres gave to me.
Q	Watchtower	I have lost the key!
Q	Watchtower	I have lost the map you gave me.
Q	Watchtower	I have lost the relic part you gave me.
Q	Watchtower	I have lost the relic you gave me.
Q	Watchtower	I have your gold.
Q	Watchtower	I haven't got it yet.
Q	Watchtower	I'll be back!
Q	Watchtower	I'll be fine without a tinderbox.
Q	Watchtower	I'll come back with a tinderbox.
Q	Watchtower	I lost the scroll you gave me.
Q	Watchtower	I'm not interested in your rantings.
Q	Watchtower	I'm not scared
Q	Watchtower	I seek another task.
Q	Watchtower	I seek entrance to the city of ogres.
Q	Watchtower	I seek passage into the skavid caves
Q	Watchtower	I think I'll stay here
Q	Watchtower	I tire of ogres; prepare to die!
Q	Watchtower	I've lost the crystal you gave me.
Q	Watchtower	I've lost the relic part you gave me.
Q	Watchtower	I want to go in there.
Q	Watchtower	I want to rid the world of ogres!
Q	Watchtower	I will find my way in, no problem.
Q	Watchtower	I won't bother then.
Q	Watchtower	Ig.
Q	Watchtower	It goes well. I can now navigate the skavid caves.
Q	Watchtower	It is going well.
Q	Watchtower	No.
Q	Watchtower	No, I'm still working on it.
Q	Watchtower	Nod.
Q	Watchtower	Not if I can help it.
Q	Watchtower	Oh, okay then.
Q	Watchtower	Okay, I'll pay it.
Q	Watchtower	Okay, okay, I'm going.
Q	Watchtower	Okay, okay, I'm not going to hurt you.
Q	Watchtower	Shall I search the caves?
Q	Watchtower	So how come the spell doesn't work?
Q	Watchtower	So what do I do?
Q	Watchtower	Tanath.
Q	Watchtower	That's okay.
Q	Watchtower	What do you suggest I do?
Q	Watchtower	What's the matter?
Q	Watchtower	Yes.
Q	Watchtower	You will have to kill me first.
Q	Watchtower	You wizards are always complaining.
Q	Waterfall Quest	Can you tell me what happened to the elven king?
Q	Waterfall Quest	Dialogue 1
Q	Waterfall Quest	Dialogue 2
Q	Waterfall Quest	Dialogue 3
Q	Waterfall Quest	Is there treasure under the waterfall?
Q	Waterfall Quest	No.
Q	Waterfall Quest	Thanks, goodbye.
Q	Waterfall Quest	Where else is worth visiting around here?
Q	Waterfall Quest	Yes.
Q	What Lies Below	At ease, soldier!
Q	What Lies Below	Bring it on!
Q	What Lies Below	Can I ask about the diary?
Q	What Lies Below	Can I have another one?
Q	What Lies Below	Can I have another ring?
Q	What Lies Below	Can I have the instructions again?
Q	What Lies Below	Can you tell me of the Dagon'hai?
Q	What Lies Below	Dialogue 1
Q	What Lies Below	Dialogue 10
Q	What Lies Below	Dialogue 2
Q	What Lies Below	Dialogue 3
Q	What Lies Below	Dialogue 4
Q	What Lies Below	Dialogue 5
Q	What Lies Below	Dialogue 6
Q	What Lies Below	Dialogue 7
Q	What Lies Below	Dialogue 8
Q	What Lies Below	Dialogue 9
Q	What Lies Below	Do I still get the gold?
Q	What Lies Below	Do you have anything to trade yet?
Q	What Lies Below	Do you think we can stop Surok?
Q	What Lies Below	Fine! You win this time!
Q	What Lies Below	Go on, then!
N	What Lies Below	Have you any extra stock of battlestaffs I can buy?
Q	What Lies Below	Hey, your cart has no donkey!
Q	What Lies Below	How much gold will I get?
Q	What Lies Below	I have the things you wanted!
Q	What Lies Below	I lost the wand!
N	What Lies Below	I'm looking for a quest!
Q	What Lies Below	I need to ask you something else.
Q	What Lies Below	I've lost that ring I had!
Q	What Lies Below	Is it a BIG secret?
Q	What Lies Below	Never mind, I forgot the question.
Q	What Lies Below	No.
N	What Lies Below	No, thank you.
Q	What Lies Below	No thanks. I have other things to do for now!
N	What Lies Below	Not really.
Q	What Lies Below	Oh dear. Well, I hope you get to Varrock okay!
Q	What Lies Below	Okay, I better go!
Q	What Lies Below	Okay, I'd better go.
Q	What Lies Below	Okay, I need to go!
Q	What Lies Below	Rat Burgiss sent me!
Q	What Lies Below	Remind me what I am doing again?
Q	What Lies Below	Shall I get them back for you?
Q	What Lies Below	So, what next?
Q	What Lies Below	Sorry, who are you?
Q	What Lies Below	That's awful! You're lucky to be alive!
Q	What Lies Below	The papers were the only valuable thing you had?
Q	What Lies Below	We did it! We beat Surok!
Q	What Lies Below	What am I doing again?
Q	What Lies Below	What am I doing now?
Q	What Lies Below	What are my orders again?
Q	What Lies Below	What are you doing here?
Q	What Lies Below	What benefits do I get in the VPSG?
Q	What Lies Below	What tunnel?
Q	What Lies Below	What tunnel were you talking about?
Q	What Lies Below	What, you're still here?
Q	What Lies Below	Where did it come from?
Q	What Lies Below	Where is that tome you mentioned again?
Q	What Lies Below	Where is the safe route?
Q	What Lies Below	Who are you really?
Q	What Lies Below	Who does this statue represent?
Q	What Lies Below	Who is this Sin'keth?
Q	What Lies Below	Why are you here?
Q	What Lies Below	Why did you teleport us?
Q	What Lies Below	Yes.
Q	What Lies Below	Yes, and you have some explaining to do!
Q	What Lies Below	Yes, give me the experience.
Q	What Lies Below	Yes! I have a letter for you.
N	What Lies Below	Yes, please!
Q	What Lies Below	You know, your cart IS kind of small!
Q	What Lies Below	You're in the army now!!
Q	What Lies Below	Your majesty, I think that you should see this letter.
Q	While Guthix Sleeps	About Duradel...
Q	While Guthix Sleeps	About Lucien...
Q	While Guthix Sleeps	About Movario...
Q	While Guthix Sleeps	About that enriched snapdragon...
Q	While Guthix Sleeps	About the heroes...
Q	While Guthix Sleeps	About Turael...
Q	While Guthix Sleeps	Actually, I'll pass.
Q	While Guthix Sleeps	Actually, I need more time to prepare.
N	While Guthix Sleeps	Ahh, leave me alone you crazy killing person.
N	While Guthix Sleeps	Bye!
N	While Guthix Sleeps	Can I buy some armour?
N	While Guthix Sleeps	Can I see your wares?
N	While Guthix Sleeps	Can I switch respawns please?
N	While Guthix Sleeps	Can you explain the Gaze of Saradomin to me?
N	While Guthix Sleeps	Can you tell me a bit about skillcapes?
Q	While Guthix Sleeps	[Charm] You can trust me.
N	While Guthix Sleeps	Could I buy some more pink dye?
Q	While Guthix Sleeps	Could I have that seed?
Q	While Guthix Sleeps	Could you help me make some enriched snapdragon?
Q	While Guthix Sleeps	Could you teleport me to Port Sarim?
Q	While Guthix Sleeps	Could you tell me a bit more about yourself?
Q	While Guthix Sleeps	Could you tell me more about Crux Eqal?
N	While Guthix Sleeps	Could you tell me more about the Guild?
Q	While Guthix Sleeps	Cyrisus.
Q	While Guthix Sleeps	Do we have any more information on what Lucien is up to?
N	While Guthix Sleeps	Do you have any jobs for me yet?
Q	While Guthix Sleeps	Do you know anyone called Darve?
Q	While Guthix Sleeps	Do you mind if I ask you a bit about yourself?
Q	While Guthix Sleeps	Do you think you could help me with broavs?
Q	While Guthix Sleeps	Do you think you could train this broav for me?
N	While Guthix Sleeps	Er... Nothing...
N	While Guthix Sleeps	Goodbye.
N	While Guthix Sleeps	Got any news?
N	While Guthix Sleeps	Have you any rewards for me, or anything to trade?
Q	While Guthix Sleeps	How are you, Harrallak?
Q	While Guthix Sleeps	I'd better get going.
N	While Guthix Sleeps	I'd like a Khali Brew please.
N	While Guthix Sleeps	I don't want any messages reminding me to return here.
N	While Guthix Sleeps	I have news on that assassin who attacked Entrana.
N	While Guthix Sleeps	I'll have a beer please.
Q	While Guthix Sleeps	I'll make my own way there.
Q	While Guthix Sleeps	I lost those robes I was using as a disguise.
N	While Guthix Sleeps	I'm good, thanks.
N	While Guthix Sleeps	I'm here about blessed axes again.
N	While Guthix Sleeps	I'm here to talk about Combat Achievements.
Q	While Guthix Sleeps	I'm ready.
N	While Guthix Sleeps	I need another assignment.
Q	While Guthix Sleeps	I need to talk to you about Lucien.
Q	While Guthix Sleeps	If the player does not have the sketch
Q	While Guthix Sleeps	Is there anything else you can tell me about Movario?
Q	While Guthix Sleeps	Just give me a moment.
Q	While Guthix Sleeps	Let's go.
N	While Guthix Sleeps	Let's talk about the difficulty of my assignments.
N	While Guthix Sleeps	May I buy a Skillcape of Strength, please?
N	While Guthix Sleeps	May I claim my tokens please?
N	While Guthix Sleeps	More options...
Q	While Guthix Sleeps	No.
N	While Guthix Sleeps	No, I'm alright thanks.
Q	While Guthix Sleeps	No, keep it.
Q	While Guthix Sleeps	No, keep them.
N	While Guthix Sleeps	Not now.
N	While Guthix Sleeps	Nothing.
N	While Guthix Sleeps	Okay...
Q	While Guthix Sleeps	Okay, fair enough.
N	While Guthix Sleeps	Quite a place you've got here.
Q	While Guthix Sleeps	So you're filling in for Duradel?
Q	While Guthix Sleeps	So you're filling in for Mazchna?
Q	While Guthix Sleeps	So you're filling in for Turael?
Q	While Guthix Sleeps	Sounds good.
Q	While Guthix Sleeps	Tell me a bit more about yourself, Thaerisk.
N	While Guthix Sleeps	Tell me about your skillcape, please.
N	While Guthix Sleeps	The state of the island.
Q	While Guthix Sleeps	Travel across the chasm.
Q	While Guthix Sleeps	Travel into the chasm.
N	While Guthix Sleeps	What are you doing here?
N	While Guthix Sleeps	What are you doing out here?
N	While Guthix Sleeps	What can I do here?
Q	While Guthix Sleeps	What do you know about the Stone of Jas?
Q	While Guthix Sleeps	What do you think of Akrisae?
Q	While Guthix Sleeps	What do you think of Idria?
Q	While Guthix Sleeps	What do you think of Thaerisk?
N	While Guthix Sleeps	What is that cool cape you're wearing?
N	While Guthix Sleeps	What's a larupia?
Q	While Guthix Sleeps	Why are you wielding a tree branch?
Q	While Guthix Sleeps	Would 500 coins change your mind?
Q	While Guthix Sleeps	Yes.
Q	While Guthix Sleeps	Yes, drop it.
Q	While Guthix Sleeps	Yes, drop them.
N	While Guthix Sleeps	You any good with a sword?
N	While Guthix Sleeps	You tell me a story.
Q	Witch's House	No.
Q	Witch's House	Well if you're not going to answer, I'll go.
Q	Witch's House	What's the matter?
Q	Witch's House	Yes.
Q	Witch's Potion	Goodbye.
Q	Witch's Potion	I am in search of a quest.
Q	Witch's Potion	I've heard that you are a witch.
Q	Witch's Potion	No.
Q	Witch's Potion	Yes.
Q	X Marks the Spot	Can I help?
Q	X Marks the Spot	I could do with some extra help.
Q	X Marks the Spot	I have to go.
Q	X Marks the Spot	I'm good thanks.
Q	X Marks the Spot	I'm looking for a quest.
Q	X Marks the Spot	I'm still working on it.
Q	X Marks the Spot	Sounds good, what should I do?
Q	X Marks the Spot	Well good luck with it.
Q	X Marks the Spot	Who are you?
Q	Zogre Flesh Eaters	Can I help in any way?
Q	Zogre Flesh Eaters	Do you know anything about the undead ogres at Jiggig?
Q	Zogre Flesh Eaters	Do you know Rantz?
Q	Zogre Flesh Eaters	Do you mind if I look around?
Q	Zogre Flesh Eaters	Hmm, sorry, it sounds a bit too dangerous.
Q	Zogre Flesh Eaters	How do I get rid of the disease?
Q	Zogre Flesh Eaters	How do I get rid of the undead ogres?
Q	Zogre Flesh Eaters	How do I remove the effects of the spell from the area?
Q	Zogre Flesh Eaters	How's everything going now?
Q	Zogre Flesh Eaters	I found who's responsible for the Zogres being here.
N	Zogre Flesh Eaters	I have a rather sandy problem that I'd like to palm off on you.
Q	Zogre Flesh Eaters	I have an item that I'd like you to look at.
Q	Zogre Flesh Eaters	I have some items that I'd like you to look at.
Q	Zogre Flesh Eaters	I have some other questions for you.
Q	Zogre Flesh Eaters	I'm here about the sicks...err Zogres
Q	Zogre Flesh Eaters	I'm just looking around thanks.
Q	Zogre Flesh Eaters	I've found out how to cure the disease.
Q	Zogre Flesh Eaters	I've got some information on how to kill the zogres from a distance.
N	Zogre Flesh Eaters	I want to ask about the Magic Guild.
Q	Zogre Flesh Eaters	I want to talk about the quest.
Q	Zogre Flesh Eaters	No, I don't have them yet.
Q	Zogre Flesh Eaters	No, I won't take the money, I'm going to bring you to justice!
Q	Zogre Flesh Eaters	Nope, not yet.
Q	Zogre Flesh Eaters	Ok, I'll check things out then and report back.
Q	Zogre Flesh Eaters	Ok, I'll shut up for two million!
Q	Zogre Flesh Eaters	Ok, thanks.
Q	Zogre Flesh Eaters	Sorry, I have to go.
Q	Zogre Flesh Eaters	Sorry, I have to go now.
Q	Zogre Flesh Eaters	There must be a way to cure this disease!
Q	Zogre Flesh Eaters	There must be an easier way to kill these zogres!
Q	Zogre Flesh Eaters	What are the requirements to get in the Wizards' Guild?
Q	Zogre Flesh Eaters	What are Zogres?
Q	Zogre Flesh Eaters	What did you say I should do?
Q	Zogre Flesh Eaters	What do you do?
Q	Zogre Flesh Eaters	What do you do in the Guild?
Q	Zogre Flesh Eaters	What do you mean sickies?
Q	Zogre Flesh Eaters	What is there to do in the Wizards' Guild?
Q	Zogre Flesh Eaters	What was it you wanted me to do again?
Q	Zogre Flesh Eaters	Where is Sithik?
Q	Zogre Flesh Eaters	Why are you much nicer than the Shaman in Gu'Tanoth?
Q	Zogre Flesh Eaters	Why do you call this place Jiggig?
Q	Zogre Flesh Eaters	Why do you spend most of your time in bed?
Q	Zogre Flesh Eaters	Why doesn't Rantz live with the rest of the Ogres?
Q	Zogre Flesh Eaters	Yeah, I have them here!
Q	Zogre Flesh Eaters	Yes, I'm really sure!
Q	Zogre Flesh Eaters	Yes, I want to help you out and find out about the zogres.
M	A Kingdom Divided	alright i ll see you soon|tell me about kourend s royal society|what do you know about rose|what happens when we find rose	Alright. I'll see you soon.
M	A Kingdom Divided	can you take me somewhere|i m looking for a councillor|well good luck	I'm looking for a councillor.
M	A Kingdom Divided	goodbye|how do i get out of here|i have a question about rose|what do you do here|what is this place	I have a question about Rose.
M	A Kingdom Divided	had any councillors shop here recently|no i m fine|okay let s trade|who are you	Had any councillors shop here recently?
M	A Kingdom Divided	had any councillors stay here recently|have you heard any rumours here|i don t want to talk about my pleasure|i m alright thank you|let s see what you ve got	Had any councillors stay here recently?
M	A Kingdom Divided	have you been drinking|i hear your father has an office here|i ll leave you to it|what are these farming patches for|who are you	I hear your father has an office here.
M	A Kingdom Divided	have you heard any rumours here|i don t want to talk about my pleasure|i m alright thank you|let s see what you ve got|so about the councillor	So about the Councillor.
M	A Kingdom Divided	i have a question about that door over there|nevermind bye|why are you down here|you can speak	I have a question about that door over there.
M	A Kingdom Divided	i ll be back later|tell me about kourend s royal society|what do you know about rose|what happens when we find rose	I'll be back later.
M	A Kingdom Divided	i ll have a look around|tell me about kourend s royal society|what do you know about rose|what happens when we find rose	I'll have a look around.
M	A Kingdom Divided	i m looking for sophia hughes|uh i believe i m still using it	I'm looking for Sophia Hughes.
M	A Kingdom Divided	nevermind bye|so about that door over there|why are you down here	So, about that door over there...
M	A Kingdom Divided	nevermind bye|so about the key to that door|why are you down here	So, about the key to that door...
M	A Night at the Theatre	can i get those teleport crystals you mentioned|can we use this bark to find more memories|nothing thanks	Can we use this bark to find more memories?
M	A Night at the Theatre	can i get those teleport crystals you mentioned|did you manage to get any useful memories from verzik|nothing thanks	Did you manage to get any useful memories from Verzik?
M	A Night at the Theatre	can i get those teleport crystals you mentioned|do you have any more memories for us to look at|nothing thanks	Do you have any more memories for us to look at?
M	A Night at the Theatre	can i get those teleport crystals you mentioned|i found a hespori|nothing thanks	I found a hespori.
M	A Night at the Theatre	can i get those teleport crystals you mentioned|i found some of those eggs|nothing thanks	I found some of those eggs.
M	A Night at the Theatre	can i get those teleport crystals you mentioned|i managed to recover ranis head|nothing thanks	I managed to recover Ranis' head.
M	A Night at the Theatre	can i get those teleport crystals you mentioned|nothing thanks|ready to enter the theatre	Ready to enter the Theatre?
M	A Night at the Theatre	can i get those teleport crystals you mentioned|nothing thanks|so about that memory	So about that memory...
M	A Night at the Theatre	can i get those teleport crystals you mentioned|nothing thanks|so we have the eggs now what	So we have the eggs. Now what?
M	A Night at the Theatre	can i get those teleport crystals you mentioned|nothing thanks|so what are we doing with ranis head	So what are we doing with Ranis' head?
M	A Night at the Theatre	can i get those teleport crystals you mentioned|nothing thanks|that memory didn t tell us too much	That memory didn't tell us too much.
M	A Night at the Theatre	can i get those teleport crystals you mentioned|nothing thanks|that memory seemed more useful	That memory seemed more useful.
M	A Night at the Theatre	can i get those teleport crystals you mentioned|nothing thanks|this verzik business kind of feels like it s been a waste of time	This Verzik business kind of feels like it's been a waste of time.
M	A Night at the Theatre	can i get those teleport crystals you mentioned|nothing thanks|verzik she died	Verzik... She died!
M	A Night at the Theatre	can i get those teleport crystals you mentioned|nothing thanks|what s this thing you need from me	What's this thing you need from me?
M	A Night at the Theatre	can i get those teleport crystals you mentioned|nothing thanks|where can i find a hespori	Where can I find a hespori?
M	A Night at the Theatre	can i get those teleport crystals you mentioned|nothing thanks|where can i find ranis	Where can I find Ranis?
M	A Night at the Theatre	can i get those teleport crystals you mentioned|nothing thanks|where can i find that nest	Where can I find that nest?
M	A Night at the Theatre	got any sulphuric acid|see you later|who are you|why are you here	Got any sulphuric acid?
M	A Porcine of Interest	talk about something else|talk about the bounty	Talk about the bounty.
M	A Tail of Two Cats	ask about bob s parents|talk about something else	Ask about Bob's parents.
M	A Tail of Two Cats	ask about something else|ask about the chores bob set you to do	Ask about the chores Bob set you to do.
M	A Tail of Two Cats	ask the sphinx for help for bob|talk about something else	Ask the Sphinx for help for Bob.
M	A Tail of Two Cats	can you make potions for me|talk about a tail of two cats|talk about something else	Talk about A Tail of Two Cats.
M	A Tail of Two Cats	do you have anything to trade|i d better get going|i have a cat related question	I have a cat related question.
M	A Tail of Two Cats	do you have anything to trade|i d better get going|so about robert the strong	So, about Robert the Strong...
M	Animal Magnetism	can you give me any farming advice|i m here about a quest|i m okay thank you|what are you selling	I'm here about a quest.
M	Animal Magnetism	er nothing|have you any rewards for me or anything to trade|hello i m here about those trees again|i need another assignment|let s talk about the difficulty of my assignments	Hello, I'm here about those trees again.
M	Animal Magnetism	er nothing|have you any rewards for me or anything to trade|i m here about a quest|i need another assignment|let s talk about the difficulty of my assignments	I'm here about a quest.
M	Animal Magnetism	have you any rewards for me or anything to trade|i need another assignment|let s talk about the difficulty of my assignments|more options	More options...
M	Another Slice of H.A.M.	how can i rescue zanik|i ve heard that one of your number has got hold of part of a map|so how is life for the goblins	How can I rescue Zanik?
M	At First Light	are you free to talk about my quest|i d better be off|what do you do here	Are you free to talk about my quest?
M	Below Ice Mountain	a glass of your finest ale please|can you recommend where an adventurer might make his fortune|do you know where i can get some good equipment|hey marley sent me in here for a steak sandwich	Hey, Marley sent me in here for a Steak sandwich.
M	Below Ice Mountain	can you give me any free food|can you sell me any food|i don t want anything from this horrible kitchen|i forgot the recipe to make a steak sandwich	I forgot the recipe to make a Steak sandwich.
M	Below Ice Mountain	can you give me any free food|can you sell me any food|i don t want anything from this horrible kitchen|i ve managed to make myself a steak sandwich	I've managed to make myself a Steak sandwich.
M	Below Ice Mountain	can you give me any free food|can you sell me any food|i don t want anything from this horrible kitchen|i was wondering if you d be able to make me a steak sandwich	I was wondering if you'd be able to make me a Steak sandwich?
M	Below Ice Mountain	go get a job|i m looking for a man named marley have you seen him|is there anything down this alleyway|ok here you go|sorry i haven t got any|who are you	I'm looking for a man named Marley. Have you seen him?
M	Beneath Cursed Sands	about that special item|how is business|i m good thanks|show me what you have	About that special item...
M	Beneath Cursed Sands	about that special item|how s business|i m good thanks|show me what you have	About that special item...
M	Beneath Cursed Sands	do you have that first batch of cure for me|more options|please clean all my herbs|please decant my potions	Do you have that first batch of cure for me?
M	Beneath Cursed Sands	how is business|i m good thanks|show me what you have|what s this special item	What's this special item?
M	Beneath Cursed Sands	i lost that crate you gave me|more options|please clean all my herbs|please decant my potions	I lost that crate you gave me.
M	Beneath Cursed Sands	more options|please clean all my herbs|please decant my potions|what do i need to do to this equipment	What do I need to do to this equipment?
M	Beneath Cursed Sands	more options|please clean all my herbs|please decant my potions|where can i get a lily of the elid	Where can I get a Lily of the Elid?
M	Beneath Cursed Sands	more options|please clean all my herbs|please decant my potions|where do i need to take this crate	Where do I need to take this crate?
M	Between a Rock...	can you tell me more about the library|what do you know about impenetrable rocks	What do you know about impenetrable rocks?
M	Biohazard	can you make clothing suitable for hunting|do you have a spare priest gown|i think i might just leave the perusing for now thanks|okay let s see what you ve got then|what sort of unusual materials did you have in mind	Do you have a spare Priest Gown?
M	Biohazard	impling jars|lamps|your quest	Your quest.
M	Bone Voyage	are you going to sit there all day|can you help me get to crandor island|do you want to trade|ever made any cursed voyages|i m looking for redbeard frank	Ever made any cursed voyages?
M	Bone Voyage	can i buy some housing supplies|i m here on behalf of the museum archaeological team|nothing thanks|planks please|what kind of planks can you make	I'm here on behalf of the museum archaeological team.
M	Bone Voyage	can i buy some housing supplies|i m here on behalf of the museum archaeological team|planks please|what kind of planks can you make	I'm here on behalf of the museum archaeological team.
M	Bone Voyage	can you help me get to crandor island|ever made any cursed voyages|i m looking for redbeard frank|why are you called longbow ben	Ever made any cursed voyages?
M	Bone Voyage	can you make potions for me|talk about bone voyage|talk about something else	Talk about Bone Voyage.
M	Bone Voyage	can you make potions for me|talk about something else	Talk about something else.
M	Bone Voyage	do you know where i could find any treasure|have you any interesting news|how do i get a medallion	Have you any interesting news?
M	Bone Voyage	ever made any cursed voyages|have you got any quests i could do|what are you doing here	Ever made any cursed voyages?
M	Bone Voyage	have you got any decent gossip to share|have you got any good potions to give away|no thanks|talk about bone voyage	Talk about Bone Voyage.
M	Bone Voyage	talk about lucky charms|talk about something else	Talk about lucky charms.
M	Client of Kourend	can i ask you about arceuus|i don t need anything|let s see what you ve got|who are you	Can I ask you about Arceuus?
M	Client of Kourend	can i ask you about hosidius|no i m fine|okay let s trade|who are you	Can I ask you about Hosidius?
M	Client of Kourend	can i ask you about lovakengj|let s trade|no i m fine|who are you	Can I ask you about Lovakengj?
M	Client of Kourend	can i ask you about port piscarilius|i don t need anything right now|let s trade	Can I ask you about Port Piscarilius?
M	Client of Kourend	can i ask you about shayzien|i don t need anything right now|let s trade	Can I ask you about Shayzien?
M	Client of Kourend	can you take me somewhere|could you give me some advice on kourend|have you got any quests for me|where am i exactly	Have you got any quests for me?
M	Client of Kourend	can you take me somewhere|could you tell me more about kourend|let s talk about your client|where am i exactly	Let's talk about your client...
M	Cold War	i m looking for something to kill|i m lost|i need to talk to you about penguins	I need to talk to you about penguins.
M	Contact!	could you tell me more about the lesser gods|i d better get down there	I'd better get down there.
M	Contact!	could you tell me more about the lesser gods|i d better get going	I'd better get going.
M	Contact!	i d like to talk about sq irks|i want to talk to you about sophanem	I want to talk to you about Sophanem.
M	Contact!	i want to talk to you about sophanem|is there anything i can help you with	I want to talk to you about Sophanem.
M	Creature of Fenkenstrain	1001 ways to eat fried gizzards|human taxidermy for nincompoops|practical gardening for the headless|the joy of gravedigging	The Joy of Gravedigging
M	Creature of Fenkenstrain	chimney sweeping on a budget|handy maggot avoidance techniques|my family and other zombies	Handy Maggot Avoidance Techniques
M	Current Affairs	about that duck|i d best be off|what do you have for sale|where abouts do you make deliveries to	About that duck...
M	Current Affairs	about the mayor|i d best be off|what do you have for sale|where abouts do you make deliveries to	About the mayor...
M	Current Affairs	i d best be off|i need to find the mayor of catherby|what do you have for sale|where abouts do you make deliveries to	I need to find the Mayor of Catherby.
M	Current Affairs	i d best be off|the by law has been changed|what do you have for sale|where abouts do you make deliveries to	The by-law has been changed!
M	Current Affairs	i d best be off|what do you have for sale|what s with the duck|where abouts do you make deliveries to	What's with the duck?
M	Current Affairs	i m here about the mayor|let s see what you ve got|sorry but i m not interested	I'm here about the mayor.
M	Darkness of Hallowvale	talk about something else|talk to the king about morytania	Talk to the king about Morytania.
M	Death to the Dorgeshuun	are you planning to do anything about the cave goblins|ok thanks|what kind of organisation is this|who are you and what do you do here	Are you planning to do anything about the cave goblins?
M	Death to the Dorgeshuun	can i sell you some ore|can you show me the way out of the mines|what happened to your arm|what is this favour|why do the dorgeshuun live underground	What is this favour?
M	Defender of Varrock	can i use the forge|how do i access the dream theatre|never mind i have no questions for now|what can i do here|what happened to the other imcando dwarves	How do I access the Dream Theatre?
M	Defender of Varrock	can i use the forge|i need your help with a shield|never mind i have no questions for now|what can i do here|what happened to the other imcando dwarves	I need your help with a shield.
M	Defender of Varrock	could i get another pair of gauntlets|i need your help with the zombie invasion|the gauntlets are a family heirloom	I need your help with the zombie invasion.
M	Defender of Varrock	do you have any gauntlets for me|i need your help with the zombie invasion	I need your help with the zombie invasion.
M	Defender of Varrock	do you know where i could find any treasure|have you any interesting news|how do i get a medallion|i need your help with the zombie invasion|talk about fossil island	I need your help with the zombie invasion.
M	Defender of Varrock	do you want to trade|i need your help with a shield|no thanks i m just looking around	I need your help with a shield.
M	Defender of Varrock	have you got any quests for me|other	Other
M	Defender of Varrock	how do i access the dream theatre|i have something i d like you to examine|more options|what can i do here	How do I access the Dream Theatre?
M	Defender of Varrock	i have some information that might be of use in your displays|no thanks|tell me about the museum	I have some information that might be of use in your displays.
M	Demon Slayer	erm i forgot|i am one of the palace guards|the castle has just received its ale delivery|what about the king|yes i know but this is important	Yes I know, but this is important.
M	Demon Slayer	erm i forgot|the castle has just received its ale delivery|there s a demon who wants to invade this city	There's a demon who wants to invade this city.
M	Demon Slayer	i am one of the palace guards|what about the king|yes i know but this is important	Yes I know, but this is important.
M	Demon Slayer	talk about demon slayer|talk about something else	Talk about Demon Slayer.
M	Desert Treasure I	ask about the desert treasure quest|ask about the digsite quest	Ask about the Desert Treasure quest.
M	Desert Treasure I	ask about the diamonds of azzanadra|no|yes	Ask about the Diamonds of Azzanadra
M	Desert Treasure II - The Fallen Empire	can i use the forge|have you seen any archeologists around here|never mind i have no questions for now|what can i do here|what happened to the other imcando dwarves	Have you seen any archeologists around here?
M	Desert Treasure II - The Fallen Empire	can you explain the gaze of saradomin to me|do you have any jobs for me yet|i have news on that assassin who attacked entrana|more options	I have news on that assassin who attacked Entrana.
M	Desert Treasure II - The Fallen Empire	can you teleport me to the rune essence mine|how are things at the temple of the eye|i have news on persten|more options	I have news on Persten.
M	Desert Treasure II - The Fallen Empire	i hear you visited lovakengj recently|sorry i need to go|what do you do here|what is this place	I hear you visited Lovakengj recently.
M	Devious Minds	devious minds|something else	Devious Minds.
M	Dragon Slayer I	are you going to sit there all day|arrr|can you help me get to crandor island|do you want to trade	Can you help me get to Crandor Island?
M	Dragon Slayer I	can i have a quest|what is this place	Can I have a quest?
M	Dragon Slayer I	can you help me get to crandor island|have you got any quests i could do|what are you doing here	Can you help me get to Crandor Island?
M	Dragon Slayer I	can you help me get to crandor island|have you got any quests i could do|why are you called longbow ben	Can you help me get to Crandor Island?
M	Dragon Slayer I	can you impart your wise knowledge to me o oracle|i seek a piece of the map to the island of crandor	I seek a piece of the map to the island of Crandor.
M	Dragon Slayer I	can you sell me a rune platebody|i m not your friend|yes it s a very nice day	Can you sell me a rune platebody?
M	Dragon Slayer I	have you any quests for me|i seek a shield that will protect me from dragonbreath|where can i find money	I seek a shield that will protect me from dragonbreath.
M	Dragon Slayer I	i d rather go to crandor|no thank you|yes please	I'd rather go to Crandor.
M	Dragon Slayer I	i killed the dragon|what is this place	I killed the dragon!
M	Dragon Slayer I	i talked to oziach|what is this place	I talked to Oziach...
M	Dragon Slayer I	i ve heard that one of your number has got hold of part of a map|so how is life for the goblins	I've heard that one of your number has got hold of part of a map.
M	Dragon Slayer I	no thanks ned i don t need any|will you take me to crandor now then|yes i would like some rope	Will you take me to Crandor now, then?
M	Dragon Slayer I	no thanks ned i don t need any|yes i would like some rope|you re a sailor could you take me to crandor	You're a sailor? Could you take me to Crandor?
M	Dragon Slayer I	no thanks|yes i would like to charter a ship|yes who are you	Yes, I would like to charter a ship.
M	Dragon Slayer II	ask about a seal of passage|ask about anything else|ask about the dragon threat|ask about the mountain camp|ask about v s shield	Ask about the dragon threat.
M	Dragon Slayer II	ask about a seal of passage|ask about anything else|ask about the dragonkin fortress|ask about the mountain camp|ask about v s shield	Ask about the dragonkin fortress.
M	Dragon Slayer II	ask about tristan|talk about something else	Ask about Tristan.
M	Dragon Slayer II	ask the sphinx for help with bob s memories|talk about something else	Ask the Sphinx for help with Bob's memories.
M	Dragon Slayer II	bob s memories|cyrisus|nothing|the state of the island	Bob's memories.
M	Dragon Slayer II	can you take me somewhere|have you ever heard of camorra|i m good	Have you ever heard of Camorra?
M	Dragon Slayer II	devices please|i d like information please|i d like to see your stuff for sale please|i ll just head off i think|i need your help with a key piece	I need your help with a key piece.
M	Dragon Slayer II	do you have any news|i m looking for an ancient temple|i ve lost the totem pole you gave me|okay thanks for your help|where are all your people	I'm looking for an ancient temple.
M	Dragon Slayer II	do you know anything about camorra|goodbye|how do i get out of here|what do you do here|what is this place	Do you know anything about Camorra?
M	Dragon Slayer II	do you talk to the sphinx much|i ll leave you to it|what are you doing|where s bob	Where's Bob?
M	Dragon Slayer II	goodbye|have you ever heard of camorra|horologist what does that mean	Have you ever heard of Camorra?
M	Dragon Slayer II	goodbye|how can i gain access to the guild|tell me about the guild	How can I gain access to the Guild?
M	Dragon Slayer II	goodbye|let s talk about my quest|tell me about the guild	Let's talk about my quest.
M	Dragon Slayer II	talk about something else|talk about the dragon threat	Talk about the dragon threat.
M	Dream Mentor	cyrisus in the mine|using the bank	Cyrisus in the mine
M	Dream Mentor	cyrisus|nothing|the state of the island	Cyrisus.
M	Eadgar's Ruse	ask about sanfew serum|ask general questions	Ask general questions.
M	Eagles' Peak	ah you sound like someone who needs a quest doing|where did you get the animals from	Ah, you sound like someone who needs a quest doing!
M	Eagles' Peak	can you make clothing suitable for hunting in|could you make another eagle costume for me|i think i might just leave the perusing for now thanks|what sort of unusual materials did you have in mind	Could you make another eagle costume for me?
M	Eagles' Peak	can you make clothing suitable for hunting in|i think i might just leave the perusing for now thanks|i ve got the feathers and materials you requested|okay lets see what you ve got then|what sort of unusual materials did you have in mind	I've got the feathers and materials you requested.
M	Eagles' Peak	can you make clothing suitable for hunting in|i think i might just leave the perusing for now thanks|okay lets see what you ve got then|well specifically i m after a couple of bird costumes|what sort of unusual materials did you have in mind	Well, specifically I'm after a couple of bird costumes.
M	Eagles' Peak	can you make clothing suitable for hunting in|i think i might just leave the perusing for now thanks|okay lets see what you ve got then|what sort of unusual materials did you have in mind|what was it you needed to make those eagle costumes again	What was it you needed to make those eagle costumes again?
M	Ernest the Chicken	i m looking for a guy called ernest|is this your house|what does this machine do	I'm looking for a guy called Ernest.
M	Ethically Acquired Antiquities	about those notes|can i see your wares|could i buy some more pink dye|i m good thanks	About those notes...
M	Ethically Acquired Antiquities	about xerna s diadem|do you know where i could find any treasure|have you any interesting news|how do i get a medallion|talk about fossil island	About Xerna's Diadem...
M	Ethically Acquired Antiquities	can i see your wares|could i buy some more pink dye|have you seen a grey haired man with a case|i m good thanks	Have you seen a grey-haired man with a case?
M	Ethically Acquired Antiquities	can i see your wares|could i buy some more pink dye|i m good thanks|i managed to decipher those notes	I managed to decipher those notes.
M	Ethically Acquired Antiquities	could you tell me more about religion in varlamore|could you tell me more about that empty display|could you tell me more about the early history of varlamore|could you tell me more about varlamore s recent history|thanks if i have any questions i ll be sure to ask	Could you tell me more about that empty display?
M	Ethically Acquired Antiquities	do you know where i could find any treasure|have you any interesting news|how do i get a medallion|i found xerna s diadem|talk about fossil island	I found Xerna's Diadem...
M	Ethically Acquired Antiquities	do you know where i could find any treasure|have you any interesting news|how do i get a medallion|i m looking for xerna s diadem|talk about fossil island	I'm looking for Xerna's Diadem.
M	Ethically Acquired Antiquities	have you seen a grey haired man with a case|no thanks|yes i would like to charter a ship|yes who are you	Have you seen a grey-haired man with a case?
M	Ethically Acquired Antiquities	have you seen a man with a case|no thanks|yes i would like to charter a ship|yes who are you	Have you seen a man with a case?
M	Ethically Acquired Antiquities	have you seen a man with a case|not right now|yes i would like to charter a ship|yes who are you	Have you seen a man with a case?
M	Ethically Acquired Antiquities	have you seen anybody suspicious around|i d like to change renu s appearance|no thanks|yes please	Have you seen anybody suspicious around?
M	Ethically Acquired Antiquities	i was hoping for some help|just passing through thanks|what do you have	I was hoping for some help.
M	Ethically Acquired Antiquities	just passing through thanks|so about those sails|what do you have	So about those sails...
M	Ethically Acquired Antiquities	no thanks|so about that man with the case|yes i would like to charter a ship|yes who are you	So, about that man with the case.
M	Ethically Acquired Antiquities	not right now|so about that man with the case|yes i would like to charter a ship|yes who are you	So, about that man with the case.
M	Fairytale I - Growing Pains	are you a member of the group of advanced gardeners|can you give me any farming advice|can you sell me something|i ll come back another time|would you look after my crops for me	Are you a member of the Group of Advanced Gardeners?
M	Fairytale I - Growing Pains	ask about the quest|ask about the skillcape of farming	Ask about the quest.
M	Fairytale I - Growing Pains	i need help with fighting a tanglefoot|where can i get clothes like those|who are you and what are you doing here	I need help with fighting a Tanglefoot.
M	Fairytale I - Growing Pains	i was asking you about fighting a tanglefoot|where can i get clothes like those|who are you and what are you doing here	I was asking you about fighting a Tanglefoot...
M	Fairytale II - Cure a Queen	ask about the quest|ask about the skillcape of farming	Ask about the quest.
M	Fairytale II - Cure a Queen	i m just looking around thanks|i m looking for a star flower|who are you	I'm looking for a Star Flower.
M	Fallen From Grace	i m looking for keenan you haven t seen him have you|what am i meant to be doing here	I'm looking for Keenan. You haven't seen him, have you?
M	Family Crest	could you sell me a dragon scimitar|do you want to trade|i m in search of a man named avan fitzharmon	I'm in search of a man named Avan Fitzharmon.
M	Family Crest	how much are they|i m in search of a man named avan fitzharmon|no silk doesn t suit me	I'm in search of a man named Avan Fitzharmon.
M	Family Crest	i m in search of a man named avan fitzharmon|i think i ll give it a miss|yes please	I'm in search of a man named Avan Fitzharmon.
M	Family Crest	i m in search of a man named avan fitzharmon|no thank you that s not my scene|yes please	I'm in search of a man named Avan Fitzharmon.
M	Family Crest	i m in search of a man named avan fitzharmon|no thank you|what have you got	I'm in search of a man named Avan Fitzharmon.
M	Family Crest	i m in search of a man named avan fitzharmon|no thank you|yes please	I'm in search of a man named Avan Fitzharmon.
M	Family Crest	i m in search of a man named avan fitzharmon|no thanks|yes please what are you selling	I'm in search of a man named Avan Fitzharmon.
M	Fight Arena	got any news|i d like a khali brew please|i ll have a beer please|i m good thanks	I'd like a Khali brew please.
M	Forgettable Tale...	a beer please|a dwarven stout please|a fine wine please|a kelda stout please|nothing thanks	A Kelda stout please.
M	Forgettable Tale...	ask about closed off tunnel|ask any other question	Ask about closed off tunnel.
M	Forgettable Tale...	can you help me with a boarded up tunnel|do you have any more tasks for me|it s an honour to meet you|thank you for your time	Can you help me with a boarded up tunnel?
M	Forgettable Tale...	hello there are you alright|i need to know about the red axe	I need to know about the Red Axe...
M	Forgettable Tale...	i d like a beer please|i d like a kelda stout please|i d like some food please|i have to go|who is that man walking around outside	I'd like a Kelda stout please.
M	Forgettable Tale...	talk about kelda hop seeds|talk about multicannon schematics	Talk about Kelda hop seeds.
M	Garden of Tranquillity	can i have some more snowdrop seeds|can you give me any farming advice|can you sell me something|that s all thanks|would you look after my crops for me	Can I have some more snowdrop seeds?
M	Garden of Tranquillity	can i retake the diplomacy test|more	Can I retake the diplomacy test?
M	Garden of Tranquillity	can you give me any farming advice|can you sell me something|do you have any delphinium seeds to spare|that s all thanks|would you look after my crops for me	Do you have any delphinium seeds to spare?
M	Garden of Tranquillity	can you give me any farming advice|can you sell me something|do you have any orchid seeds to spare|that s all thanks|would you look after my crops for me	Do you have any orchid seeds to spare?
M	Garden of Tranquillity	can you give me any farming advice|can you sell me something|do you have any snowdrop seeds to spare|that s all thanks|would you look after my crops for me	Do you have any snowdrop seeds to spare?
M	Garden of Tranquillity	can you give me any farming advice|can you sell me something|do you know how i could grow a white tree|that s all thanks|would you look after my crops for me	Do you know how I could grow a White Tree?
M	Garden of Tranquillity	can you give me any farming advice|can you sell me something|i need to ask you about strong plant cures|that s all thanks|would you look after my crops for me	I need to ask you about strong plant cures.
M	Garden of Tranquillity	can you give me any farming advice|can you sell me something|that s all thanks|what did i agree to do for delphinium seeds|would you look after my crops for me	What did I agree to do for delphinium seeds?
M	Garden of Tranquillity	more|queen ellamaria has sent me to seek your guidance	Queen Ellamaria has sent me to seek your guidance.
M	Heroes' Quest	do you sell gherkins|no thank you|where do you get your karambwan from|yes please	Do you sell Gherkins?
M	Heroes' Quest	i want to find out how to catch a lava eel|let s see what you ve got then|sorry i m not interested	I want to find out how to catch a lava eel.
M	Heroes' Quest	is there any way i can get the rank of master thief|who are all those people in there	Is there any way I can get the rank of master thief?
M	Holy Grail	are you any relation to sir galahad|do you get lonely here on your own|i m on a quest to find the holy grail	I'm on a quest to find the Holy Grail!
M	Land of the Goblins	actually i am happy the colour i am|can you make black or white dye|what do you need to make blue dye|what do you need to make red dye|what do you need to make yellow dye	Can you make black or white dye?
M	Land of the Goblins	can you make dyes for me please|cool do you turn people into frogs|what could you make for me|you mad old witch you can t help me	Can you make dyes for me please?
M	Land of the Goblins	can you turn me into a goblin|cool amulet can i have one|no thanks|sure i ll have a makeover|tell me more about this makeover	Can you turn me into a goblin?
M	Land of the Goblins	could you remove the dye from this goblin mail|what do you need to make blue dye|what do you need to make red dye|what do you need to make yellow dye	Could you remove the dye from this goblin mail?
M	Land of the Goblins	i don t have one of them|i need to catch a hemenster whitefish|what do i need that for	I need to catch a Hemenster Whitefish.
M	Land of the Goblins	thanks|what other colours can you make	Thanks.
M	Lost City	can you tell me about the lost city|no thanks i ll keep hold of my stuff|what can you store|what do you do with the tools you re storing|yes please	Can you tell me about the Lost City?
M	Lunar Diplomacy	about the potion you wanted me to make|have you got anything to trade|i m good thanks bye|it s a very interesting house you have here	About the potion you wanted me to make...
M	Lunar Diplomacy	ask about a seal of passage|ask about anything else|ask for a quest	Ask about a Seal of Passage.
M	Lunar Diplomacy	have you got anything to trade|i m good thanks bye|it s a very interesting house you have here|the oneiromancer told me you may be able to help	The Oneiromancer told me you may be able to help...
M	Lunar Diplomacy	i m good thanks bye|it s a very interesting island you have here|what can you sell me|you know the ceremonial clothes	You know the ceremonial clothes?
M	Making Friends with My Arm	about that farming book you had|how s your farming coming along|i ll be back|i m doing another quest for burntmeat	I'm doing another quest for Burntmeat.
M	Making Friends with My Arm	ask about my arm|talk about something else	Ask about My Arm.
M	Making Friends with My Arm	can i transport my arm in your boat|i d like to travel to the iceberg	Can I transport My Arm in your boat?
M	Making Friends with My Arm	can you make potions for me|talk about making friends with my arm|talk about something else	Talk about Making Friends with My Arm.
M	Making History	ask about the outpost|no thank you|yes please	Ask about the outpost.
M	Making History	talk about something else|talk about the outpost	Talk about the outpost.
M	Meat and Greet	about that missing delivery|i ll pass|let s trade	About that missing delivery...
M	Meat and Greet	could i have a look at that locked box|i ll pass|let s trade	Could I have a look at that locked box?
M	Meat and Greet	i ll pass|i m here about a missing delivery|let s trade	I'm here about a missing delivery.
M	Merlin's Crystal	good day|i seek the sword excalibur|who are you	I seek the sword Excalibur.
M	Merlin's Crystal	have you got any black candles|no thank you|yes please	Have you got any black candles?
M	Merlin's Crystal	i want to become a knight of the round table|so what are you doing in gielinor|thank you very much	I want to become a Knight of the Round Table!
M	Merlin's Crystal	i want to get merlin out of the crystal|you re a little full of yourself aren t you	I want to get Merlin out of the crystal.
M	Merlin's Crystal	is that your ship|no thank you|yes	Is that your ship?
M	Monkey Madness II	no|who are you|yes	Who are you?
M	Monkey Madness II	talk about assistant le smith|talk about something else	Talk about Assistant Le Smith.
M	Monkey Madness II	talk about monkey madness ii|talk about something else	Talk about Monkey Madness II.
M	Mountain Daughter	ask about anything else|ask about the mountain camp	Ask about the mountain camp.
M	Mourning's End Part I	could you wash this top for me|i seek knowledge and power|many greetings	Could you wash this top for me?
M	Mourning's End Part I	i have all i need to mend my trousers|no thanks|yes please what are you selling	I have all I need to mend my trousers.
M	Mourning's End Part I	no thanks|what do you need to mend my trousers|yes please what are you selling	What do you need to mend my trousers?
M	Murder Mystery	talk about the fremennik trials|talk about the murder mystery quest	Talk about the Murder Mystery Quest
M	My Arm's Big Adventure	a troll called my arm wants a favour|is there anything interesting to do around here|what do you do here	A troll called My Arm wants a favour...
M	Observatory Quest	talk about the observatory quest|talk about treasure trails	Talk about the Observatory quest.
M	One Small Favour	actually i have a favour to ask|hmm i m interested in a boat trip	Actually I have a favour to ask.
M	One Small Favour	ask about sanfew serum|ask questions relating to eadgar|hi there the gnome pilot has agreed to take you to see the ogres	Hi there, the Gnome Pilot has agreed to take you to see the ogres!
M	One Small Favour	can you make potions for me|talk about one small favour|talk about something else	Talk about One Small Favour.
M	One Small Favour	can you teleport me to the rune essence mine|i have that iron oxide you asked for|so what have you invented|two jobs that s got to be tough	I have that iron oxide you asked for!
M	One Small Favour	can you teleport me to the rune essence mine|i need another animate rock spell|so what have you invented|two jobs that s got to be tough	I need another animate rock spell.
M	One Small Favour	can you teleport me to the rune essence mine|i need to talk to you about a girl stuck in some rock|so what have you invented|two jobs that s got to be tough	I need to talk to you about a girl stuck in some rock!
M	One Small Favour	can you teleport me to the rune essence mine|so what have you invented|two jobs that s got to be tough|what did you want me to do again	What did you want me to do again?
M	One Small Favour	can you teleport me to the rune essence mine|so what have you invented|two jobs that s got to be tough|what should i do now	What should I do now?
M	One Small Favour	chat about antiques store|erm i ve lost the mattress	Erm, I've lost the mattress...
M	One Small Favour	chat about antiques store|i have the mattress	I have the mattress.
M	One Small Favour	chat about antiques store|i ve lost the iron oxide can i have some more	I've lost the iron oxide, can I have some more?
M	One Small Favour	chat about antiques store|what did you want me to do again	What did you want me to do again?
M	One Small Favour	chat about antiques store|what should i do now	What should I do now?
M	One Small Favour	chat about antiques store|wizard cromperty sent me to get some iron oxide	Wizard Cromperty sent me to get some iron oxide.
M	One Small Favour	chat about gliders|how was that tea	How was that tea?
M	One Small Favour	chat about gliders|i have a special tea here for you from sanfew	I have a special tea here for you from Sanfew!
M	One Small Favour	chat about gliders|sanfew asked me to come and talk to you	Sanfew asked me to come and talk to you.
M	One Small Favour	chat|claim free pure essence	Chat.
M	One Small Favour	do you have any interesting items for sale|here s the red mahogany you asked for|hmm sorry not interested|tell me about this antiques business	Here's the red mahogany you asked for.
M	One Small Favour	do you have any interesting items for sale|hmm sorry not interested|tell me about this antiques business|what was i supposed to do again	What was I supposed to do again?
M	One Small Favour	do you have any quests|hello what is this place|hi again what should i do now|ok thanks|what do you do here	Hi again, what should I do now?
M	One Small Favour	do you have any quests|hello what is this place|hi can you give me a weather forecast|what do you do here	Hi, can you give me a weather forecast?
M	One Small Favour	do you have any quests|hello what is this place|i m fixing the weather vane|ok thanks|what do you do here	I'm fixing the weather vane.
M	One Small Favour	do you have any quests|hello what is this place|i ve fixed the weather vane|ok thanks|what do you do here	I've fixed the weather vane!
M	One Small Favour	do you have any quests|hello what is this place|i ve lost the weather report|ok thanks|what do you do here	I've lost the weather report.
M	One Small Favour	do you have any quests|hello what is this place|i ve released petra she should have returned|ok thanks|what do you do here	I've released Petra, she should have returned.
M	One Small Favour	do you have any quests|hello what is this place|ok show me where this weather vane is i want to look at it|ok thanks|what do you do here	Ok, show me where this weather vane is...I want to look at it.
M	One Small Favour	do you have any quests|hello what is this place|ok thanks|what did you need me to do again|what do you do here	What did you need me to do again?
M	One Small Favour	do you sharpen axes|ello|so are you selling something	Do you sharpen axes?
M	One Small Favour	do you want to trade|i have the breathing salts|no thanks i m just looking around	I have the breathing salts.
M	One Small Favour	do you want to trade|i have the five pigeon cages you asked for|no thanks i m just looking around	I have the five pigeon cages you asked for!
M	One Small Favour	do you want to trade|i have the herbal tincture|no thanks i m just looking around	I have the herbal tincture.
M	One Small Favour	do you want to trade|i have the tincture and the breathing salts|no thanks i m just looking around	I have the tincture and the breathing salts.
M	One Small Favour	do you want to trade|i only have a single x pigeon cage s|no thanks i m just looking around	I only have [a single/X] pigeon cage[s].
M	One Small Favour	do you want to trade|i ve lost a chicken cage x of the chicken cages|no thanks i m just looking around	I've lost [a chicken cage/X of the chicken cages]!
M	One Small Favour	do you want to trade|no thanks i m just looking around|what did you want me to do again	What did you want me to do again?
M	One Small Favour	don t worry about jimmy his release is imminent|i m looking for something to kill|i m lost	Don't worry about Jimmy. His release is imminent!
M	One Small Favour	ello|hey how s it going|so are you selling something	Hey, how's it going?
M	One Small Favour	ello|i ve lost that sharpened axe you gave me|so are you selling something	I've lost that sharpened axe you gave me?
M	One Small Favour	ello|i ve returned with good news|so are you selling something	I've returned with good news.
M	One Small Favour	ello|so are you selling something|what did you want me to do again	What did you want me to do again?
M	One Small Favour	general conversation|hello again what should i do now	Hello again, what should I do now?
M	One Small Favour	general conversation|i need to talk to you about a mattress	I need to talk to you about a mattress.
M	One Small Favour	general conversation|i ve lost that filled mattress you gave me	I've lost that filled mattress you gave me!
M	One Small Favour	general conversation|ok i ve helped that gnome he shouldn t bother you anymore	Ok, I've helped that Gnome, he shouldn't bother you anymore.
M	One Small Favour	general conversation|what did you want me to do again	What did you want me to do again?
M	One Small Favour	good news i have your sharpened axe|how do i get into the kharazi jungle|i have a question about my achievement diary|what do you do here|who are you	Good news, I have your sharpened axe!
M	One Small Favour	have you seen any kharazi tribespeople in the jungle|how do i get into the kharazi jungle|i have a question about my achievement diary|i ve lost that red mahogany you gave me|what do you do here	I've lost that red mahogany you gave me!
M	One Small Favour	how do i get into the kharazi jungle|i have a question about my achievement diary|i ve lost your unsharpened axe i need a new one|what do you do here|who are you	I've lost your unsharpened axe, I need a new one.
M	One Small Favour	how do i get into the kharazi jungle|i have a question about my achievement diary|what did you want me to do again|what do you do here|who are you	What did you want me to do again?
M	One Small Favour	i have the weather report for you|i think i might have misplaced that duck|more options|what do you have for sale	I have the weather report for you.
M	One Small Favour	i m back|ok thanks|what kind of organisation is this|who are you and what do you do here	I'm back!
M	One Small Favour	i m looking for hammerspike|ok thanks|what re you doing here|who do you work for	I'm looking for Hammerspike.
M	One Small Favour	i m looking for jimmy the chisel|ok thanks|what kind of organisation is this|who are you and what do you do here	I'm looking for Jimmy the Chisel.
M	One Small Favour	i need to talk t r a s h to you|is that your ship|no thank you|yes	I need to talk T.R.A.S.H. to you.
M	One Small Favour	i think i might have misplaced that duck|more options|what did you want me to do again|what do you have for sale	What did you want me to do again?
M	One Small Favour	is there anything else interesting to do around here|tell me about this antiques business	Is there anything else interesting to do around here?
M	One Small Favour	ok thanks|what kind of organisation is this|who are you and what do you do here|you re in luck i ve managed to swing that chicken deal for you	You're in luck, I've managed to swing that chicken deal for you.
M	Perilous Moons	actually i ve been sent by attala|no thanks|where do you get your runes from|yes please	Actually, I've been sent by Attala.
M	Perilous Moons	i ll get going|i need your help with these talismans|what do you have	I need your help with these talismans.
M	Pirate's Treasure	arr|do you have anything for trade|i m in search of treasure	I'm in search of treasure.
M	Pirate's Treasure	can i get a job here|no thank you|what can you recommend|yes please	Can I get a job here?
M	Prince Ali Rescue	can you make dyes for me please|can you make skin paste|cool do you turn people into frogs|what could you make for me|you mad old witch you can t help me	Can you make skin paste?
M	Prince Ali Rescue	could you make other things apart from rope|no thanks ned i don t need any|yes i would like some rope	Could you make other things apart from rope?
M	Prince Ali Rescue	do you mind if i just kill your warriors|i d better be off|is there anything i can help you with|it s just too hot here how can you stand it	Is there anything I can help you with?
M	Prying Times	about that crate that needs opening|any word from old grog|could you tell me about the pandemonium s one rule|let s see what you have|nothing thanks	About that crate that needs opening...
M	Prying Times	about that crate|any word from old grog|could you tell me about the pandemonium s one rule|let s see what you have|nothing thanks	About that crate...
M	Prying Times	about that job you wanted doing|any word from old grog|could you tell me about the pandemonium s one rule|let s see what you have|nothing thanks	About that job you wanted doing...
M	Prying Times	any word from old grog|could you tell me about the pandemonium s one rule|got any work that needs doing here|let s see what you have|nothing thanks	Got any work that needs doing here?
M	Prying Times	any word from old grog|could you tell me about the pandemonium s one rule|i delivered that cargo for you|let s see what you have|nothing thanks	I delivered that cargo for you.
M	Prying Times	any word from old grog|could you tell me about the pandemonium s one rule|i made that special key you needed|let s see what you have|nothing thanks	I made that 'special key' you needed.
M	Prying Times	any word from old grog|could you tell me about the pandemonium s one rule|let s get this crate open|let s see what you have|nothing thanks	Let's get this crate open.
M	Prying Times	can you help me make another crowbar|can you make me another of sir vyvin s swords|what is that cape you re wearing	Can you help me make another crowbar?
M	Prying Times	can you make me another of sir vyvin s swords|i need some help with a special key|what is that cape you re wearing	I need some help with a 'special key'.
M	Prying Times	can you make me another of sir vyvin s swords|so can you help me make a crowbar|what is that cape you re wearing	So, can you help me make a crowbar?
M	Ratcatchers	do you have any more kittens|i ll be off see you another time	I'll be off. See you another time.
M	Ratcatchers	i want to talk to you about animal charming|wow a snake charmer can i have a go can i have a go please	I want to talk to you about animal charming.
M	Recipe for Disaster - Evil Dave	defeating the culinaromancer|protecting evil dave|protecting the dwarf|protecting the goblins|protecting the lumbridge guide|protecting the monkey|protecting the ogre|protecting the pirate|protecting the sir amik varze	Protecting Evil Dave
M	Recipe for Disaster - Evil Dave	how did dave come to be evil|i haven t been able to make some stew that dave likes yet|what s it like living so close to the wilderness	I haven't been able to make some stew that Dave likes yet.
M	Recipe for Disaster - Evil Dave	how did dave come to be evil|what s happened to my cat|what s it like living so close to the wilderness|yes	Yes
M	Recipe for Disaster - King Awowogei	defeating the culinaromancer|protecting evil dave|protecting the dwarf|protecting the goblins|protecting the lumbridge guide|protecting the monkey|protecting the ogre|protecting the pirate|protecting the sir amik varze	Protecting the Monkey
M	Recipe for Disaster - Lumbridge Guide	ask about helping the lumbridge guide|talk about other issues	Ask about helping the Lumbridge Guide.
M	Recipe for Disaster - Lumbridge Guide	defeating the culinaromancer|protecting evil dave|protecting the dwarf|protecting the goblins|protecting the lumbridge guide|protecting the monkey|protecting the ogre|protecting the pirate|protecting the sir amik varze	Protecting the Lumbridge Guide
M	Recipe for Disaster - Mountain Dwarf	defeating the culinaromancer|protecting evil dave|protecting the dwarf|protecting the goblins|protecting the lumbridge guide|protecting the monkey|protecting the ogre|protecting the pirate|protecting the sir amik varze	Protecting the Dwarf
M	Recipe for Disaster - Mountain Dwarf	what ales are you serving|what can you tell me about dwarves and ale	What can you tell me about dwarves and ale?
M	Recipe for Disaster - Pirate Pete	protecting the dwarf|protecting the goblins|protecting the pirate	Protecting the Pirate
M	Recipe for Disaster - Pirate Pete	talk about recipe for disaster|talk about something else	Talk about Recipe for Disaster.
M	Recipe for Disaster - Sir Amik Varze	biggest baddest|poison and how to survive it|random events|the evil chicken|wealth through slaughter	The Evil Chicken
M	Recipe for Disaster - Sir Amik Varze	could i have some free stuff please|could you check my items for junk please|i d just like to ask you something|is there anything i can do for you|thanks maybe some other time	I'd just like to ask you something.
M	Recipe for Disaster - Sir Amik Varze	defeating the culinaromancer|previous|protecting sir amik varze|protecting the monkey	Protecting Sir Amik Varze
M	Recipe for Disaster - Sir Amik Varze	more|previous|protecting evil dave|protecting the lumbridge guide|protecting the ogre	More...
M	Recipe for Disaster - Skrach Uglogwee	actually i don t need to talk to you sorry|ask about hats|can you tell me how to get jubbly now	Can you tell me how to get Jubbly now?
M	Recipe for Disaster - Skrach Uglogwee	actually i don t need to talk to you sorry|ask about hats|now can you please tell me how to get jubbly	Now can you please tell me how to get Jubbly?
M	Recipe for Disaster - Skrach Uglogwee	actually i don t need to talk to you sorry|ask about hats|ok here i am i guess this is the watery place what now	Ok, here I am...I guess this is the watery place? What now?
M	Recipe for Disaster - Skrach Uglogwee	actually i don t need to talk to you sorry|ask about hats|ok now tell me how to get jubbly	Ok, now tell me how to get Jubbly!
M	Recipe for Disaster - Skrach Uglogwee	actually i don t need to talk to you sorry|ask about hats|ok the boat s ready now tell me how to get a jubbly	Ok, the boat's ready, now tell me how to get a Jubbly?
M	Recipe for Disaster - Skrach Uglogwee	actually i don t need to talk to you sorry|hey i wanted to ask about hats|i m trying to free skrach can you help	I'm trying to free Skrach, can you help?
M	Recipe for Disaster - Skrach Uglogwee	defeating the culinaromancer|protecting evil dave|protecting the dwarf|protecting the goblins|protecting the lumbridge guide|protecting the monkey|protecting the ogre|protecting the pirate|protecting the sir amik varze	Protecting the Ogre
M	Recipe for Disaster - Wartface & Bentnoze	defeating the culinaromancer|protecting evil dave|protecting the dwarf|protecting the goblins|protecting the lumbridge guide|protecting the monkey|protecting the ogre|protecting the pirate|protecting the sir amik varze	Protecting the Goblins
M	Recipe for Disaster/Another Cook's Quest	can i use your range|do you have any other quests for me|i am getting strong and mighty|i keep on dying	Do you have any other quests for me?
M	Recipe for Disaster/Another Cook's Quest	the demon slayer quest|the recipe for disaster quest	The Recipe For Disaster Quest
M	Regicide	impling jars|lamps|your quest	Your quest.
M	Romeo & Juliet	can you make potions for me|talk about something else	Talk about something else.
M	Romeo & Juliet	do you know a potion to make hair fall out|have you got any good potions to give away|no thanks|talk about romeo juliet	Talk about Romeo & Juliet.
M	Royal Trouble	could you show me what you have for sale|no thank you i don t need food just now|what s it like living down here	What's it like living down here?
M	Royal Trouble	good day|what are you doing down here	What are you doing down here?
M	Royal Trouble	hello can i get a ride on your ship|i m looking for a sailor	I'm looking for a sailor...
M	Royal Trouble	how do i manage the kingdom|how is the kingdom faring|what am i meant to be doing again	What am I meant to be doing again?
M	Royal Trouble	i d like to look at what you have for sale|no thank you i m fine|what s it like living down here	What's it like living down here?
M	Royal Trouble	no thank you|what s it like living down here|yes please	What's it like living down here?
M	Royal Trouble	no thanks|what s it like living down here|yes please what are you selling	What's it like living down here?
M	Rune Mysteries	can you teleport me to the rune essence mine|could you tell me about the old wizards tower|i d better get going|who else knows the teleport to the rune essence mine	I'd better get going.
M	Rune Mysteries	have you any quests for me|where can i find money	Have you any quests for me?
M	Rune Mysteries	i ve been sent here with a package for you|oh it s a rune shop no thank you then|yes please	I've been sent here with a package for you.
M	Rune Mysteries	what did you want me to do again|where can i find money	What did you want me to do again?
M	Scorpion Catcher	i could be yes|i ve heard you have a small scorpion in your possession|no i ll pass on that	I've heard you have a small scorpion in your possession.
M	Scorpion Catcher	i need to locate some scorpions|i seek knowledge and power	I need to locate some scorpions.
M	Scorpion Catcher	i seek knowledge and power|i ve retrieved the scorpion from near the spiders	I've retrieved the scorpion from near the spiders.
M	Scorpion Catcher	i seek knowledge and power|where did you say that scorpion was again	Where did you say that scorpion was again?
M	Scrambled!	are you the king|let s see what you have|nothing thanks	Are you the king?
M	Scrambled!	can you heal me i m injured|i d better be off|mumpty rumpty fell off a wall|what are you doing out here	Mumpty Rumpty fell off a wall!
M	Scrambled!	i ve gathered your men|let s see what you have|nothing thanks	I've gathered your men.
M	Scrambled!	let s see what you have|nothing thanks|where can i find your men	Where can I find your men?
M	Scrambled!	let s see what you have|scrumpty numpty fell off a wall	Scrumpty Numpty fell off a wall!
M	Secrets of the North	can i have another copy of that book|can you note this basalt for me|have you seen anything odd around here recently|how are you two doing|i ll be off	Have you seen anything odd around here recently?
M	Secrets of the North	can i have another copy of that book|can you note this basalt for me|how are you two doing|i ll be off|i m meant to be meeting some friends have you seen them	I'm meant to be meeting some... friends... Have you seen them?
M	Secrets of the North	do you know anyone called evelot|got any news|i d like a khali brew please|i ll have a beer please|i m good thanks	Do you know anyone called Evelot?
M	Secrets of the North	do you like it here|have you seen anything odd around here recently|i ll be off|tell me about this place|who are you	Have you seen anything odd around here recently?
M	Shadows of Custodia	about the missing people|let s see what you have|nothing for me thanks	About the missing people...
M	Shadows of Custodia	about the missing people|nothing thanks|what do you have for sale	About the missing people...
M	Sheep Shearer	i m looking for a quest|i m looking for something to kill|i m lost	I'm looking for a quest.
M	Shield of Arrav	about that book where is it again|do you have anything to trade|i d better get going	About that book... Where is it again?
M	Shield of Arrav	any idea where the phoenix gang are based|okay here you go|sorry i haven t got any|who are you	Any idea where the Phoenix Gang are based?
M	Shield of Arrav	can you sell me some furs|can you tell me where i can find the phoenix gang|hello i am in search of a quest	Can you tell me where I can find the Phoenix Gang?
M	Shield of Arrav	do you have anything to trade|i d better get going|i found that book	I found that book.
M	Shield of Arrav	do you have anything to trade|i d better get going|i ve found half of the shield of arrav	I've found half of the Shield of Arrav!
M	Shield of Arrav	do you have anything to trade|i d better get going|okay i ve read that book about the shield of arrav	Okay, I've read that book about the Shield of Arrav.
M	Shield of Arrav	do you have anything to trade|i m in search of a quest|what do you do	I'm in search of a quest.
M	Shield of Arrav	go get a job|i m looking for the black arm gang|sorry i haven t got any|who are you	I'm looking for the Black Arm Gang.
M	Shield of Arrav	i m here about the shield of arrav|not really	I'm here about the Shield of Arrav.
M	Sins of the Father	99 coins that s ridiculous|actually i m no longer thirsty|alright one bloody bracer if that s all you have|what can you tell me about this town|where do you get your bloody bracers from	Where do you get your Bloody Bracers from?
M	Sins of the Father	bye|do you know how he fell ill|you don t look like locals	Do you know how he fell ill?
M	Sins of the Father	do you have another drakan s medallion|i d better get going	I'd better get going.
M	Sins of the Father	do you have another drakan s medallion|i ll go speak to them	I'll go speak to them.
M	Sins of the Father	do you have another drakan s medallion|oh yes i d better go to him	Oh yes, I'd better go to him.
M	Sins of the Father	fair enough talk later|i need another flail	Fair enough. Talk later.
M	Sins of the Father	great i ll get going|i need another flail	Great. I'll get going.
M	Sins of the Father	i ll get started|i need another flail	I'll get started.
M	Sins of the Father	i need another flail|okay i ll get going	Okay. I'll get going.
M	Sins of the Father	i need another flail|see you later	See you later.
M	Sins of the Father	i need another flail|will do	Will do.
M	Song of the Elves	ask about the outpost|i m here to tell you about some new taxes|no thank you|yes please	I'm here to tell you about some new taxes.
M	Song of the Elves	can you give me a handy tip please|could you help me tell people about some new taxes|tell me about player moderators|tell me about the rules of conduct	Could you help me tell people about some new taxes?
M	Song of the Elves	can you move my house please|can you redecorate my house please|i m here to tell you about some new taxes|more options	I'm here to tell you about some new taxes.
M	Song of the Elves	could i buy some crystal equipment|i ll leave you to prepare	I'll leave you to prepare.
M	Song of the Elves	could you enchant something for me|i d better get going	I'd better get going.
M	Song of the Elves	have you anymore gauntlets|take care klank	Take care Klank.
M	Song of the Elves	i m here to tell you about some new taxes|i m interested|sorry i m not interested	I'm here to tell you about some new taxes.
M	Song of the Elves	i m here to tell you about some new taxes|i ve lost a pet have you got it|more options|tell me about pet insurance	I'm here to tell you about some new taxes.
M	Song of the Elves	i m here to tell you about some new taxes|let s see what you have|no thank you	I'm here to tell you about some new taxes.
M	Song of the Elves	i m here to tell you about some new taxes|let s see what you ve got|nothing thanks	I'm here to tell you about some new taxes.
M	Song of the Elves	i m here to tell you about some new taxes|no i ve come to the wrong place|oh that sounds interesting	I'm here to tell you about some new taxes.
M	Song of the Elves	i m here to tell you about some new taxes|no thanks|yes please	I'm here to tell you about some new taxes.
M	Song of the Elves	i m here to tell you about some new taxes|okay	I'm here to tell you about some new taxes.
M	Spirits of the Elid	cool i d like to buy some|how do you stop your icy snacks melting|i am trying to find out the cause of this town s curse|no thanks i m not interested	I am trying to find out the cause of this town's curse.
M	Spirits of the Elid	i think i ll give it a miss|ok i ll buy some|that s extortionate why so much	That's extortionate! Why so much?
M	Swan Song	about those enchanted secateurs again|i need help with saving a fishing colony|where can i get clothes like those|who are you and what are you doing here	I need help with saving a fishing colony.
M	Swan Song	about those enchanted secateurs again|i ve spoken to the master crafter|where can i get clothes like those	I've spoken to the master crafter...
M	Swan Song	about those enchanted secateurs again|what was it you said you d need to help me save the colony|where can i get clothes like those	What was it you said you'd need to help me save the Colony?
M	Swan Song	more|you asked me to get some runes	You asked me to get some runes.
M	Swan Song	more|you used to be a famous adventurer didn t you	You used to be a famous adventurer, didn't you?
M	Tale of the Righteous	goodbye|how do i get out of here|i have a question about king shayzien vii|what do you do here|what is this place	I have a question about King Shayzien VII.
M	Tale of the Righteous	i don t know what can you do for me|i have a question about king shayzien vii	I have a question about King Shayzien VII.
M	Temple of the Eye	about that incantation your initiate gave me|can you tell me more about the abyss|can you tell me more about your group	About that incantation your initiate gave me...
M	Temple of the Eye	about that incantation|i need your help with something|sorry i ll go|what are you doing here|why not	About that incantation...
M	Temple of the Eye	are the others through the portal|can you teleport me to the rune essence mine|could you tell me about the old wizards tower|nothing thanks i m just looking around|who else knows the teleport to the rune essence mine	Are the others through the portal?
M	Temple of the Eye	can you help me with that incantation|can you teleport me to the rune essence mine|could you tell me about the old wizards tower|nothing thanks i m just looking around|who else knows the teleport to the rune essence mine	Can you help me with that incantation?
M	Temple of the Eye	can you teleport me to the rune essence mine|could you tell me about the old wizards tower|i need your help with an incantation|nothing thanks i m just looking around|who else knows the teleport to the rune essence mine	I need your help with an incantation.
M	Temple of the Eye	can you teleport me to the rune essence mine|could you tell me about the old wizards tower|nothing thanks i m just looking around|sedridor something s gone wrong|who else knows the teleport to the rune essence mine	Sedridor! Something's gone wrong!
M	Temple of the Eye	can you teleport me to the rune essence mine|could you tell me about the old wizards tower|nothing thanks i m just looking around|so we re ready to perform the incantation|who else knows the teleport to the rune essence mine	So we're ready to perform the incantation?
M	Temple of the Eye	can you teleport me to the rune essence mine|could you tell me about the old wizards tower|okay thanks|who else knows the teleport to the rune essence mine	Okay, thanks.
M	Temple of the Eye	can you tell me more about the abyss|can you tell me more about your group|could you help me with that amulet now|nothing i m just looking around	Could you help me with that amulet now?
M	Temple of the Eye	can you tell me more about the abyss|can you tell me more about your group|i ll be back soon	I'll be back soon.
M	Temple of the Eye	can you tell me more about the abyss|can you tell me more about your group|i need your help with an amulet|nothing i m just looking around	I need your help with an amulet.
M	Temple of the Eye	could i have a strong cup of tea|no thanks|what are you selling|yes please	Could I have a strong cup of tea?
M	Temple of the Eye	could you help me with that amulet now|sorry i ll go|what are you doing here|why not	Could you help me with that amulet now?
M	Temple of the Eye	i d better go|i need your apprentices to help with an incantation|teach me to be a mighty and powerful wizard|what s a thingummywut	I need your apprentices to help with an incantation.
M	Temple of the Eye	i d better go|i think i know what a thingummywut is|teach me to be a mighty and powerful wizard|what s a thingummywut	I think I know what a thingummywut is!
M	Temple of the Eye	i d better go|so your apprentices can help with the incantation|teach me to be a mighty and powerful wizard|what s a thingummywut	So your apprentices can help with the incantation?
M	Temple of the Eye	i need your help with an amulet|i need your help with something|sorry i ll go|what are you doing here|why not	I need your help with an amulet.
M	Temple of the Eye	sorry i ll go|what are you doing here|what do i need to do with this energy|why not	What do I need to do with this energy?
M	The Ascent of Arceuus	tell me about the kourend council|there s been a death in arceuus|time for me to go|who are you	There's been a death in Arceuus.
M	The Blood Moon Rises	how are things with morytania|not really	How are things with Morytania?
M	The Blood Moon Rises	i m not thirsty|one bloody bracer please|we re looking for a friend of ours|what happened to carl	We're looking for a friend of ours.
M	The Corsair Curse	a man called arsen told me he d visited your cave|i ll leave you alone sorry|what is this place	A man called Arsen told me he'd visited your cave.
M	The Corsair Curse	arsen says he gave you a sacred ogre relic|i ll talk to you later|please take me back to rimmington	Arsen says he gave you a sacred ogre relic.
M	The Corsair Curse	i hear you re thinking of firing ithoi|i ll talk to you later|please take me back to rimmington	I hear you're thinking of firing Ithoi.
M	The Corsair Curse	i ll leave you alone sorry|i ve come to return what arsen stole|what is this place	I've come to return what Arsen stole.
M	The Corsair Curse	i ll talk to you later|i ve killed ithoi for poisoning your crew|please take me back to rimmington	I've killed Ithoi for poisoning your crew.
M	The Corsair Curse	i ll talk to you later|i ve ruled out all the corsairs theories|please take me back to rimmington	I've ruled out all the Corsairs' theories...
M	The Corsair Curse	i ll talk to you later|i ve seen ithoi running around he s not sick at all|please take me back to rimmington	I've seen Ithoi running around. He's not sick at all.
M	The Corsair Curse	i ll talk to you later|i ve spoken to some of your crew|please take me back to rimmington	I've spoken to some of your crew.
M	The Corsair Curse	i ll talk to you later|ithoi admits he poisoned the crew|please take me back to rimmington	Ithoi admits he poisoned the crew!
M	The Corsair Curse	i ll talk to you later|please take me back to rimmington|they all have different theories about the curse	They all have different theories about the curse.
M	The Corsair Curse	i ll talk to you later|please take me back to rimmington|you said it began after they d all eaten	You said it began after they'd all eaten.
M	The Dig Site	can you tell me anything about the digsite|can you tell me more about the tools an archaeologist uses|i have something i need checking out|i lost the letter you gave me|no thanks	I lost the letter you gave me.
M	The Eyes of Glouphrie	can you teleport me to the rune essence mine|i can t work out what to do with these discs	I can't work out what to do with these discs!
M	The Eyes of Glouphrie	can you teleport me to the rune essence mine|i m still a bit confused about how to fix oaknock s machine	I'm still a bit confused about how to fix Oaknock's machine.
M	The Eyes of Glouphrie	can you teleport me to the rune essence mine|i think i ve fixed the machine now	I think I've fixed the machine now!
M	The Eyes of Glouphrie	can you teleport me to the rune essence mine|i think oaknock s machine is now unlocked what do i do now	I think Oaknock's machine is now unlocked, what do I do now?
M	The Eyes of Glouphrie	can you teleport me to the rune essence mine|i ve had a look in the other room now	I've had a look in the other room now.
M	The Eyes of Glouphrie	can you teleport me to the rune essence mine|i ve killed all of the spies	I've killed all of the spies.
M	The Eyes of Glouphrie	can you teleport me to the rune essence mine|i ve visited hazelmere he told me all sorts of interesting things	I've visited Hazelmere, he told me all sorts of interesting things.
M	The Eyes of Glouphrie	can you teleport me to the rune essence mine|phew i ve got that machine working now what do i need to do now	Phew! I've got that machine working now. What do I need to do now?
M	The Eyes of Glouphrie	can you teleport me to the rune essence mine|so where do i find this hazelmere chap then	So where do I find this Hazelmere chap then?
M	The Eyes of Glouphrie	can you teleport me to the rune essence mine|something s happened to the machine it s broken	Something's happened to the machine! It's broken!
M	The Eyes of Glouphrie	can you teleport me to the rune essence mine|the machine is broken i suspect sabotage	The machine is broken, I suspect sabotage...!
M	The Eyes of Glouphrie	can you teleport me to the rune essence mine|we were discussing gnome magic	We were discussing gnome magic...
M	The Eyes of Glouphrie	can you teleport me to the rune essence mine|what s that cute creature wandering around	What's that cute creature wandering around?
M	The Eyes of Glouphrie	can you teleport me to the rune essence mine|what should we do about these creatures	What should we do about these creatures?
M	The Feud	i have some questions|no thanks|tell me about ali morrisane|tell me about this magic carpet fleet|yes please	Tell me about Ali Morrisane.
M	The Final Dawn	do you ever get tired of guarding this place|goodbye|i wanted to ask you about your masters|this place is beautiful i thought it was supposed to be a prison	I wanted to ask you about your masters.
M	The Final Dawn	do you ever get tired of guarding this place|goodbye|i wasn t able to stop those cultists|this place is beautiful i thought it was supposed to be a prison	I wasn't able to stop those cultists.
M	The Final Dawn	how are things|i d better get going|so how long has cam torum been around	How are things?
M	The Forsaken Tower	goodbye|i ve been sent to help you|tell me about the doors of dinh|tell me about the wintertodt|tell me about yourself	I've been sent to help you.
M	The Forsaken Tower	goodbye|let s talk about my quest|tell me about the doors of dinh|tell me about the wintertodt|tell me about yourself	Let's talk about my quest.
M	The Fremennik Exiles	ask about a permanent lyre enchantment|ask about v s sigil|nothing|present offering of a single fish	Ask about V's Sigil.
M	The Fremennik Exiles	ask about a seal of passage|ask about anything else|ask about the investigation	Ask about the investigation.
M	The Fremennik Exiles	ask about a seal of passage|ask about anything else|ask about the jormungand	Ask about the Jormungand.
M	The Fremennik Exiles	ask about a seal of passage|ask about anything else|ask for a quest	Ask for a quest.
M	The Fremennik Exiles	have you got anything to trade|i m good thanks bye|i was wondering if you could help me make lunar glass|it s a very interesting house you have here	I was wondering if you could help me make Lunar Glass?
M	The Fremennik Isles	don t mind me|i d like to buy more bank slots|i need to talk to you about tax|previous options	I need to talk to you about tax.
M	The Fremennik Isles	i d like to access my bank account please|i d like to check my pin settings|i d like to collect items please|more options	More options...
M	The Fremennik Trials	talk about the fremennik trials|talk about the murder mystery quest	Talk about the Fremennik Trials
M	The Giant Dwarf	can you help me find an imcando dwarf|can you tell me more about the library	Can you help me find an Imcando dwarf?
M	The Giant Dwarf	can you help me with this ancient axe|what is that cape you re wearing	Can you help me with this ancient axe?
M	The Giant Dwarf	can you tell me more about the library|do you know anything about king alvis clothes	Do you know anything about King Alvis' clothes?
M	The Giant Dwarf	i ll come back another time|would you like a redberry pie	Would you like a redberry pie?
M	The Giant Dwarf	no i m just browsing|yes about those special clothes again|yes what clothes do you have in stock	Yes, about those special clothes again...
M	The Giant Dwarf	no i m just browsing|yes i m looking for some special clothes|yes what clothes do you have in stock	Yes, I'm looking for some special clothes.
M	The Giant Dwarf	no thanks|yes i m looking for a pair of special boots|yes i m looking for some armour	Yes, I'm looking for a pair of special boots.
M	The Giant Dwarf	no thanks|yes i m looking for a particular battleaxe|yes i m looking for some weapons	Yes, I'm looking for a particular battleaxe.
M	The Giant Dwarf	talk about something else|what do you know about the imcando dwarves	What do you know about the Imcando dwarves?
M	The Golem	do you know where i could find any treasure|fossil island|have you any interesting news|how do i get a medallion|i m looking for a statuette recovered from the city of uzer	I'm looking for a statuette recovered from the city of Uzer.
M	The Great Brain Robbery	talk about meat in general|talk about the meat shipment	Talk about the meat shipment
M	The Hand in the Sand	can you help me more|what are the requirements to get in the wizards guild|what do you do in the guild|what is there to do in the wizards guild	Can you help me more?
M	The Hand in the Sand	i have a rather sandy problem that i d like to palm off on you|i m here about the sicks err zogres	I have a rather sandy problem that I'd like to palm off on you.
M	The Hand in the Sand	i ve lost my magical scrying orb|what are the requirements to get in the wizards guild|what do you do in the guild|what is there to do in the wizards guild	I've lost my magical scrying orb!
M	The Hand in the Sand	talk to betty about her shop|talk to betty about the hand in the sand	Talk to Betty about the Hand in the Sand.
M	The Heart of Darkness	about the emissaries|no thanks|yes please	About the Emissaries...
M	The Heart of Darkness	i d like to rent the basement room|let s see what you have|nothing for me thanks|what s with those big gates out there	I'd like to rent the basement room.
M	The Heart of Darkness	i hear you can offer help to those in need|no thanks|yes please	I hear you can offer help to those in need.
M	The Ides of Milk	can you share what makes your cows so productive|can you tell me how to milk a cow|i m fine thanks|who are you	Can you share what makes your cows so productive?
M	The Knight's Sword	about that sword|what is that cape you re wearing|would you like a redberry pie	About that sword...
M	The Knight's Sword	are you an imcando dwarf i need a special sword|what is that cape you re wearing	Are you an Imcando dwarf? I need a special sword.
M	The Knight's Sword	can you make a special sword for me|what is that cape you re wearing	Can you make a special sword for me?
M	The Knight's Sword	can you make that replacement sword now|what is that cape you re wearing|would you like a redberry pie	Can you make that replacement sword now?
M	The Knight's Sword	do you have anything to trade|i m in search of a quest|what do you do|what do you know about the imcando dwarves	What do you know about the Imcando dwarves?
M	The Knight's Sword	thanks for making that sword for me|what is that cape you re wearing|would you like a redberry pie	Thanks for making that sword for me!
M	The Lost Tribe	bob says he saw something in the cellar|have you any quests for me|where can i find money	Bob says he saw something in the cellar
M	The Lost Tribe	bob says he saw something in the cellar|who are you	Bob says he saw something in the cellar.
M	The Lost Tribe	can i use your range|do you have any other quests for me|do you know what happened in the castle cellar|i am getting strong and mighty|i keep on dying	Do you know what happened in the castle cellar?
M	The Lost Tribe	can you repair my items for me|do you know what happened in the castle cellar|give me a quest|have you anything to sell	Do you know what happened in the castle cellar?
M	The Lost Tribe	can you tell me how long i ve been here|do you know what happened in the cellar|i don t know i m lost where am i|i have come to kill everyone in this castle|nothing	Do you know what happened in the cellar?
M	The Lost Tribe	did you know sigmund is a member of ham|have you any quests for me|where can i find money	Did you know Sigmund is a member of HAM?
M	The Lost Tribe	do you have any quests for me|who are you	Do you have any quests for me?
M	The Lost Tribe	do you have anything to trade|i d better get going|what can you tell me about this brooch	What can you tell me about this brooch?
M	The Lost Tribe	have you any quests for me|i dug through the rubble|where can i find money	I dug through the rubble...
M	The Lost Tribe	have you any quests for me|i found out about the symbol|where can i find money	I found out about the symbol...
M	The Lost Tribe	have you any quests for me|i found the missing silverware in the ham cave|where can i find money	I found the missing silverware in the HAM cave!
M	The Lost Tribe	have you any quests for me|i seek a shield that will protect me from dragonbreath|i spoke to the generals in the goblin village|where can i find money	I spoke to the generals in the goblin village...
M	The Lost Tribe	have you any quests for me|i ve made contact with the cave goblins|where can i find money	I've made contact with the cave goblins...
M	The Lost Tribe	have you any quests for me|what was i doing again|where can i find money	What was I doing again?
M	The Lost Tribe	have you ever heard of the dorgeshuun|so how is life for the goblins	Have you ever heard of the Dorgeshuun?
M	The Lost Tribe	i dug through the rubble|who are you	I dug through the rubble...
M	The Lost Tribe	i found out about the symbol|who are you	I found out about the symbol...
M	The Lost Tribe	i spoke to the generals in the goblin village|who are you	I spoke to the generals in the Goblin Village...
M	The Lost Tribe	tell me about the silverware that was stolen|who are you	Tell me about the silverware that was stolen.
M	The Lost Tribe	what was i doing again|who are you	What was I doing again?
M	The Lost Tribe	who are you|you re a h a m member aren t you	You're a H.A.M. member, aren't you?
M	The Path of Glouphrie	can i use your key|found anything interesting recently|i have a question about your storeroom|i ll leave you to it|i lost that pebble	I have a question about your storeroom.
M	The Path of Glouphrie	can i use your key|found anything interesting recently|i ll leave you to it|i lost that pebble|i managed to find that device	I managed to find that device.
M	The Path of Glouphrie	can i use your key|found anything interesting recently|i ll leave you to it|i lost that pebble|i need your help with a device	I need your help with a device.
M	The Path of Glouphrie	could you remind me of longramble s coordinates|i m ready to take an order now	Could you remind me of Longramble's coordinates?
M	The Path of Glouphrie	i m ready to take an order now|i need your help finding a certain gnome	I need your help finding a certain gnome.
M	The Red Reef	can you sell me something|have you seen floopa|i ll come back another time|would you look after my crops for me	Have you seen Floopa?
M	The Red Reef	do you make these yourself|have you seen floopa|i m good thanks|let s see what you have	Have you seen Floopa?
M	The Red Reef	do you often sell to humans|have you seen floopa|i ll take a look|no thanks	Have you seen Floopa?
M	The Red Reef	have you seen floopa|i m good thanks|let s see what you have	Have you seen Floopa?
M	The Red Reef	have you seen floopa|no thanks|so this isn t your stall|yes please	Have you seen Floopa?
M	The Red Reef	have you seen floopa|not right now thanks|yes please	Have you seen Floopa?
M	The Restless Ghost	i m looking for a quest|nice place you ve got here|who s saradomin	I'm looking for a quest!
M	The Slug Menace	can i buy some armour|can i switch respawns please|can you explain the gaze of saradomin to me|do you have any jobs for me yet|goodbye	Do you have any jobs for me yet?
M	The Slug Menace	history|translations	Translations
M	The Slug Menace	slug menace|something else	Slug Menace.
M	The Tourist Trap	i am looking for a pineapple|what is this place	I am looking for a pineapple.
M	The Tourist Trap	i am looking for a pineapple|what is this place|who are you	I am looking for a pineapple.
M	The Tourist Trap	i am looking for al zaba bhasim|what is this place|who are you	I am looking for Al Zaba Bhasim.
M	Throne of Miscellania	can i use your anvil|i have a slightly strange request|nothing thanks	I have a slightly strange request...
M	Tribal Totem	can you teleport me to the rune essence|so what have you invented|two jobs that s got to be tough	So what have you invented?
M	Troll Stronghold	can i buy some climbing boots|how did you find out about the secret way|nice place you have here|nothing thanks|what does a sherpa do	Can I buy some Climbing boots?
M	Troll Stronghold	how goes your fight with the trolls|i thought the white knights controlled asgarnia|see you about denulth	How goes your fight with the trolls?
M	Twilight's Promise	i d like to change renu s appearance|i was told to ask you about getting to the teomat|no thanks|yes please	I was told to ask you about getting to the Teomat.
M	Twilight's Promise	i was told to ask you about getting to the teomat|no thanks|yes please	I was told to ask you about getting to the Teomat.
M	Wanted!	ask about buying armour|ask about the wanted quest|can i switch respawns please	Ask about the Wanted! Quest
M	What Lies Below	have you any extra stock of battlestaffs i can buy|i need to ask you something else|no thank you|yes please	I need to ask you something else.
M	What Lies Below	have you any extra stock of battlestaffs i can buy|no thank you|rat burgiss sent me|yes please	Rat Burgiss sent me!
M	What Lies Below	have you any extra stock of battlestaffs i can buy|no thank you|we did it we beat surok|yes please	We did it! We beat Surok!
M	What Lies Below	i m looking for a quest|not really|your majesty i think that you should see this letter	Your majesty, I think that you should see this letter.
M	While Guthix Sleeps	about duradel|er nothing|have you any rewards for me or anything to trade|i need another assignment|let s talk about the difficulty of my assignments|tell me about your skillcape please	About Duradel...
M	While Guthix Sleeps	about lucien|er nothing|have you any rewards for me or anything to trade|i need another assignment|let s talk about the difficulty of my assignments	About Lucien...
M	While Guthix Sleeps	about movario|i don t want any messages reminding me to return here|not now|okay|you tell me a story	About Movario...
M	While Guthix Sleeps	about that enriched snapdragon|can i see your wares|could i buy some more pink dye|i m good thanks	About that enriched snapdragon...
M	While Guthix Sleeps	about that enriched snapdragon|can i see your wares|i m good thanks	About that enriched snapdragon...
M	While Guthix Sleeps	about turael|er nothing|have you any rewards for me or anything to trade|i m here about blessed axes again|i need another assignment|let s talk about the difficulty of my assignments	About Turael...
M	While Guthix Sleeps	about turael|er nothing|have you any rewards for me or anything to trade|i need another assignment|let s talk about the difficulty of my assignments	About Turael...
M	While Guthix Sleeps	ahh leave me alone you crazy killing person|do you think you could help me with broavs|what are you doing here|what is that cool cape you re wearing|what s a larupia	Do you think you could help me with broavs?
M	While Guthix Sleeps	ahh leave me alone you crazy killing person|do you think you could train this broav for me|what are you doing here|what is that cool cape you re wearing|what s a larupia	Do you think you could train this broav for me?
M	While Guthix Sleeps	bye|can you tell me a bit about skillcapes|may i claim my tokens please|what can i do here|why are you wielding a tree branch	Why are you wielding a tree branch?
M	While Guthix Sleeps	bye|could you tell me more about the guild|how are you harrallak	How are you, Harrallak?
M	While Guthix Sleeps	bye|i need to talk to you about lucien|quite a place you ve got here|you any good with a sword	I need to talk to you about Lucien.
M	While Guthix Sleeps	can i see your wares|could i buy some more pink dye|could you help me make some enriched snapdragon|i m good thanks	Could you help me make some enriched snapdragon?
M	While Guthix Sleeps	cyrisus|nothing|the state of the island	Cyrisus.
M	While Guthix Sleeps	do you know anyone called darve|got any news|i d like a khali brew please|i ll have a beer please|i m good thanks	Do you know anyone called Darve?
M	While Guthix Sleeps	er nothing|have you any rewards for me or anything to trade|i m here about blessed axes again|i need another assignment|let s talk about the difficulty of my assignments|so you re filling in for turael	So you're filling in for Turael?
M	While Guthix Sleeps	er nothing|have you any rewards for me or anything to trade|i need another assignment|let s talk about the difficulty of my assignments|so you re filling in for duradel|tell me about your skillcape please	So you're filling in for Duradel?
M	While Guthix Sleeps	er nothing|have you any rewards for me or anything to trade|i need another assignment|let s talk about the difficulty of my assignments|so you re filling in for mazchna	So you're filling in for Mazchna?
M	While Guthix Sleeps	er nothing|i need another assignment|i need to talk to you about lucien|let s talk about the difficulty of my assignments	I need to talk to you about Lucien.
M	While Guthix Sleeps	i m here to talk about combat achievements|i need to talk to you about lucien|no i m alright thanks|what are you doing out here	I need to talk to you about Lucien.
M	While Guthix Sleeps	i need to talk to you about lucien|may i buy a skillcape of strength please|more options|what can i do here	I need to talk to you about Lucien.
M	Zogre Flesh Eaters	i have a rather sandy problem that i d like to palm off on you|i m here about the sicks err zogres	I'm here about the sicks...err Zogres
